FIPS,pH,Temperature,Turbidity,Fecal Coliform
01015,7.2840909090909065,17.781818181818178,0.9899999999999999,
01019,7.597297297297284,18.147619047619035,14.46666666666666,271.53846153846155
01023,7.54545454545455,20.272727272727277,,
01047,4.8500000000000005,,,
01049,4.6125,,,
01069,7.7250000000000005,21.450000000000003,3.9499999999999997,
01089,7.7920792079207395,15.330198019801992,8.995454545454548,
01097,6.542653475900005,26.83008437518223,4.046865581675727,131.38984327908378
01099,7.581818181818181,20.554545454545448,,
01101,4.908333333333333,20.46666666666667,2.6499999999999995,
01107,8.200000000000026,18.30625,,
01117,7.900000000000068,16.95789473684212,,
02020,7.57857142857143,5.888888888888889,,
02110,7.6119533527696595,4.2270408163265305,14.823529411764705,
02185,7.976086956521739,5.143478260869568,,
02188,7.449999999999999,10.924999999999997,,
02220,7.274999999999906,5.095941176470535,,
02240,7.954545454545566,9.506871532223707,140.04285714285714,
02270,7.62058823529404,10.296296296296296,80.05,
02290,7.801807802093009,10.6267840152237,254.8904761904762,
04001,8.28,15.059999999999999,,
04003,8.33177419354837,20.49061488673141,2.4,
04005,7.800000000000004,13.355172413793108,0.5075000000000001,1.5
04007,7.936296700300286,23.426775956284278,8954.952781065094,7.571428571428571
04009,8.337499999999999,18.662499999999994,131.29166666666666,10.333333333333334
04012,7.928571428571428,22.75714285714286,17.0,56.5
04013,7.915976331360946,21.260240963855427,14.317857142857141,66.14285714285714
04015,8.078235294117654,13.995857988165683,24.117391304347834,77.25
04017,8.314285714285717,16.511764705882342,,
04019,7.884848484848485,21.200000000000003,13.174999999999999,
04021,8.261971830985898,21.325352112676065,24.60000000000001,10.5
04023,7.4625,18.5,,
04025,8.417145073700489,15.90248640248662,13.058297872340418,6.212765957446808
04027,8.12019230769231,19.062499999999993,3.588888888888889,46.2
05005,7.504589046137192,14.862416913983783,,
05007,7.12578074991735,14.835131534435188,15.667458628841603,11.45
05015,7.318936695396226,12.607214922325591,1.0502380952380956,1.0
05017,7.25,23.9,,
05021,7.625,16.366666666666664,,
05023,6.406116406702022,12.665359618717376,,
05031,7.568421052631583,16.326315789473643,,
05037,7.407534246575346,16.890410958904106,,
05041,7.328571428571423,16.6,,
05049,7.321428571428571,16.271428571428576,,
05051,7.640000000000001,23.5,,
05063,7.324999999999998,14.25,,
05065,7.975000000000006,13.825000000000019,,
05077,7.5,19.5,0.1,
05079,7.357142857142854,16.02857142857143,,
05087,7.895238095238099,15.123809523809552,5.099523809523836,143.28571428571428
05089,7.573136793950767,14.10049770209864,,
05091,8.14285714285716,19.22962962962965,,
05101,7.533461538461525,11.876923076923072,,
05103,7.342857142857142,16.985714285714284,,
05105,6.45,12.385714285714279,13.199999999999998,163.0
05111,7.482692307692302,15.414102564102555,,
05113,7.085714285714289,14.728571428571438,,
05117,7.860000000000003,13.912499999999996,17.0,47.333333333333336
05119,6.8194661190964325,17.687926078028827,16.716304347826075,118.1951219512195
05123,7.344196428571405,15.130803571428592,11.0,
05125,6.574476190476055,12.08090476190457,6.923170731707315,115.29268292682927
05127,7.620000000000001,20.119999999999997,,
05129,7.689133627019163,15.9419970631424,,
05131,7.694736842105282,18.84184210526311,28.428571428571427,13.571428571428571
05135,7.283333333333333,16.766666666666666,,
05137,7.925000000000015,12.749999999999982,,
05143,7.312684545835518,17.637366955330783,13.699163879598757,489.18227424749165
05147,7.377027027027022,15.097297297297288,100.0,
06001,7.441333333333338,19.656164383561638,6.333333333333333,
06003,8.122972972972976,9.372972972972974,4.406250000000001,
06007,7.388461538461538,9.513461538461543,,
06009,4.4750000000000005,19.049999999999997,,
06011,7.36840490797547,9.257668711656416,,
06015,8.400000000000002,21.0,1.8999999999999997,
06017,7.1584956346542,8.483853459972849,0.275,
06019,7.5227272727272725,21.03636363636363,253.71999999999997,
06021,7.575,22.1,5.0,
06023,7.999999999999997,21.75,1.1833333333333333,
06025,8.009722222222218,23.571014492753623,3.625,9.75
06027,8.20866425992779,18.6910348977136,,
06029,7.783999999999999,22.216666666666665,8.733333333333333,
06031,7.760000000000001,20.659999999999997,7.719999999999999,
06035,8.483333333333334,13.75,6.859999999999999,
06037,8.104501607717076,16.800837520938014,,
06039,7.300000000000001,22.124999999999996,4.275,
06043,7.012765957446772,8.575609756097554,,
06047,7.366122448979625,17.434829931972793,3.8285714285714283,
06049,8.046153846153846,6.615384615384615,4.18,
06051,7.59022556390978,14.19135338345865,3.2150000000000007,1.0
06053,8.375000000000007,16.25,64.0,
06057,7.856362941007813,7.963928468968,,
06059,8.428571428571429,,,
06061,7.00343249427919,10.84599542334096,,
06065,8.046352723914989,18.33525581395349,1.3,
06067,7.65376044568244,17.384512534818946,9.819999999999999,
06069,8.874999999999977,24.147058823529413,10.424999999999999,
06071,7.9801687763713,18.693003412969254,1.3325,12.5
06073,7.914897641298795,15.817186108637374,,
06077,7.787814569536348,16.45205298013245,3.4,
06079,7.808928571428571,19.074999999999996,,
06083,7.915148127445515,17.996981553940742,,
06091,8.1,6.0,,
06093,8.326213592233003,20.857843137254903,3.1692307692307695,
06097,7.757142857142858,19.457142857142856,,
06099,7.934042553191419,16.632575201760833,4.196000000000001,
06101,7.711702127659571,13.60942249240122,,
06105,7.983333333333334,18.883333333333333,,
06107,7.633333333333334,20.68666666666666,12.059999999999999,
06111,7.646969696969707,23.054471544715465,,
06115,7.30891438658428,10.603000882612543,,
08001,7.424598930481282,17.016577540106944,,
08005,7.203562340966913,12.91666666666668,,
08007,8.422222222222224,18.17777777777778,6.25,
08011,8.033333333333333,24.5,,
08013,8.310810810810818,5.9428571428571395,,
08015,7.788888888888888,19.25,,
08019,8.00769230769231,6.333333333333333,,
08021,8.554054054054058,13.121621621621621,,
08023,6.0,,,
08025,8.099999999999994,13.166666666666666,,
08029,8.1613414634146,9.876434676434659,124.5125,
08031,8.47366412213734,14.596087786259366,,
08033,6.7,,,
08037,8.445355411954738,7.129079159935376,4.242857142857142,6.494949494949495
08039,7.240624999999998,12.012500000000003,,
08041,8.174144486692207,13.719106463878328,,
08043,8.380000000000003,19.04,,
08045,8.372820993439554,12.022889305816161,4.01,21.916666666666668
08049,6.963257865459466,7.810130183091618,10.165853658536586,
08051,8.115221318879843,8.979584462511339,4.170212765957446,
08053,6.5,,,
08057,6.7963768115942145,13.632116788321163,,
08059,8.17200000000001,9.55199999999999,,
08065,7.788574189710451,5.4281252323939695,,
08067,7.561227090070627,9.702685747892664,17.499999999999996,
08069,7.27228632568289,8.136264522646796,11.415157480314956,
08071,8.31032258064523,19.579784946236607,9.8,
08075,7.271428571428571,14.657142857142858,0.34285714285714286,
08077,8.113915153966197,14.805724688986109,110.00877192982455,2.0
08079,7.630000000000001,9.144444444444444,,
08081,8.323412443874304,16.59544579858886,11.78780487804878,28.43243243243243
08083,8.187351778656133,13.755138339920954,349.8538461538462,
08085,7.983632176344547,9.811070899818704,19.866666666666664,
08087,7.95,13.554166666666662,1.0999999999999999,
08089,8.258974358974358,17.056410256410256,,
08091,8.048611111111082,11.50634920634921,106.55555555555556,45.27777777777778
08093,7.688209606986895,6.5641921397379885,,
08097,7.826800000000011,8.387999999999995,0.69375,8.875
08099,7.950000000000002,19.25,,
08101,8.009806085789226,15.853239838983509,8.281818181818183,
08103,8.329901960784312,12.624222585924702,12.733333333333334,
08105,7.8999999999999995,11.5,,
08107,8.27403651115616,11.379022403258643,59.287499999999994,31.15
08109,7.926368159203998,7.974129353233832,,
08111,6.5518072289156635,6.7185185185185174,20.0,
08113,8.299999999999999,8.8125,18.65,
08115,7.433333333333334,18.466666666666665,0.15000000000000002,
08117,8.138947368421055,9.726315789473684,,
08121,7.050000000000001,15.6,0.1,
08123,8.318025430067113,15.561032161555568,3.385714285714286,
09001,7.828690386071139,14.602876608629828,1.4222641509434142,1516.3254716981132
09003,7.3921848939719395,13.657564927329059,3.4894439764111205,2010.9560067681896
09005,7.761176470588241,14.782352941176471,1.8239999999999998,105.9
09007,7.231818181818188,12.375,2.479722222222224,224.08333333333334
09009,7.519343891402732,15.251131221719458,3.119014084507046,19238.561904761904
09011,7.137121212121216,14.795454545454545,3.587878787878789,360.75
09013,7.122433460076061,13.258555133079849,4.993750000000002,1197.6875
09015,7.2572234762979795,14.260722347629796,5.650835214446956,380.13605442176873
10001,6.333333333333333,15.83333333333333,1.8,
10003,6.166666666666667,14.333333333333334,,
10005,6.125,14.725000000000001,0.64,
11001,6.204761904761905,18.58571428571429,1.8800000000000001,
12001,7.466666666666668,23.799999999999997,1.1666666666666667,
12003,5.966666666666665,22.3,,
12009,7.450000000000045,25.15999999999999,5.2250000000000005,
12017,7.546153846153846,23.126923076923063,0.1,
12019,7.55,24.6,,
12021,7.4105590062111695,24.496894409937887,,
12023,7.65,21.8,160.0,
12027,7.521929824561398,23.446491228070187,,
12029,7.15,24.25,2.6,
12031,7.426258205689305,23.547483588621446,,
12041,7.327777777777775,22.144444444444446,0.1,
12049,7.300000000000002,24.416666666666668,,
12053,7.042152466367715,22.393721973094163,0.25,
12055,6.125000000000003,25.618749999999995,,
12057,7.020273659218656,23.948483189970144,4.059999999999998,131.625
12063,7.825,19.500000000000004,0.22500000000000003,
12067,7.6,23.1,0.7,
12069,7.275148632580276,24.482520808561315,3.184000000000001,
12073,7.557142857142857,22.6,4.8,
12075,7.18,23.21,1.3333333333333333,
12079,7.6499999999999995,22.166666666666668,0.16666666666666666,
12081,6.951851851851847,24.35740740740741,,
12083,7.541592920353982,23.80442477876108,7.959999999999999,
12086,7.724999999999985,25.0,,
12089,7.5124999999999975,23.5,,
12095,7.084050632911381,24.870970464134956,6.5779999999999985,
12097,6.306709956709974,23.336147186147237,1.5683333333333334,
12099,7.6772727272727606,25.40909090909091,,
12101,6.9510309278350375,23.39054982817864,2.4000000000000004,
12103,6.355629139072831,24.88760643330176,0.1,
12105,6.556799999999999,23.217600000000004,1.8399999999999999,
12107,7.824999999999999,26.75,0.2,
12115,7.9,27.6,,
12117,7.625148279952545,24.889323843416403,5.614782608695651,
12119,6.912121212121204,22.909696969696956,2.8333333333333335,
12121,7.233333333333333,23.266666666666666,0.20000000000000004,
12123,7.472727272727273,25.245454545454546,3.3199999999999994,
12125,7.45,22.8,0.1,
12127,7.603125,23.4375,1.1249999999999998,
12129,6.4333333333333345,23.75,4.5,
13007,7.630013831258643,21.336514522821577,8.009734513274342,66.66666666666667
13011,7.271794871794849,14.757142857142847,20.666666666666668,2389.375
13015,7.434210526315728,15.385714285714283,13.099999999999985,458.6666666666667
13021,7.269090909090979,14.886842105263204,11.733333333333348,103.57142857142857
13025,6.755882352941187,20.172222222222217,5.316666666666667,118.63636363636364
13027,6.916981132075456,21.78236259228845,0.6,
13029,5.656410256410283,19.452380952381002,9.23333333333332,123.92857142857143
13031,6.793138297872334,19.001063829787196,6.701729106628222,168.47262247838617
13033,7.1236842105262905,18.141666666666687,6.914430894308945,187.78048780487805
13035,6.847368421052631,15.599999999999971,38.166666666666664,1245.3333333333333
13037,6.9,20.25,4.3,
13043,6.167924528301859,15.92877358490564,7.102631578947368,1272.1052631578948
13045,6.96887850467285,17.721121495327083,25.670918367346953,2430.6666666666665
13047,7.736842105263169,16.261904761904706,15.87500000000002,1716.875
13049,3.8947368421052633,21.56842105263157,5.75,
13051,7.469449763819787,20.759359039836752,16.003735408560306,1398.6168224299065
13055,7.760526315789465,16.19999999999993,9.308333333333339,475.625
13057,7.260264900662323,15.794481236202984,12.147916666666667,567.2166666666667
13065,3.8600000000000287,21.278947368421044,2.8166666666666678,57.142857142857146
13067,7.114803849000855,17.63767579570705,9.379999999999999,
13073,7.191898527004935,17.766571194762886,27.575126903553333,986.8401360544218
13075,4.725,21.4,43.35,
13077,6.8,10.8,11.0,
13081,4.35,18.3,14.0,
13087,7.675729646697384,21.447772657450024,7.836986301369868,49.166666666666664
13089,6.7476190476190325,15.361904761904736,171.8181818181818,
13095,7.3242730720607145,20.831241997439157,9.557558139534875,65.28571428571429
13097,6.9,10.6,4.7,
13099,7.437499999999999,21.675,2.9,
13103,7.260986066452338,21.165916398713794,3.8169374999999994,101.1875
13105,7.222581560283739,16.05140425531906,41.523677248677195,1227.6190476190477
13107,5.505555555555558,11.710000000000006,5.7,160.4
13109,6.393750000000025,17.6558823529412,7.784848484848492,921.3333333333334
13113,6.888528678304286,17.122693266832886,24.83529411764706,542.8571428571429
13115,7.5157894736842294,16.50952380952382,21.10833333333335,670.625
13119,7.24578313253014,15.279267068272999,25.416666666666668,1715.0
13121,7.1953271028037475,23.817757009345826,17.91840942562592,
13123,6.927027027027079,14.36666666666665,9.658333333333323,899.375
13125,6.702941176470583,15.527777777777779,11.70909090909091,255.71428571428572
13131,7.025714285714278,20.009999999999987,16.833333333333332,539.3333333333334
13135,6.8821462043112085,14.45478912839765,155.34339103068427,2596.8456069070594
13139,7.3461401425177915,17.538717339667542,9.602072538860117,1585.5
13141,7.248859315589359,14.532319391634957,21.283643122676537,529.6431226765799
13145,6.9,27.3,,
13147,7.038506760728944,16.416431510875938,16.57482456140349,3305.2982456140353
13149,7.079295774647903,17.86136150234752,17.692156862745076,581.46875
13155,4.933333333333334,20.566666666666666,3.3,
13161,7.491666666666671,19.699999999999996,20.041666666666657,73.88888888888889
13163,6.926985878199517,16.953795233892258,10.875299999999985,1899.108
13165,7.360465116279091,17.20249169435219,6.5821138211382255,696.0975609756098
13169,7.480555555555528,20.05263157894735,11.366666666666667,177.27272727272728
13175,7.163888888888863,19.85789473684214,16.558333333333337,210.0
13177,7.55,21.366666666666664,4.333333333333333,
13179,6.436779661016955,18.398898305084675,16.893939393939387,224.12121212121212
13185,7.2728635682158815,21.063568215892104,6.4827586206896575,190.83333333333334
13187,7.04875000000002,14.609523809523818,7.66384408602151,275.16129032258067
13189,7.272684085510753,15.442399049881427,13.613731343283572,434.14328358208957
13191,6.96923076923073,20.159090909090875,17.416666666666668,314.44444444444446
13193,6.968199737187912,18.445860709592605,21.333333333333332,224.0
13195,7.25742311770944,16.64891304347822,35.10992063492062,1575.5555555555557
13201,7.026666666666669,21.679999999999996,11.8,
13205,7.650000000000001,21.566666666666666,2.7999999999999994,
13217,7.18234295415962,17.33225806451614,22.291666666666675,2689.4666666666667
13219,7.1523809523809305,16.20833333333335,32.89166666666667,1965.625
13241,6.966657997399214,13.878023407022303,11.532837326607792,1224.1412358133668
13243,5.05,17.8,0.3,
13245,7.036542515811756,18.047189037245357,6.97844481605354,1821.4448160535117
13247,6.836697839406674,9.202354079329083,27.399661835748798,113.7843137254902
13251,7.161316747572855,18.545024271844706,11.175776397515516,1620.3664596273293
13253,7.333972602739758,20.62904109589042,7.399378881987597,60.416666666666664
13255,6.4,13.2,47.0,
13257,7.190833333333304,15.007936507936328,21.30611111111115,7606.266666666666
13259,7.336842105263127,20.810000000000013,6.68333333333334,240.71428571428572
13261,7.022178060413343,19.800238473767827,11.861111111111112,
13265,7.372727272727285,13.972222222222246,15.820000000000002,937.1428571428571
13273,5.3,21.8,4.5,
13277,6.12050816696911,16.216878402903784,122.08571428571429,
13285,7.3386666666666605,18.399682539682416,11.938000000000006,516.0
13287,4.78125,19.9875,34.8,
13293,6.7,11.0,45.0,
13299,3.8,21.2,6.2,
13301,7.407894736842092,17.775000000000034,15.999999999999995,391.875
13305,7.4564102564102654,21.40000000000003,21.0,59.375
13313,7.564960629921349,16.06167979002629,13.970833333333346,1413.4375
13315,5.5,21.0,150.0,
13317,7.414717906786692,15.445789043336125,14.822460937500011,522.8125
13321,6.0,20.08571428571429,12.044444444444444,
15001,7.6000000000000005,22.46666666666667,,
15003,7.373684210526313,21.211842105263155,,
16001,7.955345911949695,11.951167728237781,,
16003,7.7,11.124999999999998,,
16005,8.217460317460318,14.960317460317457,10.079999999999995,93.46666666666667
16007,7.608333333333334,9.933333333333334,,
16009,7.223076923076921,7.651282051282051,,
16011,8.336642717178414,13.582103200522653,9.728813559322036,101.0
16013,7.692307692307693,11.551999999999998,180.0,
16015,7.353333333333333,12.6,,
16017,7.404761904761901,9.377777777777776,6.771794871794871,8.23076923076923
16019,8.064,9.292000000000003,5.200000000000003,19.333333333333332
16021,7.1625,9.55,,
16023,7.957857503789752,12.994492167761475,8.268627450980391,
16025,8.1,12.174999999999999,,
16027,8.013445378151268,13.722969187675055,,
16029,8.140909090909087,7.54909090909092,,
16031,7.495454545454546,13.445454545454549,,
16033,8.509999999999998,5.929999999999999,,
16035,7.25,13.3,,
16037,8.11159420289855,8.544927536231889,5.266666666666665,13.666666666666666
16039,8.344329896907219,13.934536082474263,,
16041,7.710000000000001,12.559999999999999,,
16043,7.3590909090909085,10.272727272727273,,
16045,7.340000000000001,16.659999999999997,,
16047,8.134523809523815,14.611904761904766,1.892,2.0
16049,7.712000000000001,12.080000000000005,17.23333333333333,38.666666666666664
16051,8.009210526315787,12.486842105263165,,
16053,7.9137614678899055,15.283486238532113,2.888235294117647,1.5
16055,7.243141592920337,8.31946902654866,4.666666666666667,1.6666666666666667
16057,7.206896551724139,11.46896551724138,12.5,89.66666666666667
16059,7.188888888888889,10.549999999999999,,
16061,7.239999999999999,10.7,,
16063,7.790909090909093,14.504545454545449,23.28,
16065,7.803703703703703,13.370370370370368,6.433333333333333,98.33333333333333
16067,8.107407407407406,13.139506172839505,5.170454545454551,5.333333333333333
16069,7.815789473684212,14.173684210526316,12.733333333333334,540.0
16071,7.668750000000001,12.225000000000001,,
16073,7.44736842105263,17.7,0.0,
16075,7.55,15.49,10.433333333333335,360.0
16077,7.740000000000002,13.37,,
16079,7.16018161805181,6.976857457347273,3.533333333333332,1.9
16081,7.515789473684209,7.891228070175438,,
16083,8.222784810126578,10.162206148282085,13.573333333333327,55.13333333333333
16085,7.000000000000016,9.167808219178088,3.2333333333333334,3.0
16087,8.136,17.147999999999996,19.0,151.0
17003,8.040000000000001,14.826666666666648,97.86666666666666,542.0
17009,8.6,15.4,,
17011,7.199999999999999,12.3,,
17015,6.95,12.5,,
17019,7.55,12.925,0.98,
17021,6.666666666666667,15.399999999999999,,
17023,6.75,12.55,,
17027,7.733333333333334,23.666666666666668,,
17031,7.939999999999932,12.880000000000063,,
17033,6.3,12.9,,
17037,7.285714285714286,17.057142857142857,,
17039,7.966666666666668,14.0,1.7349999999999999,
17041,6.6,15.0,,
17043,7.64054054054054,12.013513513513514,,
17047,7.966666666666667,21.56666666666667,,
17053,6.5,12.4,,
17057,8.2,20.3,,
17061,7.633333333333334,21.3,,
17063,7.1,15.8,,
17073,7.5,17.5,,
17075,8.070000000000006,13.068846153846113,,
17083,8.216666666666667,14.033333333333305,47.5,33.27272727272727
17089,7.0375000000000005,16.575,180.0,
17091,7.951162790697679,20.004651162790694,0.66,
17097,7.2,10.524999999999999,,
17099,8.337065637065637,16.264478764478763,,
17103,6.8500000000000005,11.8,,
17105,6.9,15.7,,
17109,6.9,13.8,,
17111,6.9875,15.875,53.0,
17115,7.776923076923078,14.815384615384614,1.79,
17117,6.8,13.3,,
17119,7.75,15.05,,
17123,6.5,13.3,,
17127,6.7,14.6,,
17131,7.5,14.4,,
17133,6.1,14.9,,
17135,6.75,15.65,,
17137,6.3,14.3,,
17139,7.2,12.8,,
17141,7.05,11.55,,
17143,7.85,22.0,,
17147,7.962500000000005,14.137500000000001,,
17149,8.5,15.6,,
17153,7.826666666666663,17.464285714285715,59.92857142857143,
17155,7.4,19.6,,
17157,7.4,17.6,,
17161,6.85,12.7,,
17167,7.660000000000001,19.9,,
17171,8.201937984496114,16.085271317829395,,
17173,8.033333333333335,18.733333333333334,,
17179,7.233333333333333,13.200000000000001,,
17183,6.9,12.7,,
17191,7.4,15.0,,
17193,7.633333333333334,23.866666666666664,,
17195,6.45,13.15,,
17197,7.277777777777778,16.933333333333334,,
17201,6.6,11.45,,
17203,6.9,21.9,,
18005,8.2,24.6,,
18011,7.15,19.5,,
18035,7.35,15.25,43.0,
18039,9.15,13.100000000000001,8.25,
18051,7.995238095237977,19.26190476190482,,
18057,7.866666666666668,10.3,2.0,
18059,8.077540106952103,15.364919786096175,2.5,
18063,7.199999999999999,17.150000000000002,4.3,
18065,7.15,17.9,15.0,
18071,6.9,23.4,,
18073,6.8,16.0,0.33,
18077,7.6,25.3,,
18089,7.35576923076923,14.286538461538466,7.557142857142857,
18095,7.3,17.0,6.4,
18097,8.088283658787317,14.358924289139834,3.7,
18101,7.6,25.0,,
18107,7.0238095238095255,,,
18109,7.32,19.96,37.8,
18111,7.666666666666667,13.0,1.87,
18123,7.613333333333338,15.726666666666675,71.98666666666666,
18127,8.0,11.5,,
18129,7.943333333333318,16.366666666666667,67.4,
18133,8.084589800443489,13.94057649667404,86.0,
18135,7.233333333333333,16.933333333333334,104.0,
18139,7.324999999999999,14.4,7.33,
18145,7.45,15.266666666666666,9.6,
18147,6.875000000000001,14.024999999999999,21.283333333333335,
18177,7.042857142857144,16.700000000000003,,
19001,7.300000000000001,12.5,130.0,
19003,7.05,12.5,4.2,
19005,8.06147540983606,16.79754098360655,39.38888888888889,
19009,7.25,12.5,79.0,
19011,7.6428571428571415,13.485714285714284,1.0,
19013,8.016666666666667,10.674999999999999,24.233333333333334,
19015,7.625,16.0,31.0,
19017,7.576386036960973,11.0328542094456,33.550000000000004,
19019,7.7,14.28181818181818,21.0,
19021,7.3999999999999995,11.0,62.0,
19023,8.1,9.442857142857141,15.466666666666667,
19025,7.2,12.399999999999999,31.1,
19027,7.3125,11.875,3.8500000000000005,
19029,7.25,12.833333333333334,,
19031,6.949999999999999,12.3,19.0,
19033,7.3,14.6,,
19035,7.371428571428572,12.142857142857142,12.080000000000002,
19037,7.35,10.2,,
19043,5.889753086419755,,,
19045,8.106395348837223,14.949999999999987,78.24615384615385,
19047,7.4,13.5,,
19049,8.030434782608696,10.630434782608695,12.700000000000001,
19055,8.005813953488374,14.946511627906977,19.863636363636363,
19057,7.685454545454561,15.490909090909074,788.1333333333333,
19061,7.4,13.35,5.4,
19063,7.55,10.5,26.0,
19065,7.992105263157899,14.657894736842103,24.799999999999997,
19067,8.2,9.95,29.0,
19069,7.3500000000000005,16.35,,
19071,7.2,13.5,5.9,
19075,7.457142857142857,12.542857142857143,12.566666666666668,
19077,6.55,11.3,,
19079,7.230000000000001,10.740000000000002,16.15,
19081,7.425,10.85,23.333333333333332,
19083,8.017469879518107,11.47951807228918,19.03928571428571,
19085,8.303124999999994,13.859375,120.0,
19089,7.5,8.8,6.1,
19091,7.35,11.149999999999999,18.5,
19093,7.425,12.5,1.0,
19095,7.233333333333333,14.133333333333333,1.9500000000000002,
19097,7.425,17.25,,
19099,7.15,12.25,,
19101,7.25,23.9,2.3,
19103,7.444736842105263,12.747368421052636,15.0,
19105,7.45,20.2,,
19107,7.346153846153846,14.63846153846154,473.475,
19109,7.3,10.5,26.0,
19111,7.050000000000001,14.2,42.0,
19113,7.447093023255808,12.434011627907001,72.1,
19115,8.139496717724295,14.33435448577676,71.3076923076923,
19117,5.837611940298509,,,
19119,7.4,10.5,1.6,
19125,7.25,11.9,12.0,
19127,7.3,11.174999999999999,6.7,
19129,7.45,12.0,45.0,
19131,7.457142857142856,11.200000000000001,6.7749999999999995,
19133,8.269999999999998,13.6,,
19137,7.116666666666666,13.166666666666666,33.0,
19139,6.8999999999999995,13.05,9.4,
19141,7.325,11.3,21.5,
19145,6.699999999999999,12.0,24.0,
19147,7.45,10.399999999999999,38.666666666666664,
19149,8.480088495575224,19.278761061946902,71.40833333333333,
19151,7.4,14.1,2.1,
19153,7.761538461538462,13.100000000000001,7.0,
19155,7.3,12.0,15.8,
19157,6.925,19.25,2.9,
19161,7.333333333333333,12.0,7.8999999999999995,
19163,7.324999999999999,13.05,10.0,
19165,7.5,12.5,11.0,
19167,7.3999999999999995,12.25,10.05,
19169,7.38,11.1,19.1,
19171,8.499999999999998,15.390909090909094,37.5,
19173,7.949999999999999,14.0,1.8,
19179,7.35,12.9,,
19181,7.4,12.5,2.9,
19183,7.575,14.25,15.4,
19187,7.742857142857141,13.200000000000003,12.84,
19189,7.35,9.5,15.0,
19191,7.4,11.7,,
19193,8.09285714285714,13.0,32.333333333333336,
19197,8.049534450651743,11.407448789571692,26.030769230769234,
20005,7.599999999999994,22.75,269.0,
20035,7.812807881773397,15.8551724137931,631.5166666666667,
20037,5.4567901234567895,,,
20045,8.247999999999998,16.942400000000013,32.43809523809524,107.22619047619048
20049,7.900000000000005,16.808333333333334,80.0,
20079,7.36099236641221,16.450000000000014,188.8140042223781,2713.6095317725753
20085,7.947881355932188,11.76779661016952,11.026315789473689,250.49122807017545
20087,8.329166666666667,21.311111111111117,40.093220338983045,129.10169491525423
20091,7.865087719298249,14.87350877192982,49.82529002320185,10159.053488372094
20103,8.308734402851986,17.80169340463463,152.99135446685878,1911.092219020173
20117,7.499999999999996,17.583333333333332,156.32,
20149,8.309817351598165,15.668150684931483,130.08099415204669,812.5526315789474
20155,7.8599999999999985,18.100000000000005,250.33333333333334,18000.0
20171,6.101851851851852,,,
20173,7.704810892587005,17.165173978819965,255.73040837696308,4724.0582978723405
20177,8.175415282392077,15.883001107419776,224.84956521739127,1765.5239130434782
20185,8.333333333333337,15.008333333333333,24.233333333333334,8.0
20197,8.272222222222219,17.733333333333338,29.333333333333332,44.2
20209,7.891472868217052,20.157364341085277,45.71473684210526,66.63440860215054
21089,7.486666666666678,14.986666666666645,68.32666666666667,
21093,7.30417335473514,15.30144462279291,21.138636363636365,
21139,7.933333333333334,17.416666666666668,22.566666666666666,
21145,7.783333333333336,16.583333333333332,17.566666666666666,
21163,7.598373983739838,14.842276422764233,595.4,
22003,6.928571428571422,20.02857142857145,,
22011,7.216666666666667,20.00000000000001,55.833333333333336,553.5
22013,6.35,23.4,,
22015,6.75,20.3,,
22021,8.600000000000001,23.1,,
22027,8.65,24.8,,
22029,7.6,20.8,,
22033,7.263775510204083,21.99897959183677,,
22041,7.259374999999998,19.581249999999997,,
22043,6.516666666666668,18.366666666666664,4.633333333333333,94.66666666666667
22049,8.8,27.2,,
22053,7.306249999999978,20.687499999999936,,
22055,6.59919028340081,21.64251012145751,9.527083333333335,
22061,8.3,25.8,,
22067,8.1875,23.675,,
22069,8.399999999999999,26.5,,
22073,8.525,22.400000000000002,,
22077,7.728571428571444,18.592857142857177,82.66666666666667,257.07142857142856
22079,7.752000000000018,20.299999999999983,64.90000000000006,88.36363636363636
22081,7.892000000000006,19.299999999999983,59.100000000000016,34.25
22111,8.316666666666666,24.8,,
22115,6.560824742268042,13.012371134020626,11.35,
22119,7.8999999999999995,22.65,,
22121,7.418750000000003,17.66875000000002,,
22125,7.732142857142857,17.771428571428604,82.25,242.28571428571428
22127,8.275,25.7,,
23001,8.475000000000001,9.15,,
23005,7.885714285714285,10.357142857142858,,
23007,7.420000000000002,8.59,,
23009,7.5,11.066666666666668,,
23011,7.642857142857143,10.657142857142857,,
23015,8.3,7.2,,
23025,7.8,10.1,,
23029,7.85,9.65,,
23031,8.166666666666666,12.200000000000001,,
24003,7.402127659574483,14.48642857142857,,
24005,7.4477863330124965,17.355625301786603,,
24009,7.316666666666666,17.73333333333333,,
24011,7.187584650112842,14.30451467268623,1.21,
24013,6.516666666666667,14.333333333333334,,
24015,6.0,13.6,,
24017,6.5310924369747925,10.010504201680675,,
24019,8.183333333333334,18.46,,
24021,7.220000000000001,15.0,,
24025,7.7059151785713516,14.944419642857158,,
24027,6.025,14.6,,
24029,6.78612975391507,15.191797166293757,,
24031,6.4799999999999995,15.0,,
24033,6.667708333333333,12.291566265060238,,
24035,7.3925531914893625,15.819892473118292,,
24037,7.457746478873239,12.090140845070424,,
24039,7.5,10.0,,
24041,7.699999999999999,16.622222222222224,0.88,
24043,7.226390804597762,12.667816091954167,0.75,
24047,6.703225806451614,15.068965517241384,,
24510,7.7,13.0,3.3,
25001,5.7,,,
25003,7.912676056338021,14.02198581560284,3.768181818181818,161.125
25011,7.44789473684211,9.621052631578948,0.3222222222222222,
25013,6.983333333333333,13.666666666666666,1.7666666666666668,
25015,6.475,6.5,4.7,
25017,7.195528455284528,12.048983739837478,6.197454545454545,
25023,6.742857142857143,13.049999999999999,,
25027,6.68319327731093,8.073949579831918,1.0,
26001,7.888797814207733,15.3948087431694,,
26005,7.866666666666656,11.683333333333326,11.516666666666666,
26007,8.075,16.175,3.95,
26013,7.108672798948775,11.241787122207626,,
26017,7.7583333333333355,10.925000000000006,34.71666666666667,
26021,7.9,18.52162162162163,6.775,
26023,7.699999999999999,20.55,,
26025,7.6000000000000005,20.266666666666666,,
26027,7.75,18.700000000000003,,
26031,8.066666666666665,15.675000000000002,1.6,
26033,7.249999999999999,12.95,6.0249999999999995,
26035,7.188553259141423,8.265023847376789,,
26037,8.128611632270099,19.284709193245778,,
26039,7.6965372507870295,11.943546694648491,,
26041,7.613157894736842,11.68947368421053,3.5472727272727274,
26043,7.710234541577909,12.461353944562909,,
26051,7.745081967213088,14.24367681498829,5.1,
26053,8.487931034482765,10.258620689655173,4.933333333333334,
26055,7.825000000000003,10.975,3.966666666666667,
26059,7.5,12.2,0.37,
26067,8.0,14.225000000000001,7.95,
26069,7.996150824823248,14.846739984289082,,
26071,7.3594103823970185,11.19316385387738,1.3,
26073,7.708225806451587,9.719448946515396,,
26077,7.849999999999998,13.6,4.574999999999999,
26085,7.937499999999999,14.087500000000002,,
26093,8.086095890410933,15.215410958904112,5.449999999999999,
26097,7.875,12.3,34.5,
26099,7.833704292527811,11.72559618441977,31.041666666666668,
26101,7.8999999999999995,11.725,4.875,
26103,7.5247733160623245,10.639183937823823,0.425,
26105,7.703030303030304,14.178787878787874,7.2,
26107,7.597933625547905,13.052473387601752,,
26109,7.762500000000004,14.068421052631571,3.906875,
26115,7.8999999999999995,18.525000000000002,45.325,
26117,7.790424646128199,12.149875104079934,,
26119,8.414943820224854,15.210674157303371,,
26121,8.666666666666666,16.333333333333332,,
26123,7.624824902723773,10.856887159533064,3.3000000000000003,
26125,8.02830405516385,10.708964045312749,1.3525,
26129,7.313134328358247,9.496417910447757,,
26131,7.725000000000003,12.749999999999998,45.25,
26133,7.665517241379307,13.16206896551724,5.34,
26135,7.9,8.65,2.25,
26137,7.6424694708277014,11.450248756218905,,
26139,8.058333333333332,11.875000000000002,15.141666666666666,
26143,7.8,18.0,,
26145,7.94107142857141,11.896428571428563,18.615384615384617,125.0
26147,7.937499999999998,12.525,15.625,
26149,7.774999999999999,16.94166666666666,2.5999999999999996,
26151,7.800000000000001,12.9,1.0,
26153,7.425,12.724999999999998,5.3,
26159,7.747194719471913,10.357095709570954,,
26161,7.857605177993602,14.826306056403146,12.0,
26163,7.932790091264689,19.202411994784885,12.49375,
27003,7.0,14.85,1.55,
27007,7.018446601941747,8.830097087378643,0.9,
27013,7.815384615384649,12.21538461538456,,
27015,8.0,20.566666666666666,,
27021,7.05,10.5,2.2,
27025,6.7,21.1,,
27037,7.959146341463417,9.607621951219528,1.85,
27051,7.987301587301508,12.085714285714195,39.83448275862069,335.3333333333333
27053,7.592213642213552,9.073616473616543,0.9,
27063,8.199999999999998,19.8,,
27071,7.741666666666668,16.627777777777784,,
27089,7.5,7.5,,
27109,7.359999999999999,9.78,,
27111,8.185714285714022,12.907142857142821,7.14285714285713,8.666666666666666
27119,7.908333333333335,2.85,,
27125,8.049999999999999,2.725,,
27137,6.806468673718452,14.62019934906444,,
27141,7.344444444444444,11.944444444444446,6.68,
27163,6.76,16.1,,
27167,8.02901730531521,12.321477132261862,28.66548463356974,129.6501182033097
28011,7.444444444444445,25.833333333333332,58.465624999999996,200.0
28015,6.6,,,
28027,7.239999999999998,22.76666666666667,64.66666666666667,
28033,7.35,21.5,470.0,
28037,5.490909090909091,,,
28043,6.525,21.6,53.0,
28047,7.921428571428573,24.225,,
28055,6.932352941176468,27.58235294117647,59.333333333333336,95.0
28083,7.470588235294119,23.89019607843138,59.333333333333336,
28093,5.9,16.5,0.2,
28107,6.54,21.766666666666666,81.33333333333333,
28119,6.709999999999997,21.98333333333333,169.66666666666666,
28125,7.413545816733059,30.15418326693227,39.72954545454545,58.0
28133,7.321621621621616,22.84486486486487,142.13888888888889,
28135,6.915555555555553,23.060000000000006,91.8695652173913,
28143,7.074999999999998,21.04,192.66666666666666,
28149,6.912804919713172,18.319132217286725,149.33333333333334,
28151,7.6944028273305,19.941001403520445,133.94556962025317,177.2622950819672
28163,6.650000000000001,24.2,130.0,
29009,7.807287449392714,15.660323886639656,0.6,150.0
29013,7.950000000000002,18.599999999999998,,
29017,7.5,16.150000000000002,,
29019,7.120754716981137,14.734905660377358,,
29021,8.343749999999968,20.517777777777894,,
29023,7.437500000000001,15.883333333333333,,
29035,7.397761194029872,14.13992537313433,,
29037,8.100000000000001,14.291666666666666,,
29041,7.837500000000006,13.31666666666667,,
29043,7.8759322033898265,15.370169491525445,,
29045,7.824999999999996,14.066666666666665,,
29047,6.983333333333333,15.975000000000003,,
29051,7.937499999999996,15.749999999999998,,
29053,7.891666666666665,14.366666666666662,,
29055,8.028040540540527,15.960135135135156,,
29057,7.0,17.1,0.3,3.0
29059,7.724999999999995,13.800000000000002,,
29065,7.525,15.2,,
29067,7.924999999999998,14.699999999999998,,
29069,7.756249999999998,17.11666666666666,,
29071,7.749999999999996,15.550000000000004,,
29077,7.761278195488763,16.087218045112817,0.1,0.0
29079,8.09166666666666,16.055555555555557,,
29081,8.0875,14.5,,
29087,8.463636363636374,17.625,,
29093,7.716000000000003,14.769999999999996,,
29095,7.5030612244897865,20.234013605442176,13.622222222222222,810.1
29097,7.863333333333309,15.73333333333331,,
29099,7.932500000000008,16.580000000000005,,
29109,7.8,20.9,,
29111,7.250000000000003,12.866666666666669,,
29113,7.525000000000001,15.099999999999996,,
29117,7.787499999999994,12.941666666666668,,
29119,7.946045197740106,16.07401129943504,,
29123,7.887500000000007,15.299999999999999,,
29127,7.924999999999994,13.799999999999997,,
29129,7.9886597938144295,14.245704467353951,,
29139,8.113333333333326,14.023188405797066,128.8,987.1333333333333
29143,7.537500000000004,16.524999999999995,,
29145,7.833333333333333,19.983333333333334,0.2,30.0
29149,7.466153846153844,14.222692307692299,,
29153,7.8750000000000036,14.283333333333331,,
29161,7.909999999999995,14.796666666666685,,
29165,8.016666666666667,13.0,,
29167,7.975000000000006,14.466666666666661,,
29169,7.615209125475271,14.948648648648659,,
29171,8.005882352941157,12.423076923076923,,
29175,7.637500000000004,11.699999999999998,,
29179,7.761818181818183,15.68363636363636,,
29181,7.949999999999998,15.899999999999983,,
29183,6.8,13.1,,
29189,7.622411128284371,13.385316846986077,,
29203,7.916723291808211,18.919818799546984,,
29207,7.624999999999996,16.583333333333336,,
29209,8.129411764705871,17.23846153846158,,
29211,7.889436619718306,13.474647887323947,,
29213,7.7749999999999995,12.64166666666666,,
29215,8.2,6.4,,
29221,8.3,16.4,,
29223,7.8374999999999995,15.350000000000007,,
29227,8.10625,14.75,,
30001,5.5,,,
30003,8.273913043478274,11.801242236024844,4.75,
30005,8.233333333333338,9.65,,
30007,8.332584269662927,11.659090909090908,,
30009,8.250000000000012,10.4375,,
30013,8.514986376021776,10.460382513661202,,
30015,8.499999999999996,12.588235294117647,,
30017,8.176190476190472,11.90079365079365,,
30019,8.466666666666672,11.071428571428571,6.433333333333334,
30023,8.313803230543245,9.524229074889869,,
30027,8.475000000000003,10.1875,,
30029,8.212688821752252,7.441896024464832,,
30031,8.008333333333336,10.681818181818182,,
30035,7.983783783783767,6.8555555555555285,,
30039,8.193290043290043,10.787878787878787,,
30043,7.283950617283952,6.178881987577641,175.06,
30047,8.150000000000002,10.11111111111111,,
30049,7.16183486238533,8.777573529411764,315.75,
30053,8.341599234880608,9.954060414583603,,
30055,8.287499999999996,13.333333333333334,,
30057,8.31111111111111,10.045454545454545,,
30061,8.049999999999978,7.5,,
30063,8.043610882110524,10.854845360824742,17.683333333333334,
30067,8.193258426966295,9.295454545454545,,
30069,8.374999999999993,13.15,,
30071,8.419999999999998,17.0,,
30075,8.291758241758236,11.097069597069597,,
30077,8.221316306483306,9.283398821218075,,
30081,7.893846153846158,6.694444444444445,,
30083,8.264067796610123,11.1,198.875,
30085,8.675000000000006,12.791666666666666,,
30087,8.284405940594056,9.878712871287128,,
30089,8.174999999999999,12.666666666666666,,
30093,7.484472049689447,10.934782608695652,,
30095,7.874999999999999,8.285714285714286,,
30097,7.925000000000006,7.7,,
30099,8.44399999999998,9.24,,
30103,8.450000000000001,12.0,,
30105,8.2,13.0,,
31003,7.45,14.1,0.2,
31007,7.661538461538461,12.146153846153844,,
31011,7.3,14.199999999999998,0.1,
31017,8.182352941176468,10.358823529411765,0.1,
31019,8.263768115942037,15.318840579710145,0.10000000000000002,
31021,7.0793893129771055,12.23969465648855,,
31025,7.7,24.0,,
31029,7.549999999999999,15.479999999999999,0.6599999999999999,
31031,8.274999999999999,11.5,,
31033,7.75,14.933333333333332,0.13333333333333333,
31037,6.949999999999999,13.5,4.0,
31041,7.3999999999999995,13.766666666666667,0.39999999999999997,
31043,7.591855203619894,7.208144796380091,11.4,
31047,8.165789473684207,13.24736842105263,0.13333333333333333,
31053,8.173692918596638,16.86518861681003,112.83018867924527,
31055,8.290819601968721,14.745260004279894,266.78,
31065,7.45,15.0,0.1,
31067,8.166666666666666,19.233333333333334,,
31069,7.5666666666666655,13.199999999999998,0.1,
31071,7.5,13.6,0.3,
31073,7.35,15.8,0.1,
31077,7.9,24.1,,
31079,7.35,13.2,,
31083,8.16,14.0,0.1,
31085,7.733333333333333,14.699999999999998,0.1,
31087,7.518750000000001,15.243750000000002,0.13333333333333333,
31093,8.252205882352944,16.37426470588235,0.1,
31095,7.2666666666666675,18.299999999999997,,
31099,7.35,13.8,1.2,
31101,7.31,14.479999999999999,0.27999999999999997,
31105,7.683333333333334,13.1,0.10000000000000002,
31109,7.645833333333335,13.333333333333334,,
31111,7.4375,15.125,0.225,
31115,7.5,22.65,,
31119,7.3,14.7,0.2,
31123,7.603571428571429,12.428571428571429,,
31125,7.25,13.7,0.1,
31135,7.55,15.274999999999999,0.1,
31137,7.4,14.4,0.1,
31139,7.425000000000001,13.100000000000001,0.15000000000000002,
31141,8.7,26.5,,
31145,7.390000000000001,14.5,,
31147,8.0,19.666666666666668,,
31153,8.353079947575283,14.244823066841416,186.2434782608696,
31155,7.5181818181818185,14.5,,
31157,7.574999999999999,12.270833333333334,,
31159,7.700000000000001,19.0,,
31161,7.5,12.3,0.1,
31165,7.5928571428571425,15.214285714285714,,
31167,7.35,13.0,3.9,
31171,7.961538461538518,11.938461538461528,10.241666666666667,
31173,7.12755905511811,11.062992125984252,,
31175,7.916666666666667,10.433333333333332,0.1,
31177,7.253061224489795,12.94238683127572,,
31179,7.25,14.8,0.1,
32001,7.983064516129028,15.67094017094016,,
32003,8.13278084714558,15.890783410138235,10.40952380952381,166.66666666666666
32005,8.19798590130919,12.275214105793397,9.145454545454546,
32007,7.849999999999998,11.786363636363637,1.3499999999999999,
32013,7.5874999999999995,15.0,,
32015,7.0,,,
32019,7.822738386308071,12.671149144254281,,
32021,7.582692307692297,23.125,,
32023,7.516666666666667,23.049999999999997,,
32029,7.938542963885433,14.608343711083437,,
32031,7.2797494780793155,8.169102296450939,9.39090909090909,
32033,7.825,12.25,,
32510,7.310714285714286,15.896428571428572,9.818181818181818,
33005,7.050000000000001,7.05,0.9,
33007,8.1,12.0,97.0,
33009,7.283333333333332,11.5,0.3666666666666667,
33015,7.29230769230769,,4.333333333333333,
33017,7.4857142857142875,,10.604761904761906,
33019,6.875,2.7,0.6,
34001,5.768253968253966,14.047619047619047,4.994285714285715,
34003,7.6034482758620765,12.48793103448276,6.508333333333325,2189.1304347826085
34005,4.898865784499062,12.639697542533078,7.299507389162549,193.33333333333334
34007,6.972765957446827,12.903043478260875,17.072180451127817,508.7878787878788
34009,5.733333333333334,14.108641975308645,1.6388888888888888,20.0
34011,5.600862068965515,13.813793103448276,8.768518518518519,110.98039215686275
34013,7.799999999999998,14.536538461538461,6.754054054054054,2684.0
34015,6.586516853932596,12.293846153846154,4.310919540229902,1799.3023255813953
34019,7.828421052631591,13.97642105263158,9.821428571428575,349.2567567567568
34021,7.342638036809807,14.791358024691371,7.02300884955752,1729.6363636363637
34023,6.871212121212122,13.475757575757576,8.313095238095238,1097.625
34025,6.909895833333334,12.290104166666666,12.482677165354328,881.8032786885246
34027,7.3707446808510655,12.402139037433157,5.373333333333331,1280.4901960784314
34029,5.709420289855071,13.0,4.103278688524588,1516.3461538461538
34031,7.581818181818188,11.551948051948052,5.075342465753423,841.9718309859155
34033,6.852272727272725,15.598863636363633,14.36734693877551,672.9166666666666
34035,7.628571428571432,12.441686182669788,9.079069767441858,917.4603174603175
34037,7.784686971235194,14.928680203045683,4.417647058823535,547.9213483146067
34039,7.59111111111111,13.244444444444444,3.5399999999999996,3077.5
34041,7.5614906832298105,12.846790890269157,5.039199999999998,654.018691588785
35001,7.727586206896541,13.342946708463947,329.8421052631579,
35003,8.097368421052636,15.052631578947368,,
35007,8.3,24.0,,
35009,7.764583333333333,18.54166666666666,11.450000000000001,
35013,7.434651162790686,20.578139534883704,24.45,
35015,7.845617977528084,20.740449438202248,289.3833333333333,96.0
35017,8.393750000000004,15.9375,,
35019,8.001999999999999,16.96,5.346666666666667,
35027,8.2,15.5,,
35035,7.212195121951221,22.021951219512204,1.5058823529411764,
35037,8.16142857142857,16.114285714285714,,
35039,8.168073394495375,14.664889705882354,128.3168103448276,103.33333333333333
35041,7.516836734693879,18.57397959183672,25.850000000000005,
35043,8.187179487179504,7.145604395604391,6.247727272727274,
35045,8.308333333333337,14.625,15.672972972972975,120.0
35047,7.9,13.0,,
35049,8.235116279069818,13.584848484848518,37.02272727272726,153.6
35051,7.806666666666666,15.833333333333334,,
35053,8.266666666666627,17.096770472895056,11040.824324324325,554.8837209302326
35055,8.14705882352941,10.84,9.45,
35061,7.920316402997573,15.60607826810991,576.56,410.6
36001,7.68888888888889,11.11111111111111,,
36025,6.983838062078131,8.300348173938938,,
36035,7.44,9.699999999999998,,
36037,8.2,18.9,,
36039,6.897272939801317,7.762594973699664,,
36041,5.075229723868776,6.799968194304926,,
36043,6.133445355191172,7.04707650273213,,
36047,7.346153846153846,18.200000000000003,,
36053,7.7666666666666675,9.1,,
36055,6.219999999999999,,23.321088435374143,6.0
36057,7.639880952380927,10.988095238095237,,
36059,6.153333333333332,16.07333333333333,,
36065,7.793333333333334,10.153333333333332,,
36067,7.497872340425533,10.76468085106383,,
36079,6.2,9.3,,
36081,6.518604651162788,16.304651162790705,,
36091,7.199999999999999,12.8,,
36093,7.7795348837209355,8.501395348837201,,
36103,6.915702479338914,13.974943396226436,6.538888888888888,
36105,6.276167293121375,7.509545969810778,,
36111,5.711487008181117,8.369249694956112,,
36119,6.961538461538462,18.036363636363635,,
37013,6.512499999999999,17.6875,1.2999999999999998,
37015,5.65,16.0,63.0,
37029,6.1,15.5,4.7,
37031,5.800000000000001,16.733333333333334,11.166666666666666,
37037,7.44960380348651,20.11442155309043,,
37049,7.074358974358975,22.58205128205127,2.233333333333333,
37053,6.15,17.0,0.9,
37063,6.651877607788575,16.042002781641212,,
37065,5.5,17.5,0.7,
37073,5.400000000000001,17.25,1.5,
37079,6.48711340206184,19.70834196891192,97.125,
37087,6.248275862068963,11.7846394984326,,
37091,6.85,26.7,,
37095,7.485714285714287,17.857142857142858,18.0,
37097,6.762500000000001,19.918749999999996,,
37101,6.766666666666666,13.5,,
37103,6.916666666666667,17.2,7.1000000000000005,
37105,6.985000000000001,18.014999999999983,320.0,
37107,7.248459167950668,21.06040061633283,9.1,
37133,6.261111111111112,18.233333333333334,12.799999999999999,
37135,7.0932432432432275,15.53657657657651,,
37139,7.3,15.75,3.1,
37141,7.4375,19.974999999999998,4.225,
37143,8.166666666666666,18.0,20.0,
37145,7.2,25.3,,
37147,6.703092783505153,19.807216494845374,0.8,
37157,6.777500000000001,13.66,,
37183,7.045004163197361,13.788009991673523,,
37187,3.9815517241379164,15.718620689655259,125.9,
37191,6.115000000000001,17.305,330.8,
37195,6.783333333333332,17.900000000000002,,
38001,8.633333333333335,11.6,,
38003,8.181578947368422,10.118421052631579,,
38005,7.644444444444444,10.938888888888888,,
38007,7.892537313432832,13.544776119402988,,
38009,8.732419354838608,14.095537634408643,79.0,
38015,8.329999999999997,13.333333333333334,,
38017,7.714625488107888,14.100319488817837,55.36842105263158,
38019,7.999999999999997,8.8125,,
38021,8.320689655172412,12.563999999999998,,
38023,8.7,9.177777777777777,,
38025,8.055555555555555,10.350000000000001,,
38027,7.965999999999996,8.357142857142858,,
38029,7.783333333333331,10.583333333333334,,
38031,8.306172839506175,11.844444444444445,,
38033,7.733333333333331,11.266666666666664,,
38035,8.059090909090905,9.761363636363637,,
38037,8.2904894327032,11.175417130144675,,
38039,7.8666666666666645,5.166666666666667,,
38041,7.75,10.700000000000001,,
38045,8.700000000000001,16.95,,
38049,8.227312775330407,11.519282511210752,,
38051,8.0625,11.875,,
38053,8.151515151515149,11.196874999999999,,
38055,8.068690958163968,7.904809225861811,7.188990825688074,
38057,8.153966346153801,5.8709134615384775,3.183333333333333,
38059,8.270833333333336,13.162499999999996,,
38061,8.325000000000003,11.049999999999999,,
38063,8.454969290898756,10.23587381351189,,
38065,8.15,9.125,,
38067,8.093203883495143,10.7343137254902,,
38069,8.75,10.0,,
38071,8.196876774559776,11.378030734205963,,
38073,7.984279475982547,5.933187772925765,,
38075,8.079921259842516,11.134645669291327,,
38077,8.097222222222223,8.472222222222221,,
38081,8.000000000000004,9.083333333333334,,
38083,8.3,,,
38087,8.266666666666664,13.03333333333333,,
38089,8.389735772357671,11.597761953204415,,
38091,7.922222222222222,11.777777777777779,,
38093,8.209774436090232,12.748120300751879,,
38095,8.139999999999997,9.928571428571429,,
38097,8.00461538461537,10.467692307692305,,
38099,8.002597402597377,10.495454545454544,,
38101,8.264078851302015,13.388415672913125,2.0,
38103,8.441176470588232,9.975,,
38105,8.080319148936185,13.772340425531906,,
39009,6.080645161290313,11.203225806451613,,
39023,7.947058823529389,12.887999999999943,,
39037,7.0,17.4,,
39039,7.9125000000000005,13.087500000000013,,
39041,7.466666666666665,21.5,,
39049,8.039999999999992,12.65,,
39057,7.885714285714287,16.885714285714286,0.165,
39073,8.066666666666668,18.5,,
39079,7.10833333333333,13.916666666666666,,
39095,8.187500000000028,14.675000000000017,,
39101,7.633333333333334,17.233333333333334,,
39109,7.0875,,,
39113,8.186260102865788,14.07443056576031,0.708888888888889,
39129,7.833333333333333,21.5,,
39135,7.3625,,,
39137,7.86666666666665,13.666666666666684,,
39141,7.8999999999999995,20.333333333333332,,
39149,7.09,,,
39153,7.688888888888887,18.044444444444444,12.5,
39167,7.9,6.2,,
39171,7.9,15.809090909090907,0.3,
40001,7.510704727921596,14.29991079393394,126.45752212389372,5411.938053097345
40003,7.850000000000001,18.95,,
40007,7.562499999999999,16.75,,
40009,8.066666666666668,24.566666666666663,,
40017,8.399367888748355,23.998103666245342,21.433333333333326,325.77777777777777
40019,7.960000000000002,21.456521739130366,,
40021,7.486563222185661,20.121921426213774,125.91380471380494,2388.5488215488217
40041,7.534843749999644,13.445890624999912,11.777463768115933,1436.7045454545455
40047,8.01388888888889,20.96388888888889,,
40067,7.650000000000001,20.075,,
40069,7.25,17.0,,
40073,8.16585365853658,21.214634146341467,,
40079,6.846537396121852,16.06533933518007,13.94722222222221,46.06944444444444
40085,8.087878787878738,23.219047619047537,,
40099,7.291111111111109,18.122222222222234,,
40109,8.036037329504518,22.703768844221376,21.127777777777766,736.4722222222222
40113,6.94742268041237,19.783848797250858,,
40115,6.618885448916392,16.01563467492265,0.3,120.0
40135,7.940000000000002,20.0,,
41001,8.101470588235294,18.25,,
41005,7.490968306371592,16.87710397674706,4.911764705882352,
41009,7.843478260869556,11.37333333333331,13.33181818181818,
41019,8.2,23.8,,
41023,8.25,21.0,,
41025,8.6,,,
41033,7.780000000000001,,,
41035,8.929788597053122,18.0361947469571,,
41037,5.302941176470589,,,
41039,7.174380165289261,9.856198347107442,10.35,
41043,7.042857142857143,13.18214285714286,21.60454545454546,
41045,8.558536585365854,9.571428571428571,32.0,
41047,7.352965295065094,12.19645628935416,8.16923076923076,
41051,7.413534416086533,9.882211910286188,9.508,
41053,6.683333333333334,13.75,2.6,
41067,7.455350689739095,13.287519435431346,8.635788630904738,
41071,7.181818181818181,12.863636363636363,1.95,
42001,6.739880952380962,12.229761904761883,,
42003,7.511428302242663,23.960990201620316,8.614289098123454,921.005566412033
42005,7.4730158730158625,14.628042328042334,,
42007,7.574999999999998,15.837499999999993,,
42009,7.6270270270270295,18.940540540540532,,
42011,7.58125,15.96249999999998,,
42013,7.513483146067415,15.702247191011235,,
42015,7.606250000000006,14.19374999999999,,
42017,7.908080808080798,13.369264069264066,17.379999999999992,55.0
42019,7.364772727272723,11.354545454545452,,
42023,6.718000000000001,14.98,,
42025,6.163855421686741,11.468072289156625,0.0,
42027,7.388755020080312,13.569477911646617,,
42029,7.984434914227914,15.47338546922283,5.842105263157895,21658.660714285714
42031,6.987500000000001,16.450000000000006,,
42033,7.293750000000001,13.925000000000006,,
42035,7.4159999999999995,19.781999999999996,,
42037,6.943352601156079,12.213294797687874,,
42039,7.610945273631844,14.21343283582091,,
42041,7.907948717948728,12.610769230769225,,
42043,6.383774038461518,11.184855769230657,,
42045,7.770857699805206,19.582066276803072,8.049999999999997,374.77272727272725
42049,7.839772727272737,13.404545454545445,,
42051,7.006249999999999,17.849999999999994,,
42053,6.988018433179715,12.137788018433183,,
42055,7.469047619047619,17.44285714285714,0.0,
42059,7.434220532319392,13.910646387832717,,
42061,7.469587628865981,15.56082474226803,,
42063,6.712499999999999,16.5,,
42065,7.333333333333333,13.766666666666671,,
42069,5.348453608247414,12.434020618556673,,
42071,8.031578947368422,17.149122807017548,,
42073,7.403225806451611,18.062903225806455,,
42075,6.794736842105263,20.763157894736842,,
42077,7.887500000000004,15.525000000000002,,
42079,6.287500000000002,15.849999999999984,,
42081,7.194478527607363,13.193251533742323,,
42083,7.162500000000001,14.600000000000003,,
42085,7.5062500000000005,15.475000000000009,,
42087,6.3999999999999995,23.6,,
42089,7.092466585662222,15.779829890643942,11.8,
42091,7.858333333333334,17.633333333333344,,
42093,7.672222222222223,17.34444444444445,,
42095,7.676735688185067,19.980876979293676,5.425,53.333333333333336
42097,7.243750000000001,16.087499999999995,,
42099,8.187499999999996,17.1,,
42101,7.789130434782591,14.528260869565221,,
42103,7.013501144164734,15.283981693363772,9.441538461538462,367.5
42107,5.782960514872348,10.013845886241093,16.759016393442625,
42109,8.000000000000004,17.394444444444442,,
42111,7.144318181818172,12.111363636363643,,
42113,7.244444444444445,10.62222222222222,,
42115,7.38841463414634,10.463414634146329,,
42117,7.381249999999998,17.0,,
42119,6.270588235294125,10.922222222222214,,
42121,7.596511627906977,14.588372093023242,,
42123,7.365863453815266,11.987550200803215,,
42125,6.9,17.3,,
42127,7.234536082474238,12.629896907216487,,
42131,7.341666666666667,13.050000000000002,,
42133,7.160829493087554,13.581566820276517,,
44007,6.967857142857149,14.912500000000003,,
44009,7.116666666666666,15.833333333333334,1.2999999999999998,101.33333333333333
45003,6.260000000000006,16.9,,
45013,7.333053221288505,25.77871148459386,92.7244155844156,2800.808510638298
45015,6.382352941176472,15.54705882352941,,
45019,7.3384615384615355,15.202399999999999,,
45029,6.583333333333333,23.066666666666666,,
45035,6.588888888888891,19.055555555555557,,
45057,7.578947368421054,12.184210526315788,,
45073,6.935897435897432,15.323809523809487,2.1833333333333305,176.42857142857142
45075,6.984429065743961,17.257785467128027,2.2,
45079,6.446666666666699,19.780000000000026,,
46009,8.25533980582542,12.790322580645435,,
46019,7.935328638497635,11.50164319248826,,
46023,8.168933669185337,13.951091519730875,,
46033,8.068987341772145,8.703389830508472,2.1555555555555554,
46055,6.959999999999999,15.1,,
46081,8.299999999999997,7.538461538461538,,
46093,7.840514184397109,12.966578014184346,5.0,
46099,8.467326732673236,16.327557755775565,51.94117647058823,
46101,8.355000000000036,13.97222222222225,65.89473684210526,
46103,7.259859154929578,12.816901408450699,,
46135,8.152173913043727,12.510526315789637,10.8375,
47029,8.088888888888878,18.67272727272726,38.099999999999994,
47031,7.25,,,
47033,6.15,17.0,0.3,
47047,6.588235294117681,15.813333333333352,16.0,
47059,8.300000000000052,16.9529411764706,27.318181818181817,
47119,7.837500000000008,16.291666666666668,,
47129,6.914285714285741,17.27777777777778,2.471428571428571,
47131,6.1,18.5,0.1,
47157,6.915753424657537,17.586301369863,15.089285714285708,
48023,7.924742268041238,18.820618556701064,,
48029,7.7902594224180834,23.063178677196397,1.1666666666666667,
48035,7.80669693530079,19.093076049943278,9.171428571428573,
48039,7.574999999999997,22.6,,
48043,7.58,,,
48061,7.986341463414623,25.66829268292683,133.55384615384617,
48069,7.6000000000000005,16.049999999999997,26.5,
48071,7.019999999999999,22.88,0.15,
48073,7.328571428571425,19.614285714285714,,
48079,7.35,20.35,10.0,
48081,8.045454545454545,18.500000000000007,,
48085,7.7,23.6,,
48087,7.912500000000002,19.299999999999994,,
48089,5.316438356164383,19.9,,
48091,7.629411764705884,24.799999999999997,0.6,
48095,8.093333333333337,19.242857142857147,,
48101,7.725000000000062,19.316666666666563,,
48113,7.7842252310338385,21.130646894476563,55.779999999999994,
48121,8.059725792630628,18.795715509854308,25.099999999999998,
48139,7.949441964285728,20.959374999999994,22.099999999999998,
48141,8.309411764705885,16.574117647058817,40.25,
48157,7.740350877192975,23.42192982456139,0.4,
48159,8.0,6.0,43.0,
48161,7.520000000000001,18.9,33.980000000000004,
48167,7.971428571428571,25.464285714285715,,
48169,8.314285714285713,20.55,,
48181,7.855882352941241,20.459090909090914,,
48185,7.3,9.4,,
48189,7.688888888888889,17.51111111111111,8.8,
48201,7.643851851851825,22.496296296296165,30.04237288135593,68.55555555555556
48209,7.884057971014491,20.278125000000003,200.8,
48217,7.9182933630786625,20.462074735080915,6.8999999999999995,
48225,7.850000000000038,21.328571428571454,,
48239,7.665507649513238,22.11107242339833,,
48241,7.0249999999999995,19.375,,
48249,8.257142857142881,23.566666666666666,,
48269,7.737500000000013,19.191666666666674,,
48275,7.863829787234057,18.000177304964602,,
48289,6.6,24.5,,
48291,7.2153846153846155,23.184615384615384,0.48333333333333334,
48297,7.964041095890415,23.242465753424657,,
48309,7.937315130830556,21.555403868031863,14.175,
48311,7.911881188118799,24.219059405940595,,
48315,7.102975047984633,20.87332053742802,5.866666666666667,
48325,6.975,23.0,1.35,
48335,7.646666666666673,19.225000000000005,,
48339,7.857322175732223,22.573686657368665,,
48349,7.842660320641302,19.719664328657192,116.84285714285714,
48373,8.00959409594096,20.41586715867159,0.1,
48375,8.133333333333333,19.48333333333333,,
48377,7.844186046511628,22.9375,65.75,
48389,8.057142857142853,20.857142857142858,,
48399,7.6422222222222285,20.244444444444444,,
48407,8.011382734912226,20.735752482811304,0.5,
48417,7.890909090909087,17.887500000000014,,
48425,8.162500000000001,22.824999999999996,7.525,
48427,8.216666666666661,23.083333333333332,17.116666666666667,
48429,7.908187134502919,20.222027290448345,,
48433,8.0,27.600000000000005,,
48439,7.93691921305981,18.706069485140226,36.6,
48449,7.1400000000000015,20.0,17.5,
48453,7.6023696682464506,22.754545454545475,85.58452380952383,4739.778523489933
48455,8.123076923076907,21.11111111111111,,
48457,7.121428571428579,21.185714285714283,41.0,
48459,7.215384615384616,22.88888888888889,,
48463,8.0100917431193,20.30886850152905,1.5499999999999998,
48465,8.005487804878031,21.971951219512174,1298.7142857142858,
48471,8.069302325581411,23.000697674418603,,
48473,7.15,23.3,0.1,
48479,8.009999999999993,22.75,83.19999999999999,
48481,7.329596412556077,22.03991031390134,,
48483,7.966666666666665,14.233333333333336,,
48485,7.8999999999999915,18.300000000000004,,
48497,5.601960784313728,,,
49001,8.2,18.5,,
49003,7.827091633466136,11.913944223107556,,
49011,7.902132196162049,11.825799573560792,,
49013,7.78888888888889,16.77777777777778,,
49015,8.22285714285714,16.114285714285714,,
49017,8.08181818181818,13.045454545454545,,
49019,8.206756756756759,14.425675675675675,,
49021,8.4,24.0,,
49035,7.826962025316376,13.232531645569614,,
49037,8.22352941176471,15.785714285714286,,
49039,8.1,21.0,,
49045,8.084960937500004,13.579098360655719,,
49047,7.89001701644918,13.600495049504998,,
49051,7.3149999999999995,12.75,,
49053,7.953846153846157,19.666666666666668,,
49055,8.4,21.5,,
50005,6.173981552651709,9.033089930822483,7.8,
50007,7.7375000000000185,10.37142857142857,356.31791044776116,
50009,7.05,0.0,,
50017,7.266666666666666,5.166666666666667,0.1,
50025,8.100000000000001,14.5,0.3,
50027,7.05,1.980000000000001,0.6,
51003,5.966666666666666,17.233333333333334,,
51013,8.429411764705872,19.123529411764707,,
51015,7.276923076923078,14.015384615384617,0.7999999999999999,
51033,5.587499999999999,12.890624999999998,,
51041,7.250171232876753,15.459589041095908,7.693939393939394,
51043,7.1,14.0,27.0,
51059,7.193227990970636,15.395391705069136,8.702895322939868,5488.798206278027
51069,7.1,14.0,0.0,
51073,7.4,27.1,,
51075,7.622857142857217,15.928571428571495,18.74,
51085,6.797448979591846,14.230612244897923,22.58529411764706,
51087,5.684000000000001,11.235999999999997,,
51095,7.916666666666667,20.799999999999997,,
51101,6.32258064516132,12.71612903225808,6.087096774193548,
51113,5.666666666666667,12.100000000000001,,
51115,7.85,18.4,,
51131,6.7,,,
51139,6.775,15.850000000000001,1.1,
51153,6.751789976133657,12.653699284009546,,
51157,5.800000000000001,18.1,,
51165,7.011111111111111,13.977777777777778,3.35,
51171,7.3,13.5,3.5,
51177,7.1636363636363365,14.099999999999977,29.721212121212123,
51187,8.220091324200897,14.92557077625569,,
51199,7.331451612903233,23.803225806451618,,
51550,6.7299999999999995,19.790000000000003,1.0,
51600,7.383471074380162,11.119834710743806,4.207317073170731,1352.6363636363637
51700,7.587611607142854,26.069642857142924,,
51800,5.800000000000001,16.0,48.0,
51810,7.120833333333334,18.079166666666662,5.4,
53001,7.822727272727272,15.609090909090908,2.22,
53005,8.043256997455464,13.637913486005086,2.625,
53017,7.3,16.099999999999998,,
53021,7.760759493670887,18.746753246753254,1.2545833333333334,
53025,7.965405405405401,15.537853107344619,10.718333333333334,
53033,7.7514978601997315,11.107890961262552,28.0,
53035,7.158490566037737,11.516666666666666,,
53037,8.1,21.3,,
53043,8.253846153846208,9.292307692307658,,
53045,7.5428571428571525,7.2142857142857135,,
53053,6.466666666666668,10.799999999999999,3.3333333333333335,
53061,4.920833333333333,,,
53065,7.740000000000007,8.633333333333336,,
53067,6.324999999999999,11.55,0.8,
53073,6.466666666666668,10.1,0.35,
53075,8.439182156133688,11.731672862453495,0.46375000000000005,
53077,8.092192294579041,14.557211046709874,15.0,
54003,7.025,13.649999999999999,1.55,
54011,7.274999999999999,11.0,,
54019,7.24,19.46,,
54029,7.415789473684211,18.6,3.3,40.0
54031,7.125000000000028,11.074999999999996,,
54033,7.3,14.0,1.0,
54037,7.474817518248173,14.099270072992697,17.52222222222222,55.0
54039,6.6875,13.975000000000001,0.4,
54053,7.018181818181827,10.663636363636368,,
54067,6.88214285714286,4.05,,
54071,7.516666666666668,13.366666666666667,1.3666666666666665,
54077,6.414285714285714,11.928571428571429,1.4285714285714288,28.0
54081,8.0,,,
54083,7.9,11.1,0.8,
54093,7.475,9.65,1.3,73.0
54107,7.100000000000017,7.618181818181831,,
55001,7.4,11.9,1.9,
55005,7.1166666666666645,16.71666666666667,,
55007,7.5450549450549556,13.845054945054938,,
55009,7.605783385909553,10.46290672451192,2.156,
55011,7.874137931034483,19.5,,
55015,8.000000000000004,16.942857142857143,,
55019,7.666666666666661,19.072727272727278,,
55021,7.3,11.1,1.8,
55025,7.656986899563303,17.282167042889398,8.98749999999999,1128.375
55031,7.0694444444444455,16.027777777777786,,
55033,7.61666666666667,14.600000000000001,,
55037,7.5725000000000025,10.958421052631511,,
55039,7.44728260869567,16.23152173913045,0.745,
55041,6.625,8.35,42.605,
55043,8.053403141361267,17.12408376963351,,
55045,7.8030303030303045,14.418181818181807,,
55047,7.8856367863602985,16.109403254972804,11.916949152542367,88.94736842105263
55053,6.642417856863443,4.632092406150072,,
55057,6.699999999999999,15.466666666666665,,
55059,8.035820895522434,16.82121212121223,1.2,
55061,7.91666666666667,17.88333333333334,,
55063,7.466666666666666,21.5,,
55065,7.916666666666659,16.675000000000015,,
55067,7.506164383561649,14.983561643835621,15.0,
55069,7.6000000000000005,15.650000000000011,,
55071,7.975000000000002,18.154166666666676,,
55073,7.937837837837839,17.137837837837843,0.55,
55075,7.985714285714282,13.733333333333334,0.18,
55077,8.086927670869288,17.814067684140515,8.44,460.0
55078,8.16,7.37,,
55079,8.11901215209737,13.704652996845127,3.4785714285714286,
55081,7.761111111111109,16.69444444444446,,
55083,7.610526315789472,16.19473684210526,3.7,
55085,7.550000000000005,16.88333333333333,,
55087,7.865717455621314,11.968713017751462,19.55,
55089,8.074074074074069,18.261111111111145,,
55093,7.1,12.1,16.0,
55095,7.8974999999999955,21.82999999999999,18.0,
55097,7.781249999999993,11.301041666666686,1.705,
55101,7.738733705772958,12.622543542556722,2.9,
55105,7.8266666666666636,18.906666666666663,,
55107,6.8500000000000005,17.466666666666665,,
55109,7.912162162162156,15.789189189189184,3.8,
55115,7.406282722513078,14.92879581151832,9.73,
55117,8.030000000000006,18.096666666666632,,
55123,7.758333333333334,15.150000000000006,,
55125,7.33564239705632,9.874272486772211,5.59,
55127,8.224211894104105,12.13854100895714,2.4444444444444446,
55129,8.155602665051521,23.536402180496676,,
55131,7.8938918205800475,11.288324538258205,2.4,
55133,8.02155393155608,12.747227258284246,3.3654545454545457,
55135,7.45,11.766666666666666,20.483333333333334,
55137,7.820879120879112,5.1010989010989,8.078,
55139,7.35,10.825000000000001,0.2975,
55141,7.375000000000006,16.00833333333334,,
56001,7.2,18.0,,
56003,8.281250000000005,9.453125,,
56005,8.018374558303861,9.59434628975265,44.43333333333334,
56007,7.578481012658228,11.436363636363636,3.1028571428571428,
56009,7.551162790697676,5.717054263565892,,
56011,8.070422535211293,7.703638497652582,,
56013,8.163636363636366,6.239795918367347,,
56015,7.761111111111112,13.433333333333334,,
56017,8.3,8.1,,
56019,8.105351521511022,8.293809024134312,,
56021,7.816666666666667,9.666666666666666,0.1,
56023,8.220759493670917,6.77670886075949,,
56025,8.100000000000001,9.34,,
56027,8.000000000000018,12.0,,
56029,7.697653429602955,6.008986731001211,7.614285714285714,
56031,8.925,9.25,,
56033,8.160965372507883,7.846274921301155,5.0,
56035,5.3,,,
56037,8.070261437908497,8.592483660130718,5.720930232558139,
56039,7.980610514414926,6.455788876276949,,
56041,8.049999999999999,12.058823529411764,,
56045,7.983333333333336,12.642857142857142,,
72001,7.320000000000001,21.96,10.100000000000001,663.3333333333334
72005,7.433333333333334,24.5,76.33333333333333,18283.333333333332
72007,7.666666666666665,24.600000000000005,12.433333333333334,363.3333333333333
72009,7.599999999999999,25.566666666666666,16.033333333333335,240.0
72011,7.5000000000000036,24.666666666666664,29.783333333333335,1791.6666666666667
72013,7.420833333333337,26.049999999999986,54.64,774.0
72021,7.716666666666665,26.4,48.0,31050.0
72025,7.6333333333333355,27.066666666666666,21.01111111111111,11646.666666666666
72031,7.7009433962264175,27.746226415094327,6.819512195121952,21098.439024390245
72033,7.85,28.6,11.0,700.0
72037,7.35,,,
72039,7.782142857142859,24.892857142857142,8.306666666666667,928.0
72041,6.666666666666666,26.488888888888894,,
72043,8.05,29.06666666666667,1.6333333333333337,137.66666666666666
72045,7.766666666666669,26.333333333333332,4.266666666666667,350.0
72047,7.8,24.15,4.3,2700.0
72051,7.7,27.85,5.333333333333333,39.0
72053,7.675000000000002,27.600000000000005,4.850000000000003,144.16666666666666
72055,7.799999999999999,26.849999999999998,21.35,495.0
72057,7.16923076923077,25.100000000000005,,
72059,8.1,30.866666666666667,14.333333333333334,536.6666666666666
72061,7.7250000000000005,26.75,36.5,42000.0
72063,7.533333333333335,28.04444444444444,15.15,1450.0
72067,8.09166666666667,25.93333333333332,13.466666666666665,685.0
72069,7.5166666666666675,27.866666666666667,9.299999999999999,15673.666666666666
72071,7.666666666666665,26.899999999999995,,
72081,7.166666666666667,22.36666666666666,103.86666666666663,8900.0
72087,7.821739130434781,28.078260869565224,4.333333333333334,1131.25
72091,7.631999999999997,26.8,6.3999999999999995,7021.444444444444
72095,7.566666666666667,29.100000000000005,5.866666666666667,350.0
72097,8.016666666666666,25.866666666666667,5.0666666666666655,9173.333333333334
72103,7.166666666666668,21.166666666666668,,
72105,7.783333333333335,27.700000000000003,13.466666666666669,660.0
72107,7.916666666666667,24.733333333333334,5.716666666666667,1066.6666666666667
72109,7.699999999999998,28.91666666666667,5.5666666666666655,255.5
72113,8.015000000000004,26.22909090909092,16.9,5169.285714285715
72115,7.3108108108108105,25.018918918918928,3.2000000000000006,64.16666666666667
72119,7.4624999999999995,24.05,8.133333333333333,263.3333333333333
72123,6.63941605839417,28.02846715328471,,
72125,8.016666666666664,27.666666666666668,3.3666666666666663,83.33333333333333
72127,7.682208588957058,27.504294478527612,9.387500000000006,46612.625
72129,7.8,28.0,,
72131,7.600000000000002,24.20000000000001,56.01666666666667,8751.666666666666
72135,7.415384615384616,27.24615384615384,,
72139,7.388888888888891,28.333333333333332,7.250000000000001,15329.916666666666
72141,7.33698630136986,23.324657534246565,59.59166666666666,3291.75
72145,7.628571428571429,25.433333333333334,99.75,6596.666666666667
72151,7.415384615384617,24.876923076923084,22.346153846153847,278.46153846153845
