StateCode,CountyCode,FIPS Code,Mean Temperature (c),Mean_pH,Mean Turbidity,Mean Fecal Coliform,Mean Flow
1,1,01001,18.7,6.1,6.3,,27.9
1,3,01003,23.9,6.6,9.4,49.7,199.2
1,5,01005,25.9,8.2,5.5,,5.7
1,7,01007,20.4,7.1,45.4,,319.4
1,9,01009,22.2,7.7,4.6,,48.8
1,15,01015,21.1,7.6,6.8,,22.4
1,19,01019,18.5,7.3,6.4,520.0,920.5
1,23,01023,21.8,7.4,19.0,,
1,25,01025,23.3,7.2,10.8,,44.3
1,29,01029,22.2,6.9,12.0,,49.9
1,33,01033,16.4,7.1,5.9,,
1,35,01035,24.6,7.0,18.1,,201.7
1,37,01037,20.6,7.1,11.9,,99.0
1,39,01039,21.6,6.9,9.4,,542.0
1,41,01041,24.0,7.5,10.0,,85.7
1,43,01043,21.3,7.6,5.2,,21.7
1,45,01045,19.8,5.9,13.5,,
1,47,01047,20.8,7.1,16.2,,24.0
1,51,01051,21.1,7.4,5.1,,8454.6
1,53,01053,20.3,6.5,5.5,,622.0
1,55,01055,19.6,7.5,21.0,,36.4
1,57,01057,22.5,6.8,12.7,,16.4
1,61,01061,31.5,6.7,12.7,,310.3
1,63,01063,22.2,6.8,24.1,,12.3
1,65,01065,23.7,6.9,17.7,,11.7
1,67,01067,22.4,7.6,0.4,,
1,69,01069,22.4,7.5,0.5,,
1,71,01071,16.6,7.3,9.7,,398.4
1,73,01073,20.5,7.8,8.9,,43.9
1,75,01075,23.8,6.8,63.3,,68.3
1,77,01077,13.6,6.9,1.9,,2.4
1,79,01079,16.3,7.3,4.2,,16.2
1,81,01081,22.1,7.3,8.7,,11.5
1,83,01083,18.0,6.6,6.3,,97.3
1,87,01087,25.0,7.5,6.7,,39.7
1,89,01089,18.0,6.3,7.4,,372.0
1,91,01091,19.5,7.5,38.2,,2.5
1,93,01093,19.9,7.4,5.3,,116.6
1,95,01095,22.4,7.6,1.0,,8.5
1,97,01097,25.5,7.3,10.4,2.5,2253.8
1,101,01101,21.1,5.7,2.1,,794.1
1,103,01103,17.9,7.8,8.1,,6.3
1,107,01107,29.5,8.3,19.2,,1.1
1,111,01111,20.6,6.3,2.6,,82.8
1,113,01113,20.5,6.8,3.8,253.9,
1,115,01115,19.4,8.1,7.2,,36.1
1,117,01117,20.2,7.7,13.1,,166.0
1,119,01119,25.1,7.8,26.7,,141.6
1,121,01121,22.2,7.9,5.9,,70.6
1,123,01123,21.7,6.5,7.9,,62.0
1,125,01125,22.6,7.3,10.0,,38.2
1,127,01127,17.1,7.3,10.1,,17.9
1,133,01133,15.9,6.8,3.5,,15.6
2,13,02013,3.0,,,,
2,20,02020,8.8,7.3,11.6,65.7,1.3
2,50,02050,5.9,7.4,,,
2,68,02068,10.0,,,,
2,90,02090,13.5,7.2,38.9,,
2,100,02100,7.3,7.5,0.2,11.5,
2,110,02110,9.4,5.5,29.5,305.6,
2,122,02122,8.5,7.7,220.4,54.7,1.8
2,150,02150,3.8,,,,
2,164,02164,5.4,7.1,3.4,,
2,170,02170,8.8,7.7,240.0,,
2,185,02185,25.5,27.3,,,
2,198,02198,7.4,,,,
2,220,02220,6.6,7.0,,,
2,270,02270,10.3,7.9,87.5,,
2,282,02282,10.0,,,,
2,290,02290,9.1,7.5,3.6,,
4,1,04001,16.0,8.3,9.3,,7.1
4,3,04003,17.3,8.1,4857.2,,53.6
4,5,04005,15.0,7.9,5820.1,,8.3
4,7,04007,15.6,8.2,37.1,,2.7
4,9,04009,31.6,7.9,227.2,,23.2
4,11,04011,15.3,8.2,7.6,,9.9
4,12,04012,55.0,7.3,19.1,,
4,13,04013,29.8,7.7,135.9,49.9,98.2
4,15,04015,20.7,7.5,170.3,51.3,22.3
4,17,04017,21.0,8.3,,,
4,19,04019,27.3,6.9,16.1,,9.2
4,21,04021,16.2,8.3,7.9,77.0,3.8
4,23,04023,19.5,6.2,37.3,,5.0
4,25,04025,16.3,8.0,52.0,,10.2
4,27,04027,43.5,7.7,9.4,,365.2
5,1,05001,20.6,7.3,21.1,,
5,3,05003,21.1,7.0,13.9,,
5,5,05005,15.5,7.9,3.2,8.0,
5,7,05007,18.1,7.8,3.9,3666.7,
5,9,05009,20.0,7.7,2.6,,
5,13,05013,20.4,7.3,4.4,,
5,15,05015,17.5,7.8,2.5,107.0,
5,17,05017,22.1,7.3,18.4,,
5,19,05019,18.1,7.0,7.3,,
5,21,05021,18.9,7.7,24.9,,
5,23,05023,15.8,7.0,4.4,99.3,
5,25,05025,17.9,6.9,20.6,,
5,27,05027,20.2,7.6,1.9,,
5,29,05029,17.7,6.8,14.8,9311.3,
5,31,05031,20.0,7.4,33.2,,
5,33,05033,22.7,7.0,17.4,,
5,35,05035,18.9,7.4,203.0,,
5,37,05037,19.0,7.2,50.7,,
5,39,05039,20.3,7.1,8.5,,
5,41,05041,21.2,7.1,28.3,1662.2,
5,43,05043,21.6,6.8,8.4,,
5,45,05045,20.1,6.9,10.0,,
5,47,05047,21.0,7.9,16.4,,
5,49,05049,21.7,7.8,1.5,,
5,51,05051,19.0,6.8,12.3,,
5,53,05053,17.2,6.8,17.1,,
5,55,05055,21.0,7.5,123.0,,
5,57,05057,20.2,7.4,38.8,,
5,59,05059,19.7,6.3,8.1,,
5,61,05061,17.2,6.8,7.6,,
5,63,05063,19.3,7.4,20.7,,
5,65,05065,13.0,7.9,5.0,49.8,
5,67,05067,20.0,7.4,56.2,,
5,69,05069,20.7,7.1,18.7,,
5,71,05071,18.7,6.7,13.0,,
5,73,05073,20.1,7.0,21.4,,
5,75,05075,21.0,7.8,28.8,,
5,77,05077,20.6,7.3,38.7,,
5,79,05079,20.6,7.0,33.9,365.0,
5,81,05081,20.7,7.8,36.0,,
5,83,05083,18.4,6.6,14.4,,
5,85,05085,20.6,7.2,35.8,,
5,87,05087,16.0,7.3,15.4,1155.0,
5,89,05089,17.3,7.9,1.3,28.9,
5,91,05091,21.0,6.9,15.9,69.3,
5,93,05093,20.0,7.7,,,
5,95,05095,21.3,7.2,111.1,,
5,97,05097,17.7,7.1,3.8,,
5,101,05101,15.8,7.6,8.8,40.8,
5,103,05103,20.3,6.8,2.6,43.5,
5,105,05105,18.1,6.7,8.6,92.4,
5,107,05107,21.0,7.4,14.2,,
5,109,05109,18.3,7.1,3.0,,
5,111,05111,20.2,7.3,217.8,,
5,113,05113,18.5,7.1,10.8,21.3,
5,115,05115,15.9,6.8,6.2,45.4,
5,117,05117,21.8,7.2,33.3,41.5,
5,119,05119,18.4,6.6,16.8,329.4,
5,121,05121,19.6,7.8,12.8,,
5,123,05123,19.1,7.3,71.4,381.5,
5,125,05125,16.8,6.8,9.5,61.1,
5,127,05127,18.6,7.0,7.5,194.7,
5,129,05129,17.3,7.8,2.9,25.0,
5,131,05131,19.4,7.7,14.0,183.8,
5,133,05133,19.2,6.9,9.1,,
5,135,05135,24.3,8.3,1.6,,
5,137,05137,12.9,7.7,3.1,13.0,
5,139,05139,21.1,7.8,4.0,,
5,141,05141,14.5,6.6,5.3,374.1,
5,143,05143,20.1,7.7,14.3,816.4,
5,145,05145,18.2,7.0,16.4,,
5,147,05147,21.7,6.7,54.2,630.8,
5,149,05149,16.9,6.5,15.2,,
6,1,06001,16.1,7.9,37.6,,
6,3,06003,12.4,7.9,2.2,70.0,
6,5,06005,19.7,7.4,,,
6,7,06007,13.9,7.6,0.7,,
6,9,06009,21.3,7.2,,,
6,11,06011,19.9,8.0,0.5,,
6,13,06013,16.2,7.9,18.5,,1.1
6,15,06015,16.4,7.4,8.6,,
6,17,06017,9.7,7.5,0.1,,
6,19,06019,18.6,7.5,0.3,,
6,21,06021,18.6,7.8,0.2,,
6,23,06023,13.0,7.6,20.8,79.9,
6,25,06025,25.5,7.9,6.0,,
6,27,06027,7.7,7.4,,,
6,29,06029,22.2,7.7,3.7,,
6,31,06031,19.4,7.3,3.5,,
6,33,06033,15.8,7.5,15.3,19.6,
6,35,06035,13.2,8.6,,,
6,37,06037,22.0,7.9,1.5,,
6,39,06039,14.3,7.0,,,
6,41,06041,11.9,7.4,25.5,116.7,2.2
6,43,06043,8.5,6.8,,,
6,45,06045,31.5,7.5,0.2,,
6,47,06047,18.4,7.6,1.8,,
6,49,06049,17.9,7.8,,,
6,51,06051,14.8,7.5,2.0,82.5,
6,53,06053,18.7,7.2,50.3,,
6,55,06055,23.4,7.1,,,
6,57,06057,12.8,7.7,1.3,10.0,
6,59,06059,22.8,7.8,0.2,,
6,61,06061,12.2,7.9,5.4,10.0,
6,63,06063,13.1,7.5,0.9,,
6,65,06065,31.2,8.0,71.5,100.9,
6,67,06067,23.4,7.6,8.0,,
6,69,06069,14.8,7.6,14.3,,0.1
6,71,06071,21.8,8.0,0.3,,
6,73,06073,19.0,7.5,7.2,,
6,75,06075,14.1,7.7,9.3,,2.2
6,77,06077,27.9,7.5,3.8,,
6,79,06079,17.4,7.7,26.5,,
6,81,06081,10.8,7.5,7.8,,
6,83,06083,19.7,7.4,1.9,,
6,85,06085,16.1,8.0,3.0,,
6,87,06087,16.3,6.9,,,
6,89,06089,14.1,7.9,,,
6,91,06091,13.9,7.4,,,
6,93,06093,12.6,7.3,14.2,,
6,95,06095,16.6,7.7,23.5,,
6,97,06097,25.3,7.3,3.8,,
6,99,06099,16.8,7.7,21.0,,
6,101,06101,37.3,7.4,,,
6,103,06103,13.5,8.0,,,
6,105,06105,10.9,7.7,,,
6,107,06107,14.3,7.3,0.4,,
6,109,06109,11.3,7.3,,,
6,111,06111,17.0,,,,
6,113,06113,20.1,8.0,159.5,,
6,115,06115,27.5,7.3,,,
8,1,08001,14.6,7.6,8.7,,
8,5,08005,18.9,7.4,,,
8,7,08007,15.5,8.1,,,
8,13,08013,11.8,6.9,,,
8,15,08015,9.8,,,,
8,19,08019,10.1,9.5,,,
8,21,08021,15.4,8.7,8.0,,
8,27,08027,22.3,8.6,,,
8,29,08029,11.5,8.2,21.2,,228.1
8,31,08031,6.8,8.3,2.0,,
8,35,08035,30.8,7.7,,,
8,37,08037,8.5,7.7,0.2,,
8,39,08039,14.2,7.4,,,
8,41,08041,14.5,7.8,17.7,,
8,43,08043,10.7,8.5,,,
8,45,08045,10.2,8.1,,,
8,49,08049,8.9,7.4,4.7,,
8,51,08051,9.7,7.8,3.4,,13.9
8,53,08053,9.3,6.8,,,18.8
8,57,08057,7.8,7.5,,,
8,59,08059,17.1,8.0,1.2,,
8,65,08065,8.1,6.2,,,6.9
8,67,08067,13.3,8.2,70.0,,
8,69,08069,11.2,7.2,4.5,,
8,71,08071,19.0,7.8,,,
8,75,08075,18.8,7.9,19.0,,
8,77,08077,14.4,8.0,134.3,,7.1
8,81,08081,14.5,8.4,,,
8,83,08083,13.7,8.2,429.1,,61.0
8,85,08085,11.2,8.3,4.3,,100.1
8,87,08087,16.9,8.0,19.7,,
8,89,08089,15.5,8.3,,,
8,91,08091,7.4,7.1,,,46.4
8,93,08093,22.4,7.5,,,1.7
8,97,08097,6.7,7.7,,,
8,101,08101,16.2,7.7,34.1,,
8,103,08103,11.0,8.2,16.1,,
8,107,08107,10.6,8.0,,,
8,109,08109,5.1,7.9,6.2,,
8,111,08111,9.7,6.7,,,
8,115,08115,16.6,7.7,7.1,,
8,117,08117,8.4,6.4,0.3,,0.5
8,123,08123,17.0,8.3,35.8,,
9,1,09001,13.7,7.8,1.6,,
9,3,09003,13.5,7.6,3.0,,
9,5,09005,13.1,8.0,2.0,,
9,7,09007,13.1,7.3,2.3,,
9,9,09009,14.8,7.7,2.6,,
9,11,09011,13.2,7.2,1.5,,
9,13,09013,13.4,7.1,1.9,,
9,15,09015,15.1,7.4,1.7,,
10,1,10001,16.6,7.3,22.2,2.8,
10,3,10003,15.3,7.4,18.0,75.7,
10,5,10005,16.3,7.2,10.9,3.0,
11,1,11001,17.4,7.7,10.4,705.6,4.8
12,1,12001,19.8,7.0,15.1,1553.6,14.5
12,3,12003,21.5,4.4,2.2,49.9,
12,5,12005,24.7,7.5,3.2,30.0,
12,7,12007,22.3,6.9,2.0,76.7,
12,9,12009,23.8,7.8,3.8,62.3,
12,11,12011,24.9,7.6,1.5,233.0,
12,13,12013,22.4,7.2,3.2,33.3,
12,15,12015,89.2,7.6,3.1,207.8,
12,17,12017,22.9,7.3,4.4,28.2,
12,19,12019,23.7,5.6,2.3,105.5,
12,21,12021,24.3,7.3,3.2,55.5,
12,23,12023,21.2,6.6,1.4,269.1,44.3
12,27,12027,24.7,6.9,5.9,433.5,
12,29,12029,19.1,7.2,6.6,34.0,
12,31,12031,22.2,8.0,8.0,1896.8,
12,33,12033,21.8,7.0,6.9,349.5,252.7
12,35,12035,21.8,7.3,5.9,457.0,
12,37,12037,22.7,7.6,5.7,6.0,
12,39,12039,20.8,7.0,8.7,424.5,
12,41,12041,22.8,7.4,0.8,12.5,28.1
12,43,12043,24.9,7.5,5.9,85.9,
12,45,12045,22.4,7.3,9.2,31.5,
12,47,12047,22.5,6.6,4.0,342.1,218.3
12,49,12049,24.4,6.6,3.5,217.3,
12,51,12051,23.7,7.5,3.6,392.9,
12,53,12053,23.7,7.1,3.4,932.2,
12,55,12055,25.2,6.4,5.3,212.4,0.3
12,57,12057,24.2,7.6,3.8,575.4,
12,59,12059,39.7,6.7,12.9,259.4,
12,61,12061,23.2,7.5,4.6,100.7,
12,63,12063,22.0,7.0,3.0,73.7,
12,65,12065,20.3,7.1,3.6,147.3,
12,67,12067,22.3,7.3,1.3,59.0,36.5
12,69,12069,24.2,7.3,4.6,49.9,
12,71,12071,24.6,7.7,3.2,194.9,48.3
12,73,12073,20.4,6.4,8.0,424.4,
12,75,12075,23.0,7.0,2.0,135.8,26.9
12,77,12077,19.8,6.3,2.9,689.8,
12,79,12079,23.2,6.9,3.3,21.0,
12,81,12081,25.1,7.4,2.9,858.5,
12,83,12083,22.8,7.2,1.8,90.2,
12,85,12085,25.4,7.4,3.4,155.6,
12,86,12086,25.5,7.7,0.9,202.6,
12,87,12087,26.6,7.6,0.7,,
12,89,12089,23.4,6.4,7.0,718.7,
12,91,12091,51.8,7.2,9.9,231.2,
12,93,12093,25.5,7.2,7.6,109.5,
12,95,12095,25.2,7.5,3.6,182.4,
12,97,12097,29.6,7.4,3.8,182.2,
12,99,12099,24.6,7.6,3.8,184.7,
12,101,12101,22.8,6.8,2.5,368.7,
12,103,12103,25.8,8.0,3.9,412.4,
12,105,12105,24.5,7.3,6.9,379.9,0.2
12,107,12107,23.1,7.4,5.6,201.6,
12,109,12109,23.4,7.5,5.9,778.9,
12,111,12111,25.9,7.4,4.9,184.9,
12,113,12113,22.4,6.5,4.3,104.4,
12,115,12115,25.1,7.9,4.3,1855.4,
12,117,12117,23.7,7.4,3.2,289.3,
12,119,12119,23.2,6.9,3.4,34.0,
12,121,12121,21.9,7.2,2.0,34.4,24.3
12,123,12123,19.7,7.3,2.1,83.9,
12,125,12125,22.2,5.2,6.3,57.0,
12,127,12127,24.6,7.6,5.5,49.6,
12,129,12129,22.1,6.8,1.9,39.5,
12,131,12131,64.3,6.9,7.2,89.1,
12,133,12133,29.0,6.6,4.9,23.1,
13,7,13007,22.2,7.4,3.1,117.8,1240.0
13,15,13015,15.7,7.4,3.4,154.4,
13,19,13019,19.7,6.2,4.6,259.8,
13,21,13021,17.0,6.8,6.7,,
13,25,13025,21.0,5.9,3.8,216.7,
13,27,13027,21.6,6.7,3.9,411.9,
13,29,13029,20.2,6.6,12.0,1649.3,
13,31,13031,18.2,6.1,2.9,193.7,330.5
13,33,13033,21.4,6.6,6.3,60.0,
13,35,13035,16.8,7.1,8.2,140.7,
13,37,13037,23.2,7.0,7.5,,
13,39,13039,25.1,7.2,9.8,48.0,
13,43,13043,20.7,5.0,2.4,,
13,45,13045,15.3,6.7,12.6,450.6,
13,47,13047,16.2,7.1,9.8,656.9,
13,49,13049,20.4,4.2,0.9,,
13,51,13051,21.4,7.2,18.9,1829.0,15050.0
13,53,13053,21.1,6.9,4.9,1057.5,
13,55,13055,15.5,7.4,5.0,590.9,
13,57,13057,16.6,7.3,14.0,1242.5,
13,61,13061,21.2,6.8,3.2,,
13,63,13063,15.8,6.8,7.7,,
13,65,13065,21.6,3.9,2.1,138.3,
13,67,13067,18.9,6.7,5.2,64.3,
13,71,13071,18.8,6.4,8.7,666.4,
13,75,13075,20.5,5.8,3.7,,
13,77,13077,15.5,6.3,11.1,163.6,
13,79,13079,16.0,6.6,19.0,689.5,
13,81,13081,20.3,7.3,2.5,297.0,
13,83,13083,15.6,7.3,9.2,,
13,87,13087,20.7,7.0,9.5,324.9,1800.0
13,89,13089,16.3,7.0,12.9,1585.6,
13,93,13093,17.6,6.5,7.8,136.0,
13,95,13095,21.0,7.5,3.9,240.8,
13,97,13097,19.1,6.6,14.4,828.6,
13,99,13099,18.5,6.8,7.4,362.0,
13,103,13103,15.2,7.6,5.1,24.0,
13,105,13105,20.6,7.2,1.9,1.3,
13,109,13109,19.8,6.1,3.1,300.0,
13,111,13111,11.4,7.4,2.2,237.5,
13,113,13113,16.1,6.7,15.6,385.8,
13,115,13115,15.6,7.5,8.5,427.3,
13,117,13117,19.0,6.8,,,
13,121,13121,18.0,6.9,18.4,3624.5,
13,123,13123,14.6,7.3,5.3,1202.3,
13,127,13127,25.0,7.4,10.9,117.7,
13,129,13129,15.2,7.4,12.6,462.2,
13,131,13131,20.6,6.8,13.4,619.1,229.0
13,135,13135,17.4,6.9,41.8,310.6,
13,137,13137,20.5,6.3,,,
13,139,13139,18.3,7.0,6.4,3135.3,
13,143,13143,15.9,6.9,7.9,360.7,
13,145,13145,21.3,6.8,7.5,1151.9,
13,147,13147,20.7,6.9,1.9,2.0,
13,149,13149,16.8,6.9,11.6,587.9,
13,151,13151,18.2,7.5,10.6,938.1,
13,153,13153,17.0,6.3,6.9,,
13,155,13155,24.2,7.0,4.8,,
13,161,13161,19.1,7.1,14.2,478.8,3990.0
13,169,13169,13.2,7.3,6.8,85.3,
13,171,13171,16.5,6.7,8.1,318.9,
13,175,13175,18.5,7.2,6.8,135.9,1910.0
13,177,13177,18.3,6.5,5.3,241.3,
13,179,13179,19.4,5.5,13.9,1710.2,
13,183,13183,18.6,7.5,10.7,36.7,3900.0
13,185,13185,19.5,6.6,4.4,674.5,
13,187,13187,13.0,6.8,3.2,397.4,
13,191,13191,23.8,7.3,15.9,20.0,
13,193,13193,19.4,6.5,7.5,219.2,
13,199,13199,17.5,6.6,8.8,,
13,201,13201,18.8,6.8,21.9,,
13,207,13207,18.5,7.1,7.0,82.6,
13,213,13213,15.0,7.0,6.8,,
13,215,13215,25.6,7.3,3.3,66.7,
13,217,13217,17.0,7.2,11.7,477.1,
13,219,13219,17.2,7.3,11.5,8732.2,
13,223,13223,18.7,7.5,3.6,,
13,229,13229,20.8,5.8,3.8,216.7,
13,231,13231,18.8,6.9,7.8,,
13,233,13233,17.4,7.8,7.7,,
13,235,13235,21.6,7.2,12.4,80.0,
13,239,13239,25.4,7.3,5.2,,
13,243,13243,18.1,6.6,9.5,245.3,
13,245,13245,20.3,5.4,1.9,99.9,
13,247,13247,15.9,6.9,12.7,285.4,
13,251,13251,21.6,7.1,5.9,40.9,
13,253,13253,24.3,7.3,9.0,2453.2,
13,259,13259,20.8,6.7,13.3,340.6,2930.0
13,261,13261,18.1,6.3,8.8,238.1,
13,263,13263,16.7,6.4,12.3,,
13,267,13267,21.9,6.7,2.3,,
13,269,13269,22.0,5.8,5.4,,
13,271,13271,16.6,6.1,4.8,334.7,
13,273,13273,21.0,6.8,10.6,,
13,275,13275,19.6,6.6,8.6,,
13,277,13277,22.5,7.4,5.9,565.5,
13,285,13285,20.1,7.0,7.6,268.4,
13,287,13287,21.3,,5.5,,
13,291,13291,11.5,7.4,2.9,,
13,293,13293,17.1,6.9,8.2,157.2,
13,295,13295,14.5,7.7,7.8,316.8,
13,297,13297,14.4,6.6,9.9,475.0,
13,305,13305,22.9,7.6,16.1,33.3,
13,307,13307,17.8,6.5,7.9,386.3,
13,309,13309,21.9,6.5,16.3,260.0,
13,311,13311,17.3,6.0,,,
13,313,13313,16.0,7.5,12.3,462.8,
13,319,13319,16.2,6.0,8.2,,
13,321,13321,19.1,6.7,7.0,,
15,1,15001,22.2,8.0,5.3,,
15,3,15003,22.3,,,,
15,5,15005,21.5,7.9,-0.4,,
15,9,15009,20.4,7.5,0.3,,
16,1,16001,14.5,7.5,4.4,,
16,5,16005,11.2,9.0,11.2,,121.7
16,7,16007,11.8,8.4,16.1,,
16,9,16009,4.5,7.2,,,
16,11,16011,15.3,8.0,3.0,47.6,611.9
16,13,16013,10.8,7.9,3.2,4.0,
16,15,16015,9.4,7.1,8.1,,
16,17,16017,8.1,7.4,3.8,,78.1
16,19,16019,13.6,8.1,3.6,14.8,
16,21,16021,7.4,,,,
16,23,16023,13.0,7.8,1.7,,
16,27,16027,16.0,7.9,40.0,1134.1,11.1
16,29,16029,11.2,8.2,13.8,,
16,31,16031,12.5,8.1,22.0,314.0,10.0
16,33,16033,10.9,7.4,,,
16,35,16035,17.3,,,,16.9
16,37,16037,6.8,7.9,,,
16,39,16039,15.8,7.8,5.2,,
16,41,16041,13.0,8.0,9.2,,
16,43,16043,18.3,8.1,4.7,41.5,
16,45,16045,10.8,7.5,15.8,40.4,3279.9
16,47,16047,14.9,8.0,0.1,,
16,49,16049,4.9,,,,
16,51,16051,13.4,7.6,,,
16,53,16053,14.1,8.0,0.2,,
16,55,16055,11.0,6.3,,,
16,59,16059,9.3,,,,
16,61,16061,7.8,,10.9,,
16,63,16063,13.6,8.2,0.1,6.0,
16,67,16067,14.1,8.0,3.6,55.1,116.4
16,69,16069,11.1,7.2,9.8,,
16,73,16073,11.3,8.0,7.6,60.0,
16,75,16075,11.5,7.9,11.4,246.6,3814.3
16,77,16077,14.2,8.3,7.7,126.0,13.1
16,79,16079,9.3,6.2,29.9,,30.8
16,83,16083,12.3,8.3,8.7,,
16,85,16085,11.8,7.4,2.9,10.0,653.1
17,3,17003,19.1,8.2,62.9,510.7,
17,7,17007,15.2,8.4,10.3,88.3,
17,11,17011,16.6,8.4,18.5,1278.3,
17,19,17019,23.2,,,,
17,25,17025,19.6,7.6,14.0,,
17,27,17027,24.5,8.1,,,
17,29,17029,24.8,8.3,,,
17,31,17031,20.4,7.4,2.9,,
17,37,17037,14.4,,,,
17,43,17043,21.3,,,,
17,47,17047,22.0,7.9,9.3,,
17,49,17049,17.7,7.8,4.8,,
17,51,17051,24.1,7.4,,,
17,55,17055,24.9,8.2,,,
17,57,17057,26.4,,,,
17,61,17061,18.9,8.4,30.0,,
17,63,17063,13.5,8.3,10.7,158.4,
17,73,17073,12.0,8.0,8.8,112.0,
17,75,17075,14.5,8.0,18.3,291.0,
17,81,17081,23.1,8.2,,,
17,83,17083,17.6,8.3,24.2,263.7,
17,85,17085,12.3,7.9,13.1,292.6,
17,89,17089,18.9,7.4,4.3,,
17,91,17091,19.3,7.4,6.6,77.4,
17,93,17093,25.0,,,,
17,97,17097,18.9,8.0,,,
17,99,17099,15.4,8.2,13.3,44.0,
17,103,17103,15.6,,,,
17,105,17105,11.2,7.9,,,
17,109,17109,17.2,,,,
17,111,17111,17.4,6.6,6.5,,
17,113,17113,12.3,7.3,,,
17,119,17119,22.2,8.3,,,
17,139,17139,24.0,7.9,,,
17,141,17141,12.8,8.4,16.8,66.0,
17,143,17143,20.3,7.3,10.0,,
17,147,17147,21.8,8.0,,,
17,149,17149,12.8,8.3,,,
17,153,17153,14.2,7.9,39.9,,
17,157,17157,20.6,7.3,57.0,,
17,161,17161,14.9,8.6,23.9,28.8,
17,163,17163,21.1,,,,
17,167,17167,21.9,8.9,,,
17,171,17171,19.3,8.3,48.5,,
17,173,17173,18.7,7.6,11.6,,
17,177,17177,12.1,7.8,42.7,186.0,
17,181,17181,18.6,8.0,32.3,,
17,183,17183,29.0,,,,
17,189,17189,19.4,,,,
17,191,17191,22.4,7.4,12.3,,
17,195,17195,13.3,8.4,20.9,35.0,
17,197,17197,19.0,7.9,13.1,52.3,
17,201,17201,12.8,8.3,16.1,163.6,
18,1,18001,22.1,8.2,36.6,,
18,3,18003,23.2,8.3,37.0,,295.5
18,11,18011,11.7,8.2,16.1,,
18,39,18039,82.5,,,,
18,51,18051,23.0,8.2,33.8,,
18,59,18059,16.1,7.9,24.9,,
18,73,18073,18.9,7.3,5.0,,
18,89,18089,20.2,7.8,6.7,,
18,105,18105,86.0,,,,
18,111,18111,17.6,7.4,4.1,,
18,113,18113,18.5,,,,
18,123,18123,12.9,7.9,56.0,,
18,127,18127,20.8,7.5,51.9,,
18,129,18129,14.7,8.1,48.5,,
18,149,18149,18.0,,6.8,,
18,151,18151,74.8,,,,
18,173,18173,16.8,8.1,,,
19,1,19001,24.0,8.5,24.3,,
19,3,19003,24.1,8.1,19.5,,
19,5,19005,14.1,8.2,7.0,,114.6
19,7,19007,22.1,8.3,26.8,,20.7
19,9,19009,23.5,8.6,26.7,,
19,11,19011,18.9,8.6,18.2,,
19,13,19013,17.9,8.3,13.6,,470.3
19,15,19015,22.7,8.3,3.1,,
19,17,19017,16.8,8.3,17.4,,389.1
19,19,19019,18.7,7.9,8.1,,361.0
19,21,19021,25.6,7.8,25.2,,
19,23,19023,21.0,8.2,82.0,,337.3
19,25,19025,24.9,8.8,42.9,,
19,27,19027,22.8,8.2,27.3,,
19,29,19029,25.2,8.7,13.2,,
19,33,19033,22.7,8.5,15.8,,104.5
19,35,19035,11.7,8.3,43.4,,707.8
19,39,19039,23.0,8.1,23.7,,
19,41,19041,15.9,8.3,85.2,,314.2
19,43,19043,13.7,8.1,9.7,,182.1
19,45,19045,18.5,8.4,36.1,,22.0
19,47,19047,23.6,8.5,2.9,,
19,49,19049,20.3,8.3,43.2,,351.4
19,51,19051,26.3,8.8,8.8,,
19,53,19053,24.0,8.3,11.4,,116.2
19,55,19055,21.1,8.6,6.6,,29.4
19,57,19057,22.1,8.4,15.3,,
19,59,19059,27.2,8.6,18.8,,208.1
19,61,19061,27.2,7.6,8.8,,3.9
19,63,19063,23.7,8.7,62.4,,
19,65,19065,19.0,8.2,12.2,,0.7
19,67,19067,17.8,8.6,8.0,,377.3
19,69,19069,25.6,8.7,22.5,,
19,71,19071,16.0,8.3,334.7,,10878.3
19,73,19073,24.2,8.8,32.5,,
19,75,19075,12.8,7.4,,,
19,77,19077,24.4,8.6,8.3,,
19,79,19079,23.1,8.9,15.4,,187.6
19,81,19081,21.5,8.5,19.0,,5.0
19,83,19083,15.9,8.2,12.1,,131.4
19,85,19085,17.8,8.3,186.5,,346.9
19,87,19087,20.6,8.4,26.2,,57.4
19,89,19089,24.2,8.9,13.6,,
19,91,19091,12.6,8.2,38.2,,794.3
19,93,19093,23.3,8.5,4.1,,
19,95,19095,27.2,7.6,13.0,,
19,97,19097,14.9,8.2,19.4,,631.1
19,99,19099,22.4,8.4,52.7,,42.4
19,103,19103,20.3,8.2,14.9,,650.5
19,105,19105,24.1,8.6,18.2,,
19,107,19107,18.5,8.3,18.1,,208.7
19,109,19109,19.2,7.9,17.1,,256.0
19,111,19111,17.1,8.5,23.3,,1193.3
19,113,19113,17.2,8.0,7.5,,1125.4
19,115,19115,20.6,8.2,32.3,,6183.3
19,117,19117,23.0,8.1,55.7,,358.2
19,119,19119,21.8,8.8,29.5,199.0,
19,121,19121,24.1,8.5,17.5,,
19,123,19123,22.7,8.5,18.0,,316.0
19,125,19125,20.8,8.0,19.4,,43.1
19,127,19127,16.9,8.3,10.4,,287.6
19,129,19129,18.1,8.1,48.3,,249.0
19,131,19131,21.7,8.1,5.9,,3.0
19,133,19133,18.1,8.4,59.8,,15800.2
19,135,19135,22.6,7.8,23.4,,
19,137,19137,25.9,8.5,6.5,,
19,139,19139,19.8,9.0,25.9,,2655.5
19,141,19141,23.8,8.4,13.9,,
19,143,19143,15.2,8.2,133.3,,269.3
19,145,19145,21.4,8.3,106.9,,282.4
19,147,19147,24.9,8.0,27.5,,
19,149,19149,16.3,8.5,355.0,,1189.2
19,153,19153,27.8,8.1,18.8,,1300.5
19,155,19155,21.9,8.5,72.1,,59.7
19,157,19157,24.1,8.4,19.2,,11.0
19,159,19159,24.6,8.2,16.9,,
19,161,19161,19.7,8.6,46.7,,65.7
19,163,19163,19.0,8.5,26.9,,1146.7
19,165,19165,23.4,8.1,4.8,,
19,167,19167,12.0,8.2,277.0,,454.1
19,169,19169,19.6,8.1,6.8,,53.5
19,171,19171,19.5,8.2,20.1,,
19,173,19173,24.8,8.7,27.4,,
19,175,19175,24.4,8.3,18.4,,
19,177,19177,21.6,8.5,17.8,,3768.3
19,179,19179,14.5,8.5,16.8,,1891.7
19,181,19181,19.8,8.2,46.3,,135.9
19,183,19183,16.4,8.1,43.8,,85.9
19,185,19185,23.9,7.8,55.8,,75.8
19,187,19187,18.9,8.4,19.8,,751.6
19,191,19191,18.3,8.1,24.0,,1.5
19,193,19193,19.4,8.4,88.7,,236.8
19,195,19195,20.0,7.8,6.2,,
19,197,19197,20.5,8.3,12.1,,
20,1,20001,19.3,7.4,14.6,,
20,3,20003,30.0,8.3,7.9,,
20,5,20005,14.1,7.8,16.6,,
20,7,20007,18.1,7.9,31.9,,
20,9,20009,14.2,7.9,1.9,,
20,11,20011,17.1,7.4,23.7,,
20,13,20013,17.9,8.1,33.0,,0.5
20,15,20015,13.9,7.7,13.8,,
20,17,20017,12.8,7.7,13.0,,
20,19,20019,20.3,7.9,27.2,,
20,21,20021,20.3,7.6,33.3,,
20,23,20023,10.5,7.9,48.8,,
20,27,20027,15.3,7.9,57.0,,
20,29,20029,13.7,7.9,56.5,,
20,31,20031,16.3,7.7,25.2,,
20,33,20033,18.4,7.9,1.9,,
20,35,20035,16.8,8.1,11.3,,
20,37,20037,24.3,7.7,12.8,,
20,41,20041,14.6,7.9,86.8,,
20,43,20043,17.5,8.0,27.4,,
20,45,20045,18.3,7.9,17.2,,
20,47,20047,14.0,8.0,7.6,,
20,49,20049,18.0,7.6,19.1,,
20,51,20051,10.0,7.6,17.2,,
20,53,20053,20.1,8.0,27.7,,
20,55,20055,15.6,7.4,0.2,,
20,59,20059,20.0,7.9,23.5,,
20,61,20061,21.6,8.1,31.7,,
20,63,20063,6.0,7.8,63.5,,
20,65,20065,14.6,8.1,19.1,,
20,73,20073,18.9,7.7,17.0,,
20,75,20075,13.0,7.9,7.0,,
20,77,20077,19.8,8.2,38.7,,
20,79,20079,16.5,7.0,7.3,446.7,
20,83,20083,15.5,7.5,3.2,,
20,85,20085,16.6,7.5,305.4,,
20,87,20087,21.7,7.9,18.1,,
20,89,20089,23.5,,147.0,,
20,91,20091,22.8,8.0,52.4,10805.1,
20,93,20093,1.0,8.0,69.0,,
20,95,20095,23.6,8.4,9.6,,
20,97,20097,16.4,7.9,7.0,,
20,99,20099,20.2,7.6,37.3,,
20,103,20103,17.7,7.8,14.1,395.7,
20,105,20105,15.3,7.9,18.2,,
20,107,20107,24.0,7.6,13.5,,
20,109,20109,8.3,7.7,104.7,,
20,111,20111,15.6,7.7,209.8,,
20,113,20113,28.0,8.8,20.5,,
20,115,20115,16.3,7.8,20.8,,
20,117,20117,15.4,8.0,29.1,,
20,119,20119,16.6,8.2,2.5,,
20,121,20121,22.3,7.7,14.0,,
20,123,20123,15.6,8.0,28.2,,
20,125,20125,17.7,7.6,91.4,,
20,127,20127,13.4,7.8,10.9,,
20,129,20129,16.9,7.5,,,
20,131,20131,19.8,8.2,15.9,,
20,133,20133,18.2,7.5,20.8,,
20,135,20135,9.5,8.0,20.7,,
20,137,20137,14.9,7.9,23.3,,
20,139,20139,12.0,7.6,44.9,,
20,141,20141,14.2,7.8,16.1,,
20,143,20143,14.2,7.7,57.7,,
20,145,20145,13.0,7.1,3.1,,
20,147,20147,11.6,7.8,19.8,,
20,149,20149,22.0,8.0,18.2,429.7,
20,155,20155,17.3,8.1,12.6,233.8,
20,157,20157,17.4,8.1,92.5,,
20,159,20159,12.9,7.8,16.2,,
20,161,20161,19.8,7.9,12.6,,
20,163,20163,16.2,8.0,13.7,,
20,165,20165,11.0,7.6,10.6,,
20,167,20167,19.4,7.9,18.7,,
20,169,20169,16.3,8.0,43.0,,
20,173,20173,16.9,7.4,14.1,855.1,
20,177,20177,16.9,7.9,100.3,,
20,183,20183,17.2,7.9,30.2,,
20,191,20191,17.9,8.1,14.6,,
20,195,20195,17.0,7.8,25.0,,
20,197,20197,18.8,8.0,14.1,,
20,201,20201,16.7,8.1,83.2,,
20,205,20205,19.9,7.6,87.1,,
20,207,20207,20.4,7.3,43.7,,
20,209,20209,22.8,8.0,60.1,,
21,1,21001,12.5,8.0,,,
21,3,21003,16.2,7.8,,,
21,5,21005,16.8,7.8,13.8,,
21,7,21007,17.6,8.4,16.0,,
21,9,21009,12.0,8.6,,,
21,11,21011,14.7,7.9,,,
21,13,21013,16.9,8.1,,,
21,17,21017,17.5,7.4,,,
21,19,21019,13.0,7.9,,,
21,23,21023,13.5,8.1,18.8,,
21,25,21025,15.7,8.0,6.0,,
21,27,21027,4.2,7.8,,,
21,29,21029,17.3,7.3,11.7,,
21,31,21031,14.9,7.7,,,
21,33,21033,17.4,7.9,,,
21,39,21039,15.6,7.2,,,
21,43,21043,20.2,7.5,6.7,,
21,47,21047,8.9,7.6,32.0,,
21,51,21051,16.3,7.7,,,
21,53,21053,21.0,8.2,,,
21,55,21055,7.3,7.5,13.0,,
21,57,21057,18.0,7.4,2.3,,
21,59,21059,11.7,7.9,,,
21,61,21061,14.7,7.4,12.4,,79.8
21,63,21063,13.9,7.4,2.8,,
21,71,21071,14.5,8.0,5.0,,
21,73,21073,17.7,7.6,,,
21,77,21077,18.8,8.0,50.1,,
21,79,21079,16.4,7.5,5.4,,
21,83,21083,14.9,7.5,,,
21,85,21085,4.6,7.9,,,
21,87,21087,12.8,8.1,,,
21,89,21089,14.7,7.6,22.1,,
21,91,21091,22.8,7.9,,,
21,93,21093,15.9,7.4,39.2,,
21,95,21095,20.8,7.4,,,
21,97,21097,15.7,7.6,,,
21,99,21099,16.1,7.4,17.2,,26.5
21,101,21101,10.2,8.0,,,
21,105,21105,14.7,7.3,,,
21,107,21107,12.1,7.7,,,
21,109,21109,13.6,7.6,,,
21,111,21111,21.9,8.0,7.9,,
21,113,21113,17.0,7.8,,,
21,115,21115,11.5,7.6,10.9,,
21,117,21117,14.9,8.7,,,
21,119,21119,8.2,7.8,4.9,,
21,121,21121,15.6,7.6,,,
21,123,21123,14.6,7.6,,,142.1
21,125,21125,15.9,7.3,,,
21,127,21127,16.9,7.7,10.9,,
21,129,21129,16.1,7.9,3.1,,
21,131,21131,22.6,8.2,13.2,,
21,133,21133,7.7,8.2,1.2,,
21,135,21135,14.7,7.6,,,
21,139,21139,16.9,7.9,21.6,,
21,141,21141,14.1,8.1,,,
21,143,21143,27.6,7.9,13.6,,
21,145,21145,17.8,8.0,5.9,,
21,147,21147,16.9,7.5,8.9,,
21,149,21149,11.8,7.6,,,
21,151,21151,16.6,7.8,,,
21,159,21159,16.1,7.8,5.5,,
21,167,21167,15.1,7.7,14.5,,
21,169,21169,10.3,8.0,,,
21,171,21171,14.5,7.8,3.6,,
21,175,21175,16.0,7.4,,,
21,177,21177,10.2,7.6,,,
21,179,21179,16.3,7.4,,,
21,183,21183,13.3,7.9,,,
21,185,21185,15.5,8.0,6.5,,
21,187,21187,17.5,7.6,7.9,,
21,189,21189,16.4,7.8,5.4,,
21,191,21191,17.8,7.6,21.6,,
21,195,21195,18.4,8.2,220.6,118.8,
21,197,21197,15.5,7.3,,,
21,199,21199,18.3,7.7,,,
21,203,21203,16.9,7.7,3.8,,
21,207,21207,14.7,7.1,5.7,,
21,211,21211,23.6,7.6,6.4,,
21,215,21215,21.9,7.7,6.5,,
21,221,21221,22.7,7.9,20.5,,
21,223,21223,12.4,8.0,11.4,,
21,225,21225,7.6,7.8,,,
21,227,21227,14.9,7.9,,,
21,229,21229,16.9,7.8,15.3,,
21,231,21231,16.8,7.8,,,
21,233,21233,13.2,7.9,,,
21,235,21235,16.2,7.4,43.8,,
22,1,22001,22.6,7.4,,,
22,3,22003,17.7,7.0,17.4,3215.0,
22,5,22005,24.0,7.9,,,
22,11,22011,19.3,7.4,50.1,3476.7,
22,13,22013,20.8,6.1,1.2,,
22,15,22015,20.1,5.6,1.3,,
22,19,22019,34.0,7.9,44.2,749.3,
22,21,22021,23.1,8.7,0.9,,
22,23,22023,78.7,,,55.5,
22,27,22027,24.6,9.0,0.4,,
22,33,22033,24.8,8.2,,,
22,45,22045,27.9,7.7,38.1,3546.2,
22,47,22047,24.3,7.2,571.9,9587.5,1.0
22,49,22049,23.8,8.3,0.5,,
22,51,22051,55.0,7.1,19.2,28.8,
22,53,22053,21.7,7.1,70.4,1497.2,
22,61,22061,22.5,8.2,1.0,,
22,65,22065,27.8,9.0,14.4,,
22,67,22067,23.8,8.2,56.2,,
22,69,22069,26.7,8.9,,,
22,71,22071,27.6,7.5,,,
22,73,22073,22.7,8.6,0.4,,
22,75,22075,18.8,8.0,40.0,,
22,77,22077,23.6,7.3,122.3,4733.3,0.3
22,79,22079,26.0,7.6,30.6,,
22,81,22081,21.9,7.8,20.3,,
22,87,22087,27.8,7.7,,,
22,97,22097,393.4,7.4,29.7,828.9,
22,99,22099,103.8,7.5,59.7,892.0,
22,101,22101,37.0,8.9,37.0,197.7,
22,103,22103,45.4,,,107.3,
22,109,22109,25.2,,,,
22,111,22111,23.5,8.4,0.6,,
22,119,22119,21.0,7.5,0.5,,
22,121,22121,26.6,7.4,253.7,5140.0,0.9
22,123,22123,21.9,7.5,303.0,,
22,125,22125,20.1,8.0,49.1,,
22,127,22127,22.4,7.8,0.7,,
23,1,23001,10.5,8.2,0.1,,
23,3,23003,21.9,8.0,0.7,,
23,5,23005,14.4,6.4,78.5,,
23,7,23007,20.2,7.2,0.6,,
23,9,23009,15.8,6.4,0.5,,2.3
23,11,23011,20.5,7.5,0.8,,
23,13,23013,18.8,7.1,,,
23,15,23015,22.0,6.7,,,
23,17,23017,18.3,6.3,1.5,,
23,19,23019,21.2,7.2,1.2,,
23,21,23021,19.4,6.9,1.0,,
23,23,23023,16.6,,,,
23,25,23025,18.4,7.3,0.6,,
23,27,23027,20.8,7.0,0.5,,
23,29,23029,18.7,6.9,2.4,,
23,31,23031,17.0,6.8,0.2,170000.0,
24,1,24001,12.8,7.9,16.8,,252.3
24,3,24003,14.9,7.6,54.4,10.1,7.8
24,5,24005,14.1,7.8,15.7,17.1,29.5
24,9,24009,17.4,7.8,0.4,17.8,
24,11,24011,16.7,7.0,2.4,,
24,13,24013,12.1,7.7,58.3,,
24,15,24015,17.3,8.0,4.7,11.1,222.6
24,17,24017,16.5,7.7,16.9,9.1,
24,19,24019,18.6,7.7,2.3,21.5,
24,21,24021,12.0,7.8,13.0,,9.3
24,23,24023,12.8,7.4,10.3,,0.3
24,25,24025,17.4,7.9,9.8,3.3,
24,27,24027,12.8,7.5,20.2,,145.5
24,29,24029,14.7,7.2,5.9,52.5,19.8
24,31,24031,14.3,7.6,11.8,1969.5,0.5
24,33,24033,16.2,7.5,22.0,429.6,2.2
24,35,24035,17.2,7.5,1.7,24.5,
24,37,24037,17.3,8.1,0.3,17.2,
24,39,24039,19.1,7.7,0.2,31.2,
24,41,24041,17.5,7.8,0.4,17.4,
24,43,24043,13.1,9.1,4.9,,321.3
24,45,24045,19.8,7.4,0.6,27.5,
24,47,24047,28.9,7.2,13.1,4.9,
24,510,24510,20.5,7.6,,115.7,
25,1,25001,23.6,,2.7,,
25,3,25003,15.4,7.8,1.2,,
25,5,25005,12.6,5.4,0.5,,
25,9,25009,17.3,7.3,4.1,17000.0,
25,11,25011,15.4,7.9,1.3,,
25,13,25013,14.4,7.3,2.5,,
25,15,25015,14.8,7.3,0.8,,
25,17,25017,11.7,7.0,3.3,,1.0
25,23,25023,21.7,7.0,17.2,,
25,25,25025,17.3,,,,
25,27,25027,13.2,6.8,2.2,,
26,1,26001,5.8,8.3,0.8,,
26,3,26003,16.5,8.0,0.1,,
26,5,26005,15.3,8.1,13.6,,
26,7,26007,13.2,8.3,1.3,,
26,11,26011,12.6,8.2,13.5,,
26,17,26017,17.4,8.2,9.9,,
26,19,26019,18.7,8.0,,,
26,21,26021,18.9,8.2,4.4,,
26,25,26025,26.2,8.0,5.4,,
26,29,26029,15.0,9.0,,,
26,31,26031,16.9,8.2,2.0,,
26,33,26033,13.9,7.2,95.2,,
26,35,26035,12.4,8.3,,,
26,37,26037,13.3,7.7,,,
26,41,26041,13.7,8.0,3.5,,
26,43,26043,11.9,8.2,,,
26,49,26049,12.5,7.9,,,
26,51,26051,13.5,8.3,4.0,,
26,53,26053,45.4,7.8,,,
26,55,26055,12.4,8.2,2.9,,
26,59,26059,14.1,7.5,,,
26,61,26061,11.9,8.0,,,
26,63,26063,13.9,8.6,3.6,,
26,65,26065,16.1,8.0,,,
26,67,26067,16.4,8.0,6.0,,
26,69,26069,10.5,8.2,0.7,,
26,71,26071,25.1,8.2,1.6,,
26,73,26073,17.8,7.9,7.1,,
26,77,26077,19.3,7.9,4.9,,
26,79,26079,13.5,7.6,,,
26,83,26083,17.6,7.9,0.2,,
26,85,26085,13.4,8.2,,,
26,89,26089,25.5,8.4,,,
26,91,26091,16.2,7.9,,,
26,93,26093,15.7,7.9,3.1,,
26,95,26095,4.8,8.4,0.2,,
26,97,26097,14.3,7.8,22.1,,
26,99,26099,16.8,7.5,24.9,,
26,101,26101,14.0,8.2,3.7,,
26,103,26103,10.6,7.8,,,
26,105,26105,12.5,8.5,2.9,,
26,107,26107,12.7,8.6,,,
26,109,26109,16.4,7.8,7.0,,
26,115,26115,16.5,7.9,28.1,,
26,117,26117,15.6,8.2,,,
26,119,26119,62.5,,,,
26,121,26121,17.1,8.3,36.3,,
26,123,26123,14.5,8.0,3.4,,
26,125,26125,18.6,8.0,,,
26,127,26127,6.9,8.5,6.6,,
26,129,26129,9.6,8.4,,,
26,131,26131,10.4,7.9,31.6,,
26,133,26133,13.6,8.2,3.7,,
26,135,26135,36.6,8.3,1.5,,
26,139,26139,14.6,8.4,22.1,,
26,141,26141,6.2,8.7,0.2,,
26,145,26145,15.8,8.2,14.0,,
26,147,26147,16.6,8.1,10.6,,
26,149,26149,20.1,8.1,4.4,,
26,151,26151,13.0,8.3,4.0,,
26,153,26153,15.7,8.2,3.7,,
26,155,26155,76.0,,,,
26,157,26157,16.5,8.2,4.3,,
26,159,26159,7.2,8.7,0.3,,
26,161,26161,14.9,8.2,19.1,,
26,163,26163,17.2,7.9,19.8,,
27,1,27001,14.6,7.3,12.0,,4852.2
27,3,27003,14.9,7.3,14.3,,4.4
27,5,27005,21.2,8.5,13.4,,22.0
27,7,27007,10.5,6.8,7.0,,1.0
27,9,27009,18.9,8.0,7.7,,
27,11,27011,19.2,8.3,,,
27,13,27013,18.5,8.4,86.4,,418.6
27,15,27015,21.8,8.2,99.8,,654.4
27,17,27017,17.2,7.3,48.5,,1867.8
27,19,27019,18.3,8.1,62.7,,40.0
27,21,27021,19.1,8.0,3.5,,1231.3
27,23,27023,21.2,8.3,53.2,210.4,319.4
27,25,27025,34.9,7.6,18.6,,328.1
27,27,27027,17.4,8.3,29.2,,107.7
27,29,27029,17.9,7.9,8.9,,
27,31,27031,15.8,7.2,12.8,,212.4
27,33,27033,25.3,8.6,,,
27,35,27035,17.6,7.7,3.0,,116.3
27,37,27037,18.7,8.1,10.9,238.3,96.1
27,39,27039,21.2,8.0,,,
27,41,27041,20.3,8.0,,,
27,43,27043,21.2,8.3,,,
27,45,27045,16.7,7.7,29.1,295.7,0.9
27,47,27047,23.6,8.6,24.8,,55.5
27,49,27049,18.9,8.0,51.5,33.8,1374.6
27,51,27051,21.1,8.4,26.7,,29.5
27,53,27053,17.2,7.7,49.8,,12.2
27,55,27055,17.3,8.2,7.2,,419.7
27,57,27057,19.0,7.9,2.2,,1.0
27,59,27059,27.7,7.8,,,
27,61,27061,14.6,7.6,24.6,,50.8
27,63,27063,20.4,8.1,72.1,,408.4
27,65,27065,17.0,7.6,5.4,,362.7
27,67,27067,21.2,8.3,16.3,,39.6
27,69,27069,13.8,8.2,43.2,,1779.8
27,71,27071,13.3,7.7,28.3,,3176.9
27,73,27073,20.7,8.3,26.1,,416.3
27,75,27075,18.4,7.1,32.0,,354.4
27,77,27077,17.8,7.7,7.4,,155.2
27,79,27079,22.6,9.0,,,
27,81,27081,23.4,8.2,,,
27,83,27083,19.5,8.2,66.9,,149.2
27,85,27085,23.0,8.3,31.3,,429.6
27,87,27087,22.5,8.2,51.2,,
27,89,27089,16.0,8.0,15.1,,28.9
27,91,27091,27.2,8.5,,,
27,93,27093,20.7,8.3,24.9,,59.1
27,95,27095,16.7,7.4,,,
27,97,27097,19.6,8.5,6.2,,8614.6
27,99,27099,18.0,7.8,8.6,1125.9,87.1
27,101,27101,23.6,8.5,,,
27,103,27103,16.1,8.0,121.3,,2106.1
27,105,27105,23.4,8.3,27.3,,46.4
27,107,27107,17.1,8.2,22.9,,0.8
27,109,27109,18.6,8.0,97.2,4969.6,49.6
27,111,27111,22.2,8.1,15.3,,124.2
27,113,27113,20.5,8.3,7.8,,209.7
27,115,27115,20.1,7.2,5.6,,1139.7
27,117,27117,18.5,8.2,46.3,,87.3
27,119,27119,16.9,8.0,11.0,,77.3
27,121,27121,21.7,8.4,,,5.3
27,123,27123,18.0,8.0,6.5,,16.0
27,125,27125,17.9,8.1,11.0,,192.5
27,127,27127,16.9,7.4,25.1,1306.2,270.4
27,129,27129,19.6,8.0,49.4,109.0,122.9
27,131,27131,23.6,7.9,28.0,412.0,480.2
27,133,27133,18.8,8.2,76.3,305.2,209.9
27,135,27135,17.7,7.9,14.0,,
27,137,27137,16.5,7.3,13.2,,647.7
27,139,27139,18.4,7.6,417.5,,778.2
27,141,27141,17.3,7.3,,,0.9
27,143,27143,21.2,7.9,208.5,,
27,145,27145,16.2,7.8,9.5,,33.1
27,147,27147,19.7,7.9,36.1,493.0,12.3
27,149,27149,22.2,8.3,26.1,,162.0
27,151,27151,21.9,8.4,50.6,,217.3
27,153,27153,21.3,8.1,7.1,,143.7
27,155,27155,14.5,8.1,44.4,,76.1
27,157,27157,17.4,7.8,249.6,491.4,
27,159,27159,20.2,7.6,10.4,,226.8
27,161,27161,19.0,8.0,,,
27,163,27163,17.6,7.8,19.6,,0.8
27,165,27165,13.1,8.4,,,
27,167,27167,15.5,8.1,78.8,,207.8
27,169,27169,18.1,8.2,26.9,552.1,9778.4
27,171,27171,20.3,8.1,33.3,,251.6
27,173,27173,20.6,8.1,42.9,353.8,119.0
28,1,28001,23.7,8.7,38.1,,
28,3,28003,20.8,7.5,10.4,,
28,7,28007,16.3,6.5,28.4,,4.4
28,11,28011,23.2,7.8,18.3,,
28,17,28017,15.6,7.1,24.5,,66.6
28,19,28019,13.6,7.1,23.6,,2.6
28,21,28021,13.4,7.0,46.8,,29.6
28,23,28023,19.4,6.1,6.5,,
28,27,28027,19.9,7.3,65.9,,
28,29,28029,23.1,6.8,29.7,,
28,33,28033,24.8,7.6,13.6,,
28,35,28035,25.5,5.2,2.3,,
28,37,28037,16.4,,11.0,,
28,45,28045,24.9,7.1,13.1,,
28,47,28047,26.2,8.2,12.5,,
28,49,28049,16.0,6.7,113.5,,8.1
28,51,28051,23.4,6.9,24.3,,
28,53,28053,23.6,7.1,34.9,,
28,55,28055,29.1,7.3,23.5,,
28,59,28059,27.8,7.8,22.0,,
28,63,28063,18.4,7.6,38.6,,32.4
28,73,28073,26.0,4.9,2.2,,
28,75,28075,25.3,6.7,4.7,,
28,79,28079,13.9,6.7,22.1,,3.5
28,83,28083,25.9,7.2,41.0,,
28,85,28085,22.4,6.4,10.5,,
28,89,28089,24.4,7.5,6.6,,
28,93,28093,23.1,6.0,5.9,,
28,99,28099,23.5,7.1,2.9,,
28,101,28101,23.4,6.7,4.0,,
28,109,28109,14.9,5.8,6.7,,
28,113,28113,12.5,,7.0,,
28,115,28115,22.1,7.0,7.9,,
28,121,28121,25.1,7.1,,,
28,125,28125,25.2,7.1,57.0,,
28,131,28131,26.3,6.2,2.0,,
28,133,28133,22.1,7.7,56.7,,
28,135,28135,25.4,7.5,27.2,,
28,137,28137,21.4,7.6,24.0,,
28,139,28139,20.1,6.8,13.2,,
28,141,28141,14.6,7.1,12.2,,5.0
28,143,28143,22.0,7.5,17.8,,
28,149,28149,20.5,8.1,34.2,,
28,151,28151,23.4,7.7,36.9,,
28,155,28155,12.4,7.1,12.1,,3.5
28,157,28157,24.1,7.6,32.2,,
29,1,29001,23.6,7.8,8.2,,17.3
29,3,29003,22.4,8.3,78.7,,
29,5,29005,13.4,8.4,65.6,,
29,7,29007,26.7,7.9,18.4,,0.9
29,9,29009,22.8,7.7,,54.2,
29,11,29011,18.7,7.5,23.3,481.8,104.0
29,13,29013,24.5,8.0,20.3,404.0,
29,15,29015,28.1,8.7,3.4,,
29,17,29017,15.6,7.8,1.5,111.4,5.9
29,19,29019,17.2,7.5,4.1,,4.7
29,21,29021,16.4,8.3,,179.8,
29,23,29023,19.4,7.7,,240.3,
29,25,29025,18.5,7.9,13.3,,
29,27,29027,10.4,7.6,9.6,,0.5
29,29,29029,26.7,8.3,45.4,,
29,31,29031,23.3,7.9,3.8,,21.5
29,35,29035,17.3,7.5,1.6,3.7,5.7
29,37,29037,25.3,7.8,14.1,652.2,0.9
29,39,29039,21.9,7.8,2.1,380.7,21.0
29,41,29041,20.6,8.0,65.1,2011.3,
29,43,29043,18.0,7.9,,196.9,
29,45,29045,17.8,8.1,6.7,3731.0,6.3
29,47,29047,25.3,8.0,16.4,,
29,49,29049,13.5,8.0,6.7,,0.1
29,51,29051,21.9,7.8,,127.8,
29,53,29053,16.8,8.0,42.2,162.3,
29,55,29055,18.1,8.0,0.7,40.8,32.3
29,57,29057,24.7,,,,
29,59,29059,17.5,8.2,1.2,120.8,2.7
29,61,29061,21.4,8.0,26.6,,25.7
29,63,29063,19.7,7.8,41.2,,22.9
29,65,29065,18.4,7.9,1.8,,29.6
29,67,29067,17.2,8.1,2.6,136.7,37.0
29,69,29069,20.4,7.9,14.0,213.8,103.9
29,71,29071,18.0,7.2,2.6,73.4,22.4
29,73,29073,25.1,8.4,15.1,,0.3
29,75,29075,36.1,8.3,,48.0,
29,77,29077,23.9,8.0,3.0,203.2,
29,79,29079,14.6,8.0,115.9,177.7,
29,81,29081,21.5,8.3,16.1,2995.7,9.0
29,83,29083,15.3,8.0,,304.1,
29,85,29085,25.4,8.6,1.7,,3.7
29,87,29087,16.7,42.5,195.3,840.2,178.3
29,89,29089,26.7,7.7,2.0,,
29,93,29093,21.0,7.8,2.4,,1.8
29,95,29095,20.0,7.6,66.7,1035.8,
29,97,29097,21.5,7.9,116.1,324.0,56.6
29,99,29099,22.7,7.8,3.8,104.8,2.3
29,101,29101,21.8,7.9,9.8,,1.5
29,103,29103,27.2,8.5,14.4,,
29,105,29105,18.2,8.0,,315.8,
29,107,29107,27.2,8.1,9.4,,
29,109,29109,19.3,8.1,2.7,,4.5
29,111,29111,20.4,8.1,7.6,3364.0,
29,113,29113,23.3,7.8,2.5,1833.2,1.0
29,115,29115,22.1,8.1,19.4,,1.4
29,117,29117,18.9,7.7,78.8,30228.7,
29,119,29119,17.1,7.8,1.1,81.4,
29,121,29121,20.6,7.6,7.7,,
29,123,29123,19.4,7.8,1.9,28.8,4.4
29,125,29125,19.1,8.1,2.3,,29.2
29,127,29127,16.0,8.2,12.6,1526.6,29.8
29,129,29129,14.3,7.9,,1162.7,
29,131,29131,24.8,8.0,3.8,,25.6
29,133,29133,22.5,7.8,2.7,,12.3
29,135,29135,24.8,8.0,21.3,,10.5
29,137,29137,23.9,8.3,11.4,,
29,139,29139,23.2,7.9,33.9,271.1,15.2
29,141,29141,23.9,,,,
29,143,29143,21.8,7.7,39.3,1557.9,50.0
29,145,29145,18.8,7.8,3.7,269.0,0.7
29,147,29147,22.9,8.2,13.1,,14.2
29,149,29149,16.3,7.8,3.2,29.7,
29,151,29151,22.4,8.0,7.0,,
29,153,29153,23.0,8.1,0.5,142.3,1.9
29,157,29157,17.7,8.0,,121.8,
29,159,29159,24.8,,,,
29,161,29161,23.4,7.7,1.8,35.0,
29,163,29163,24.6,8.1,3.0,,
29,165,29165,22.8,8.1,42.7,1211.2,
29,167,29167,20.4,8.3,1.7,216.7,21.1
29,169,29169,21.8,8.2,,77.4,
29,171,29171,15.0,7.9,58.2,281.9,
29,173,29173,20.5,8.6,8.1,,
29,175,29175,13.4,6.8,1.7,320.8,0.7
29,177,29177,27.3,8.4,11.6,,
29,179,29179,17.7,7.6,2.7,7.8,37.4
29,181,29181,17.6,8.0,2.0,31.4,129.0
29,183,29183,26.6,7.8,18.6,,3.3
29,185,29185,27.7,8.1,15.2,,
29,186,29186,17.2,8.3,2.6,,27.5
29,187,29187,19.6,8.0,7.5,,21.7
29,189,29189,24.0,8.1,63.3,,
29,195,29195,19.8,7.8,11.8,,
29,197,29197,27.2,8.3,8.5,,
29,199,29199,18.7,7.9,7.1,,
29,203,29203,17.7,7.8,1.7,52.2,9.1
29,205,29205,21.8,8.0,22.2,,60.9
29,207,29207,22.1,8.4,65.6,,91.4
29,209,29209,25.4,8.3,1.5,46.7,
29,211,29211,18.7,8.0,29.3,487.2,5.2
29,213,29213,20.4,7.9,0.5,239.2,15.0
29,215,29215,21.9,7.9,2.1,,32.6
29,217,29217,21.7,7.9,,434.0,
29,219,29219,24.8,8.0,2.1,,9.8
29,221,29221,15.1,8.3,1.6,,20.1
29,223,29223,24.2,8.1,8.0,16.7,0.2
29,227,29227,13.7,7.9,,4861.2,
29,510,29510,19.1,8.4,69.7,,
30,1,30001,12.3,8.2,,,0.6
30,3,30003,10.6,7.8,0.9,,
30,5,30005,13.7,7.4,2.5,,
30,7,30007,11.5,8.4,8.2,,669.0
30,9,30009,12.5,8.7,,,
30,11,30011,19.3,,,,
30,13,30013,9.3,8.3,8.0,,3161.1
30,15,30015,14.8,-39.9,27.0,,160.1
30,17,30017,14.1,8.5,,,
30,19,30019,9.9,,,,
30,21,30021,17.8,,,,
30,23,30023,9.2,8.3,5.4,,71.3
30,25,30025,27.6,,,,1.7
30,27,30027,21.6,8.5,,,1886.7
30,29,30029,12.5,8.0,2.8,2.0,192.6
30,31,30031,12.6,7.8,3.5,,59.4
30,33,30033,16.5,8.3,0.8,,18.5
30,35,30035,10.4,7.9,10.3,,
30,37,30037,16.8,,,,
30,39,30039,8.9,8.0,15.7,,98.3
30,41,30041,15.6,-42.2,26.0,,18.0
30,43,30043,9.8,7.3,3.1,,25.5
30,47,30047,27.2,,,,
30,49,30049,9.3,7.7,3.6,,11.0
30,51,30051,9.5,,,,
30,53,30053,20.2,7.6,2.1,,61.8
30,55,30055,13.8,8.4,0.6,,5209.7
30,57,30057,12.7,8.2,4.3,,62.6
30,59,30059,6.8,,,,
30,61,30061,13.4,8.3,,,0.1
30,63,30063,22.8,8.2,3.9,,132.0
30,65,30065,14.4,,,,
30,67,30067,13.2,8.2,,,720.7
30,69,30069,13.5,8.4,,,12.6
30,71,30071,14.2,7.0,22.0,,3009.2
30,73,30073,13.8,8.1,40.9,,
30,75,30075,13.3,7.8,233.7,,2.9
30,77,30077,12.1,8.3,9.5,,288.9
30,81,30081,12.5,8.2,,,123.4
30,83,30083,19.4,7.4,28.2,,3600.2
30,85,30085,21.2,8.2,180.8,,30.4
30,87,30087,12.7,7.1,2.0,,0.6
30,89,30089,20.4,7.8,1.9,,6.0
30,91,30091,14.5,8.4,43.6,,
30,93,30093,9.2,8.1,5.6,,27.8
30,95,30095,12.5,8.2,,,877.5
30,97,30097,17.6,8.0,,,1133.6
30,99,30099,11.3,8.5,,,53.0
30,101,30101,13.2,8.7,2.4,,4.4
30,103,30103,10.6,,,,
30,105,30105,18.3,8.1,79.5,,181.1
30,107,30107,13.7,,,,
30,111,30111,20.5,8.3,0.5,,460.6
31,1,31001,22.1,8.4,73.2,,
31,3,31003,10.7,8.2,10.7,,
31,9,31009,13.3,8.2,35.9,,
31,15,31015,15.3,8.5,87.5,,
31,17,31017,16.7,8.1,5.8,,
31,19,31019,12.7,8.3,61.6,,
31,21,31021,15.8,7.6,21.0,,
31,23,31023,21.4,8.5,122.6,,
31,25,31025,16.9,8.5,102.5,,4337.0
31,27,31027,12.0,8.2,16.5,,28801.6
31,29,31029,21.7,8.3,8.9,,
31,31,31031,21.0,8.3,13.6,,
31,39,31039,15.2,8.5,52.1,,
31,43,31043,14.2,7.7,,,
31,45,31045,13.1,8.4,30.1,,
31,47,31047,13.3,8.2,15.5,,
31,49,31049,16.9,7.6,,,
31,51,31051,16.3,8.2,25.3,160.0,24361.9
31,53,31053,15.6,8.3,50.0,,
31,55,31055,19.6,8.2,70.5,,31844.4
31,57,31057,13.6,8.1,8.6,,
31,59,31059,23.0,8.2,130.8,,
31,63,31063,20.1,8.2,88.3,,
31,65,31065,17.1,7.8,119.8,,
31,67,31067,22.8,8.3,122.4,,
31,69,31069,12.7,8.2,33.3,,
31,71,31071,22.4,8.9,16.0,,
31,73,31073,21.9,8.4,26.6,,
31,79,31079,13.1,8.4,22.6,,
31,81,31081,22.6,8.4,13.3,,
31,83,31083,21.4,8.2,92.3,,
31,87,31087,12.9,8.2,45.4,,
31,89,31089,13.6,8.6,19.5,,
31,93,31093,14.3,8.4,56.2,,
31,95,31095,23.0,8.3,196.9,,
31,101,31101,18.4,7.9,11.4,,
31,103,31103,19.0,7.9,9.1,,
31,105,31105,11.4,7.2,,,
31,107,31107,14.7,8.3,106.4,,29627.9
31,109,31109,22.3,8.5,50.5,8908.3,
31,111,31111,17.0,8.4,23.1,,
31,115,31115,15.8,8.5,31.6,,
31,119,31119,12.3,8.5,48.9,,
31,121,31121,12.7,8.4,18.0,,
31,123,31123,11.8,8.2,77.0,,
31,125,31125,14.5,8.4,75.2,,
31,127,31127,19.6,7.9,90.3,,
31,129,31129,18.6,8.0,182.0,,
31,131,31131,16.9,8.4,88.9,,32492.8
31,139,31139,21.5,8.9,40.5,,
31,141,31141,19.7,8.5,163.1,,
31,145,31145,20.3,8.3,108.0,,
31,147,31147,18.2,8.2,64.3,,8383.5
31,151,31151,22.6,9.0,99.6,,
31,153,31153,14.9,7.3,79.7,,
31,155,31155,17.4,8.3,73.7,,
31,157,31157,13.6,8.3,33.3,,
31,159,31159,22.2,8.2,197.9,,
31,161,31161,12.6,8.3,34.0,,
31,163,31163,21.1,8.1,62.0,,
31,165,31165,12.7,8.3,9.0,,
31,167,31167,22.1,8.8,23.2,,
31,169,31169,20.9,7.7,109.4,,
31,171,31171,10.6,8.0,23.3,,
31,173,31173,16.6,8.2,38.2,907.0,1.1
31,177,31177,13.3,7.1,,,
31,181,31181,21.0,8.7,31.5,,
31,185,31185,21.6,,7.0,,
32,1,32001,18.3,8.1,38.6,10.0,
32,3,32003,25.8,8.1,14.1,,
32,5,32005,16.5,7.6,3.7,89.6,
32,7,32007,16.0,8.3,7.5,102.7,
32,9,32009,14.5,7.8,3.0,50.0,
32,11,32011,15.3,8.1,3.0,45.0,
32,13,32013,16.2,8.1,48.6,103.3,
32,15,32015,14.6,8.5,19.1,198.3,
32,19,32019,17.6,7.8,48.8,76.4,
32,21,32021,18.9,8.5,3.2,,
32,23,32023,18.9,7.7,27.7,240.0,
32,27,32027,16.0,8.4,16.7,67.7,
32,29,32029,12.9,8.0,2.7,30.0,
32,31,32031,15.1,7.9,5.9,112.1,
32,33,32033,7.1,7.3,,,
32,510,32510,14.1,7.6,2.8,68.3,
33,1,33001,23.1,6.5,3.4,89.4,
33,3,33003,24.7,6.3,0.8,,
33,5,33005,21.3,6.5,4.7,,
33,7,33007,19.0,6.4,1.5,,
33,9,33009,21.7,6.5,1.2,,
33,11,33011,23.2,6.3,3.1,,
33,13,33013,21.9,6.4,1.7,,
33,15,33015,17.9,6.7,2.8,206073.2,0.3
33,17,33017,20.7,6.3,4.9,44500.0,
33,19,33019,18.6,6.6,4.7,,8.5
34,1,34001,14.6,6.7,5.4,12.5,10.6
34,3,34003,9.8,7.5,3.7,465.6,3.4
34,5,34005,12.6,5.9,5.7,,18.2
34,7,34007,15.2,7.4,4.3,,
34,9,34009,14.5,7.0,2.4,11.2,
34,11,34011,14.1,6.0,4.0,17.5,34.2
34,13,34013,14.7,7.9,3.9,1109.4,3.1
34,15,34015,16.8,6.6,4.0,282.6,21.7
34,17,34017,17.8,7.5,,443.7,
34,19,34019,13.9,7.9,2.9,152.0,71.6
34,21,34021,12.0,7.5,4.0,49.7,4.2
34,23,34023,14.1,7.3,5.8,147.7,18.6
34,25,34025,15.0,6.8,15.3,395.5,6.6
34,27,34027,16.7,7.5,4.1,,17.4
34,29,34029,20.7,7.4,5.3,440.8,33.1
34,31,34031,27.1,7.5,4.8,572.8,14.7
34,33,34033,16.2,6.7,7.2,21.4,6.0
34,35,34035,14.2,7.5,7.1,250.1,29.5
34,37,34037,14.1,7.8,5.8,299.0,5.9
34,39,34039,17.4,7.5,6.7,838.7,5.9
34,41,34041,13.6,7.8,3.9,496.0,8.5
34,(blank),34(blank),17.0,7.6,,,
35,1,35001,17.6,7.9,394.0,314.0,
35,5,35005,18.7,8.1,,,
35,6,35006,15.3,26.0,64.3,,
35,13,35013,22.1,7.7,0.3,,
35,15,35015,23.9,8.1,,,
35,17,35017,16.2,7.9,,,
35,19,35019,22.6,8.2,,,
35,27,35027,18.8,7.9,1004.0,,
35,35,35035,28.4,8.1,6.8,,
35,37,35037,21.1,8.2,,,
35,39,35039,14.0,8.2,829.0,,
35,43,35043,20.5,8.3,320.7,32.8,
35,45,35045,14.2,7.4,4.3,,
35,47,35047,1.2,,,,
35,49,35049,12.2,7.8,204.7,,
35,51,35051,18.4,8.0,2.7,,
35,53,35053,19.2,8.2,21849.3,,
35,55,35055,8.0,8.2,3.2,,11.2
35,61,35061,29.6,8.3,205.8,,
36,1,36001,19.6,7.8,5.2,,
36,3,36003,19.8,8.4,2.1,1949.0,4.8
36,5,36005,23.0,7.6,,,
36,7,36007,19.1,7.4,5.0,19.6,1772.1
36,9,36009,14.1,7.4,25.9,411.3,
36,11,36011,13.4,8.0,1.6,125.6,
36,13,36013,14.4,7.8,5.9,669.8,
36,15,36015,18.2,8.0,2.0,,341.4
36,17,36017,14.1,7.4,,,1025.1
36,19,36019,16.8,7.3,0.9,,
36,25,36025,18.6,7.3,1.7,42.7,
36,27,36027,15.5,7.9,6.0,,5.3
36,29,36029,14.7,8.0,131.6,,
36,31,36031,13.2,7.8,,,
36,33,36033,7.6,-23.5,2.2,,
36,35,36035,11.3,6.9,,,
36,39,36039,9.7,,14.7,,
36,41,36041,8.8,6.3,,,
36,43,36043,12.6,5.9,5.0,,
36,45,36045,15.9,7.7,2.5,,
36,47,36047,21.2,7.1,4.7,1480.2,
36,53,36053,12.5,7.5,1.7,468.8,
36,55,36055,11.5,8.1,35.8,126.2,
36,57,36057,5.5,8.0,12.0,,
36,59,36059,21.4,7.4,0.3,,
36,63,36063,14.5,8.5,1.8,,
36,65,36065,14.9,8.0,1.9,319.4,
36,67,36067,14.0,7.9,8.2,2330.5,
36,69,36069,12.2,7.9,2.7,5356.0,
36,71,36071,20.4,7.0,2.2,268.0,
36,73,36073,11.4,8.2,,,
36,75,36075,13.3,7.9,3.0,146.2,
36,81,36081,18.9,6.7,4.3,31447.6,
36,83,36083,12.2,7.5,2.2,86.7,
36,85,36085,17.7,6.9,14.0,33.3,
36,89,36089,10.9,-11.7,1.9,,
36,91,36091,14.1,7.9,6.9,345.8,1.6
36,95,36095,18.0,8.0,,,
36,97,36097,18.3,8.1,1.3,,3.7
36,99,36099,11.8,8.7,,,
36,101,36101,20.7,8.2,4.2,,53.4
36,103,36103,12.0,6.3,0.3,,
36,105,36105,13.5,7.3,32.5,78.1,
36,107,36107,18.6,7.8,2.4,,3655.4
36,109,36109,27.9,7.9,4.0,347.8,
36,111,36111,13.5,6.9,77.3,,
36,113,36113,12.8,6.9,1.4,104.2,
36,115,36115,15.4,7.7,1.6,600.0,
36,117,36117,14.7,7.9,,,
36,119,36119,20.1,7.6,4.2,,
36,123,36123,13.3,7.4,,,
37,1,37001,17.7,7.4,16.3,646.9,
37,3,37003,19.3,7.5,4.2,360.2,
37,5,37005,14.7,7.7,4.6,308.9,
37,9,37009,13.3,7.9,7.7,218.3,
37,13,37013,18.6,7.0,6.8,32.0,
37,15,37015,23.0,6.9,12.1,70.7,
37,17,37017,19.1,6.2,9.1,170.0,
37,19,37019,21.0,7.0,8.2,53.5,
37,21,37021,20.6,7.3,5.2,224.6,
37,23,37023,22.4,7.6,3.3,,
37,25,37025,18.1,7.3,22.2,192.4,
37,27,37027,21.1,8.1,2.9,,
37,29,37029,24.8,5.8,6.4,23.0,
37,31,37031,21.8,7.3,9.8,424.8,
37,33,37033,20.3,7.6,9.7,170.2,
37,35,37035,22.3,7.2,6.2,367.0,
37,37,37037,19.6,7.4,9.4,315.2,
37,41,37041,23.2,7.5,3.9,10.2,
37,45,37045,17.0,7.5,13.2,199.4,
37,47,37047,19.3,6.2,3.6,197.2,
37,49,37049,19.8,7.0,5.9,95.8,
37,51,37051,17.8,6.5,10.1,679.6,
37,53,37053,23.2,8.3,11.8,,
37,55,37055,28.5,7.5,,,
37,57,37057,18.6,7.2,21.4,220.0,
37,59,37059,17.3,7.0,25.2,135.2,
37,61,37061,18.1,6.4,7.6,758.0,
37,63,37063,16.6,7.0,15.8,433.0,
37,65,37065,18.6,6.7,10.8,177.1,
37,67,37067,17.8,7.1,33.7,378.4,
37,69,37069,17.5,7.0,14.1,143.9,
37,71,37071,22.7,7.5,10.9,350.1,
37,73,37073,24.3,5.3,4.2,7.5,
37,77,37077,18.6,7.1,15.6,269.6,
37,79,37079,18.1,6.4,8.3,201.4,
37,81,37081,18.0,7.0,15.2,908.4,3.9
37,83,37083,19.1,6.5,9.2,118.6,
37,85,37085,17.4,6.7,7.9,227.0,
37,87,37087,16.6,7.4,6.0,,
37,89,37089,11.3,6.1,2.0,46.7,1.5
37,91,37091,22.9,6.4,11.6,259.4,
37,93,37093,16.1,5.2,4.2,357.9,
37,95,37095,27.5,8.8,15.0,,
37,97,37097,18.8,7.3,19.8,348.9,
37,99,37099,17.5,6.2,,,
37,101,37101,18.3,6.8,14.0,198.1,
37,103,37103,18.3,6.7,3.3,248.8,
37,105,37105,17.7,6.7,23.2,667.7,
37,107,37107,18.8,6.8,9.9,231.2,
37,109,37109,19.3,7.4,11.2,665.0,
37,111,37111,21.3,7.6,3.3,,
37,117,37117,18.0,6.1,12.7,430.1,
37,119,37119,23.4,7.4,8.4,829.8,
37,123,37123,17.8,7.0,10.0,584.3,
37,125,37125,18.5,5.6,,,
37,127,37127,20.3,6.8,14.3,196.4,
37,129,37129,20.7,7.0,6.3,927.7,
37,131,37131,17.5,7.0,9.4,181.6,
37,133,37133,20.0,7.4,6.6,264.0,
37,135,37135,15.7,6.4,22.6,2144.6,
37,139,37139,23.4,6.3,7.1,114.5,
37,141,37141,19.5,6.5,10.1,750.3,
37,143,37143,25.4,7.5,4.7,30.5,
37,145,37145,18.3,7.5,15.0,541.5,
37,147,37147,18.1,6.3,7.8,195.3,
37,151,37151,19.7,7.3,8.9,410.0,
37,153,37153,17.5,7.0,15.0,85.5,
37,155,37155,17.2,6.0,2.3,107.8,
37,157,37157,18.7,7.3,9.9,107.2,
37,159,37159,18.2,7.5,17.4,263.0,
37,163,37163,17.4,6.2,6.2,413.4,
37,167,37167,19.5,7.4,12.8,238.8,
37,169,37169,22.2,7.6,5.6,40.3,
37,171,37171,16.8,7.2,38.7,173.2,
37,173,37173,6.0,6.7,,,
37,177,37177,23.5,7.5,6.7,15.7,
37,179,37179,17.5,7.1,16.6,161.4,
37,181,37181,16.6,7.2,7.6,208.5,
37,183,37183,17.7,7.0,8.7,417.9,
37,185,37185,16.3,6.7,12.4,126.2,
37,187,37187,22.4,6.7,8.9,70.1,
37,189,37189,13.7,7.5,4.1,295.6,
37,191,37191,18.5,6.4,9.7,183.8,
37,193,37193,18.9,7.4,15.5,171.1,
37,195,37195,18.8,6.6,5.2,135.3,
37,197,37197,16.5,7.2,57.2,141.7,
37,(blank),37(blank),43.7,7.3,,,
38,1,38001,8.3,8.3,,,
38,3,38003,17.4,8.5,,,
38,5,38005,10.6,8.1,,,
38,7,38007,19.7,8.4,,,
38,9,38009,14.2,8.8,7.4,,
38,11,38011,20.8,8.7,23.3,,
38,13,38013,18.5,7.4,,,
38,15,38015,13.7,8.1,14.5,,24616.0
38,17,38017,14.0,8.2,80.0,571.9,
38,19,38019,10.6,8.2,,,
38,21,38021,17.2,8.3,,,
38,23,38023,11.7,8.7,,,
38,25,38025,17.4,8.5,,,
38,27,38027,11.7,8.0,1.6,,
38,29,38029,14.7,8.2,16.6,,
38,31,38031,12.7,8.1,4.1,,
38,33,38033,11.9,8.3,,,
38,35,38035,13.4,8.1,46.5,,3186.5
38,37,38037,15.9,8.3,4.1,459.1,
38,39,38039,16.3,8.4,17.6,,
38,41,38041,9.1,8.3,,,
38,43,38043,11.8,7.3,,,
38,45,38045,16.0,8.2,,,
38,47,38047,12.9,7.2,,,
38,49,38049,14.4,8.3,,,
38,51,38051,13.0,7.5,,,
38,53,38053,18.2,8.1,26.7,,20293.2
38,55,38055,14.1,8.0,2.0,,
38,57,38057,14.6,8.2,1.5,,25144.1
38,59,38059,15.1,8.3,,,
38,61,38061,17.7,7.7,,,
38,63,38063,10.2,8.7,,,
38,65,38065,11.5,8.1,,,
38,67,38067,13.9,8.3,62.0,,
38,69,38069,11.3,8.6,,,
38,71,38071,10.9,8.5,,,
38,73,38073,13.7,8.1,,216.7,
38,75,38075,13.6,8.2,,,
38,77,38077,16.2,8.2,90.3,,
38,79,38079,10.7,7.3,,,
38,81,38081,15.6,8.4,,,
38,85,38085,13.4,,,,
38,87,38087,9.6,8.4,,,
38,89,38089,13.8,8.4,6.2,,
38,91,38091,13.3,7.9,,834.6,
38,93,38093,18.0,8.3,18.5,,
38,95,38095,14.4,8.5,,,
38,97,38097,10.1,8.0,12.5,,
38,99,38099,14.8,8.0,14.1,,
38,101,38101,14.1,8.4,3.0,,
38,103,38103,13.3,8.3,,,
38,105,38105,19.4,8.0,17.3,,
39,1,39001,16.3,8.1,,,
39,3,39003,12.0,7.3,,,
39,5,39005,13.3,7.5,,,
39,7,39007,14.2,7.1,,,
39,9,39009,17.1,6.9,,,1880.0
39,11,39011,18.5,8.0,80.3,,
39,13,39013,15.6,8.0,4.9,,9.5
39,15,39015,20.2,7.4,,,
39,17,39017,17.4,7.5,,,
39,19,39019,18.8,7.2,13.4,,
39,21,39021,13.1,7.1,,,
39,23,39023,17.1,7.5,9.2,,
39,25,39025,20.7,7.8,17.3,,
39,27,39027,20.3,7.8,,,
39,29,39029,12.9,7.3,,,
39,31,39031,15.2,7.6,,60.0,
39,33,39033,14.8,7.8,,20.0,
39,35,39035,15.6,8.2,41.3,,364.8
39,37,39037,13.0,7.3,,,
39,39,39039,20.3,7.9,10.1,,437.2
39,41,39041,22.7,7.8,6.6,,207.5
39,43,39043,17.7,7.9,,,118.9
39,45,39045,14.1,7.8,30.8,,
39,47,39047,13.2,7.4,,,
39,49,39049,13.8,7.4,,,
39,51,39051,15.0,7.4,,,115.8
39,53,39053,8.3,7.6,,,1130.5
39,55,39055,10.1,7.1,,,
39,57,39057,12.6,7.5,,,
39,59,39059,20.4,7.9,,,
39,61,39061,15.8,7.5,,,
39,63,39063,12.9,7.5,,,128.5
39,67,39067,19.2,8.0,15.4,,8.4
39,69,39069,20.5,7.9,,,
39,71,39071,20.1,7.8,,,
39,73,39073,14.7,7.1,,,661.0
39,75,39075,13.5,7.2,,,329.8
39,77,39077,12.1,7.0,,,
39,79,39079,15.6,7.7,,,175.5
39,81,39081,15.7,7.0,,10.0,
39,83,39083,12.0,7.6,,,
39,85,39085,20.2,8.4,1.8,,242.5
39,87,39087,10.9,7.1,,10.0,1.0
39,89,39089,12.5,7.6,8.3,,
39,91,39091,27.6,7.7,,,
39,93,39093,20.3,8.0,55.7,,223.6
39,95,39095,20.9,8.1,9.6,,
39,97,39097,16.2,7.5,25.0,,
39,99,39099,20.4,7.8,4.7,,
39,101,39101,12.0,7.1,,,
39,103,39103,19.4,7.9,,,
39,105,39105,13.6,7.4,,,
39,107,39107,18.1,8.5,50.4,,
39,109,39109,13.6,7.7,,,
39,111,39111,15.6,7.3,,,
39,113,39113,15.2,7.6,,,
39,115,39115,11.7,7.8,,,
39,117,39117,11.3,7.2,,,
39,119,39119,14.5,7.7,,,
39,121,39121,24.1,7.6,11.6,100.0,
39,123,39123,19.9,8.1,43.6,,189.0
39,125,39125,21.5,7.9,14.8,,
39,127,39127,13.2,6.6,,,
39,129,39129,14.1,7.6,8.0,,
39,131,39131,15.6,7.1,9.0,,
39,133,39133,13.1,7.6,,,70.0
39,135,39135,15.9,7.4,,,
39,137,39137,18.8,7.9,,,82.5
39,139,39139,11.2,7.4,,,
39,141,39141,16.5,7.7,11.2,,2680.5
39,143,39143,18.6,7.9,126.8,,493.0
39,145,39145,14.1,7.6,,15.0,7.0
39,147,39147,15.3,7.5,,,185.2
39,149,39149,12.0,7.1,,,
39,151,39151,9.3,7.7,,,552.8
39,153,39153,17.7,8.0,17.6,,215.6
39,155,39155,18.6,7.8,3.9,,
39,157,39157,20.3,7.9,,7600.0,113.0
39,159,39159,21.2,7.7,,,
39,161,39161,11.9,7.5,,,
39,163,39163,14.1,7.6,,,356.0
39,165,39165,17.5,7.6,4.4,,
39,167,39167,18.7,7.6,,1525.5,5.3
39,169,39169,11.9,7.0,,,
39,171,39171,15.4,7.7,,,241.5
39,173,39173,19.3,8.0,25.5,,1168.7
39,175,39175,14.3,7.4,,,197.6
40,1,40001,18.3,8.0,6.9,,
40,3,40003,23.8,8.2,31.6,,
40,5,40005,14.2,7.4,49.7,,
40,7,40007,17.1,7.3,9.6,1.0,
40,11,40011,18.8,7.7,3.2,,
40,13,40013,15.1,7.8,27.4,,
40,15,40015,17.1,7.9,23.2,,
40,17,40017,18.5,7.6,7.3,28.3,
40,21,40021,20.3,8.1,5.1,,
40,23,40023,14.7,7.6,22.4,,
40,27,40027,19.3,8.5,28.8,,
40,29,40029,16.4,7.8,28.5,,0.6
40,35,40035,16.7,7.2,68.8,,
40,37,40037,21.5,7.8,27.1,,
40,39,40039,16.0,7.1,,,
40,41,40041,16.8,7.8,4.6,,
40,43,40043,20.2,7.8,62.6,,
40,45,40045,17.1,7.4,73.1,1.0,
40,47,40047,23.1,7.9,29.3,,
40,51,40051,16.7,7.2,30.0,,
40,53,40053,24.0,8.2,20.7,,
40,59,40059,17.3,7.4,8.9,,
40,63,40063,17.5,7.3,26.3,39.0,
40,69,40069,17.2,8.2,5.6,,13.5
40,71,40071,20.1,-1.7,39.5,,
40,73,40073,18.4,7.2,35.1,,
40,79,40079,18.0,6.7,17.6,,0.0
40,81,40081,19.7,7.8,85.8,776.8,
40,83,40083,22.6,8.2,41.9,,
40,87,40087,22.0,8.4,112.5,,
40,89,40089,16.5,7.0,7.5,,
40,91,40091,16.9,7.9,36.9,,
40,93,40093,17.7,7.3,21.0,9.3,
40,97,40097,18.1,7.8,7.6,,
40,99,40099,19.4,7.9,7.7,,4.6
40,103,40103,20.9,8.2,66.3,,3.3
40,105,40105,18.0,7.6,61.8,,
40,107,40107,17.3,7.9,37.8,,
40,109,40109,20.9,8.0,30.0,45.4,530.5
40,111,40111,19.0,7.9,33.7,,
40,113,40113,21.9,7.6,58.9,,
40,115,40115,17.1,7.8,11.1,,11.1
40,117,40117,21.9,7.9,92.9,,2.5
40,119,40119,22.9,7.8,40.0,,
40,123,40123,17.5,7.7,13.8,45.0,6.8
40,125,40125,16.9,7.5,42.9,,143.4
40,127,40127,15.6,6.8,17.6,,0.1
40,133,40133,13.6,8.1,18.0,,
40,135,40135,20.5,8.1,3.8,36.5,
40,139,40139,16.6,7.2,13.1,,
40,143,40143,18.0,7.2,38.2,,
40,145,40145,17.3,7.2,37.1,,
40,147,40147,15.8,7.4,96.1,,
40,151,40151,24.0,7.8,32.0,,
40,153,40153,17.7,7.0,8.0,1.8,
41,1,41001,9.8,8.2,12.0,48.0,
41,3,41003,13.0,7.1,37.4,,
41,5,41005,12.6,7.5,23.1,,
41,7,41007,11.6,7.2,5.0,,
41,9,41009,10.9,7.4,6.1,,
41,11,41011,14.4,7.5,8.0,,
41,13,41013,13.0,8.2,6.6,2.0,
41,15,41015,11.7,7.6,13.3,,
41,17,41017,10.1,7.8,2.3,,
41,19,41019,13.1,7.7,7.1,,
41,21,41021,16.0,8.0,3.9,,
41,23,41023,12.6,8.3,2.5,,
41,25,41025,13.4,8.3,7.5,,
41,27,41027,10.9,7.7,78.8,,
41,29,41029,15.1,7.5,4.6,86.1,
41,31,41031,11.2,8.3,4.5,,
41,33,41033,9.9,8.1,26.0,,
41,35,41035,9.8,7.6,6.1,,
41,37,41037,11.9,8.0,11.3,,
41,39,41039,11.6,7.1,9.2,,
41,41,41041,12.3,6.8,84.0,,
41,43,41043,13.3,7.3,20.4,,
41,45,41045,14.0,7.8,26.1,4.5,
41,47,41047,12.2,6.9,31.7,,
41,49,41049,15.9,7.7,23.5,,
41,51,41051,12.7,7.6,111.0,,
41,53,41053,12.4,7.1,24.1,,
41,57,41057,11.9,7.4,19.6,,
41,59,41059,14.2,7.8,9.4,23.0,
41,61,41061,11.4,7.8,6.4,181.4,
41,63,41063,11.1,7.9,4.4,424.6,
41,65,41065,14.3,7.8,4.1,2.5,
41,67,41067,11.4,7.3,14.5,,
41,69,41069,12.8,8.4,12.0,,
41,71,41071,12.0,7.4,35.8,,
42,1,42001,15.4,6.4,,,
42,3,42003,15.2,7.6,,,9122.7
42,5,42005,11.5,7.6,,338.0,2806.3
42,7,42007,14.7,7.9,,90.0,912.4
42,9,42009,14.8,7.8,2.0,26.0,386.3
42,11,42011,13.2,7.6,5.1,151.1,314.3
42,13,42013,12.1,7.5,,,408.8
42,15,42015,15.0,7.7,3.3,381.0,1003.5
42,17,42017,17.5,7.5,4.6,376.4,3937.3
42,19,42019,13.6,7.7,,,64.0
42,23,42023,12.4,7.2,1.3,,108.9
42,25,42025,10.9,6.8,,,112.5
42,27,42027,12.3,6.8,,,743.4
42,29,42029,11.0,7.8,13.7,963.3,362.2
42,31,42031,13.1,7.3,,,954.4
42,33,42033,16.6,7.5,1.2,53.3,199.1
42,35,42035,13.3,7.5,0.9,68.5,342.4
42,37,42037,11.0,7.6,,,283.4
42,39,42039,15.2,8.0,,,1278.7
42,41,42041,12.7,8.0,5.5,,1320.4
42,43,42043,13.9,7.8,5.2,,7645.8
42,45,42045,15.9,7.5,6.2,312.0,4087.7
42,49,42049,20.9,8.1,7.4,,615.6
42,51,42051,14.2,7.4,,189.7,1742.3
42,53,42053,11.0,7.7,,,2101.5
42,57,42057,12.0,7.5,,200.0,55.9
42,59,42059,13.8,8.1,,,51.3
42,61,42061,15.0,7.9,3.9,,158.9
42,63,42063,8.8,7.6,,82.8,25.6
42,65,42065,12.3,7.6,,,512.9
42,67,42067,18.8,7.9,7.1,,2.7
42,69,42069,16.1,7.2,,210.0,224.2
42,71,42071,15.3,7.6,7.9,,9697.7
42,73,42073,13.8,7.9,,,873.8
42,75,42075,22.5,7.7,,,200.7
42,77,42077,13.3,7.9,4.1,,80.0
42,79,42079,10.6,7.1,4.8,,8246.0
42,81,42081,13.5,7.4,0.9,136.3,1349.5
42,83,42083,11.3,7.5,,,235.6
42,85,42085,13.4,8.0,,,457.7
42,87,42087,11.6,8.0,,,279.6
42,89,42089,13.7,7.4,1.2,35.5,187.7
42,91,42091,15.4,7.8,13.1,,132.1
42,93,42093,14.2,8.2,4.1,,17320.0
42,95,42095,16.2,7.7,6.0,,2484.0
42,97,42097,9.5,8.1,2.8,,16546.1
42,99,42099,16.3,8.3,3.4,,3423.0
42,101,42101,17.0,7.7,5.3,379.4,752.5
42,103,42103,12.1,7.4,1.0,20.2,714.3
42,105,42105,11.0,7.5,5.3,88.6,34.2
42,107,42107,11.6,6.5,,,
42,109,42109,13.9,8.1,,,132.3
42,111,42111,10.5,7.3,,35.3,203.3
42,113,42113,11.5,6.9,0.9,58.3,136.4
42,115,42115,15.0,7.7,11.4,,386.3
42,117,42117,16.6,7.2,2.8,,32.5
42,119,42119,12.4,7.5,,45.0,360.0
42,121,42121,12.5,8.1,,,3213.4
42,123,42123,11.4,7.7,,126.3,966.7
42,125,42125,16.0,7.6,,,
42,127,42127,9.6,7.4,2.5,104.8,882.7
42,129,42129,11.9,7.1,,72.0,2517.4
42,131,42131,13.4,7.9,13.8,,1384.8
42,133,42133,10.7,8.0,,62.0,1129.6
44,7,44007,14.1,6.6,1.9,1801.6,
44,9,44009,21.1,6.7,1.5,,
45,1,45001,21.1,7.5,5.6,27.5,
45,3,45003,19.0,6.1,4.0,95.7,
45,5,45005,19.1,6.9,2.9,125.6,
45,7,45007,19.2,7.0,14.7,344.7,
45,9,45009,18.0,7.1,2.6,152.1,
45,13,45013,13.4,7.6,12.3,7.5,
45,15,45015,20.8,6.9,8.1,26.0,
45,17,45017,25.4,7.0,8.5,30.8,
45,19,45019,20.9,7.3,14.9,22.5,
45,21,45021,13.8,6.6,38.4,486.0,10.8
45,23,45023,17.3,6.8,27.2,748.2,
45,25,45025,18.7,5.3,32.4,297.7,
45,27,45027,17.0,6.1,2.3,191.3,
45,29,45029,20.0,7.1,17.5,49.5,
45,31,45031,17.3,6.1,11.7,239.4,
45,33,45033,17.3,5.7,3.4,132.4,
45,35,45035,17.5,6.7,5.0,89.9,
45,37,45037,18.5,6.8,8.8,164.7,
45,39,45039,19.8,7.6,15.3,168.3,
45,41,45041,17.7,6.1,8.9,156.4,
45,43,45043,18.5,7.0,12.5,72.4,
45,45,45045,25.3,6.8,17.1,724.6,
45,47,45047,19.2,7.2,15.2,201.4,31.4
45,49,45049,20.7,6.8,3.0,105.2,
45,51,45051,18.5,6.6,8.1,281.7,
45,53,45053,16.6,7.0,10.9,24.7,
45,55,45055,18.3,6.2,8.9,203.3,
45,57,45057,19.4,6.9,21.3,432.7,
45,59,45059,19.5,7.3,6.5,109.2,
45,63,45063,18.9,6.6,5.0,153.5,
45,65,45065,20.4,7.0,7.3,59.4,
45,67,45067,16.9,6.1,4.5,124.8,
45,69,45069,18.1,6.6,16.1,480.7,
45,71,45071,19.1,7.4,16.9,219.4,
45,73,45073,18.0,6.8,4.5,71.6,
45,75,45075,18.8,6.6,4.4,200.2,
45,77,45077,20.3,6.7,3.2,85.1,
45,79,45079,18.9,7.1,17.2,483.3,
45,81,45081,19.0,7.0,9.4,171.7,
45,83,45083,17.8,6.9,11.4,231.3,
45,85,45085,16.3,5.5,4.3,146.8,
45,87,45087,15.8,6.6,20.4,361.0,
45,89,45089,16.3,6.2,4.3,225.4,
45,91,45091,19.9,7.2,24.3,568.4,6.9
46,3,46003,14.0,,,,
46,5,46005,12.3,8.2,,,
46,7,46007,32.9,8.6,29.1,988.1,
46,9,46009,11.6,8.3,26.5,,
46,11,46011,19.1,8.5,,206.9,
46,13,46013,12.5,8.3,,120.0,0.0
46,15,46015,21.2,8.4,11.8,,
46,17,46017,15.8,8.2,1.0,65.0,
46,19,46019,12.4,8.1,314.7,225.2,
46,21,46021,15.9,7.7,,350.0,0.0
46,23,46023,14.2,8.0,3.6,10.0,28620.0
46,27,46027,15.8,7.8,296.8,193.0,168.9
46,29,46029,13.8,8.1,13.5,87.5,0.0
46,31,46031,14.4,8.4,,326.3,
46,33,46033,13.1,8.3,,123.3,
46,35,46035,14.1,8.1,,50.0,
46,37,46037,21.3,8.4,19.4,,
46,39,46039,21.8,8.5,,35.0,
46,41,46041,12.1,8.2,1.8,73.3,
46,47,46047,16.6,8.2,1.7,82.3,
46,51,46051,15.7,8.0,22.3,26.0,0.0
46,53,46053,15.8,8.1,3.2,1865.0,
46,55,46055,9.6,8.1,,913.8,
46,57,46057,17.3,8.5,,44.0,
46,59,46059,8.0,7.9,,,0.0
46,61,46061,10.4,8.3,,40.0,
46,63,46063,14.2,8.5,,1228.6,0.0
46,65,46065,15.3,8.4,3.3,10.0,16799.3
46,67,46067,14.9,8.0,,316.3,
46,69,46069,26.7,8.6,,,
46,71,46071,46.9,8.6,55.6,2803.5,0.0
46,75,46075,11.2,8.1,,4330.0,0.0
46,79,46079,25.5,8.5,15.0,,
46,81,46081,7.6,8.4,,98.8,0.0
46,83,46083,15.1,8.4,,985.0,
46,85,46085,15.5,8.2,54.3,1718.0,20935.4
46,87,46087,10.9,7.8,,255.0,
46,89,46089,22.3,8.1,,,
46,91,46091,19.2,8.5,30.5,,
46,93,46093,9.1,8.0,,171.9,0.0
46,95,46095,13.2,7.7,,1111.4,0.0
46,99,46099,15.9,8.3,,357.8,
46,101,46101,13.6,8.2,60.4,84.3,
46,102,46102,9.0,,,,
46,103,46103,12.1,8.2,2.8,720.9,0.0
46,105,46105,10.1,8.3,,201.7,0.0
46,107,46107,7.0,,,,
46,109,46109,17.9,7.9,21.5,20.8,0.0
46,111,46111,13.8,,,,
46,113,46113,32.8,8.6,56.1,253.0,0.0
46,115,46115,10.0,8.0,,40.8,0.0
46,117,46117,13.2,8.3,25.0,45.0,0.0
46,119,46119,20.8,8.6,1.5,,
46,121,46121,11.5,7.6,,,
46,123,46123,16.3,9.0,,65.0,
46,125,46125,13.5,8.1,,184.0,
46,127,46127,17.4,8.1,463.7,558.7,1878.1
46,129,46129,22.2,8.6,3.4,,
46,135,46135,16.6,8.3,73.7,38.0,704.6
46,137,46137,11.8,8.6,,420.0,
47,1,47001,16.1,7.9,,,
47,3,47003,17.7,7.1,3.9,,
47,5,47005,15.8,8.1,30.4,1966.0,
47,7,47007,13.1,6.6,7.0,,
47,9,47009,17.9,7.8,1.2,26.7,
47,11,47011,15.7,7.4,10.6,,4.3
47,13,47013,13.5,7.7,,,
47,15,47015,15.3,7.8,4.6,218.0,
47,19,47019,11.3,7.7,10.6,1039.7,
47,21,47021,20.1,7.8,13.4,415.0,
47,23,47023,10.7,7.2,29.5,240.0,
47,25,47025,14.7,7.9,1.7,,
47,27,47027,14.9,7.4,2.4,57.0,
47,29,47029,11.3,6.1,,,
47,31,47031,15.0,7.0,95.0,,
47,33,47033,18.6,7.2,73.3,390.0,
47,35,47035,12.7,6.3,3.4,333.5,
47,37,47037,20.8,7.8,9.3,370.3,
47,39,47039,16.9,7.2,22.0,77.0,
47,41,47041,16.7,7.6,3.8,517.2,
47,43,47043,17.1,8.1,2.0,623.7,
47,45,47045,14.6,7.2,43.6,258.4,
47,47,47047,17.5,6.8,64.2,115.0,
47,49,47049,22.0,7.8,,,
47,51,47051,19.8,7.3,14.3,44.0,
47,53,47053,19.5,7.1,39.7,940.2,
47,55,47055,18.3,7.8,5.1,,2085.3
47,59,47059,13.5,7.7,10.0,208.7,
47,61,47061,13.9,6.8,6.0,64.0,12.8
47,65,47065,19.4,7.7,6.0,,
47,67,47067,15.5,7.8,13.5,172.9,
47,69,47069,18.4,7.0,36.3,126.7,
47,71,47071,15.6,6.3,1.8,54.0,93.3
47,73,47073,13.1,7.8,3.9,136.4,
47,75,47075,12.8,7.5,35.8,325.0,
47,77,47077,18.9,7.5,15.0,4400.0,
47,79,47079,18.3,7.8,6.1,,
47,81,47081,14.6,8.7,3.4,,1.1
47,83,47083,16.7,7.8,0.9,237.5,
47,85,47085,19.6,7.8,,,
47,87,47087,20.0,7.5,,,
47,91,47091,13.2,7.5,4.9,111.3,
47,93,47093,20.0,8.0,7.0,36.0,
47,97,47097,15.1,7.3,30.0,160.9,
47,99,47099,11.2,7.3,3.9,54.0,
47,101,47101,12.9,7.4,2.1,,12.7
47,103,47103,19.6,7.5,4.1,,
47,105,47105,18.0,7.9,7.7,371.4,
47,107,47107,16.4,7.5,15.0,,28.2
47,113,47113,19.8,7.0,26.8,539.1,
47,115,47115,19.7,7.6,9.0,,
47,117,47117,19.2,7.7,,,
47,119,47119,17.5,7.3,8.4,224.3,
47,121,47121,18.3,7.4,11.7,,1.2
47,125,47125,21.4,7.7,16.8,618.1,
47,127,47127,11.4,6.9,,90.0,
47,129,47129,14.6,7.1,2.2,52.0,
47,131,47131,13.4,7.2,16.7,188.0,
47,133,47133,19.4,8.0,,,
47,137,47137,16.1,7.6,,,
47,139,47139,13.0,7.2,14.1,,4.1
47,141,47141,16.9,7.7,5.3,221.3,
47,143,47143,9.8,7.3,3.3,,
47,145,47145,16.8,7.8,5.2,8.0,
47,147,47147,16.9,7.9,9.9,242.7,
47,149,47149,18.1,7.7,6.7,240.7,
47,151,47151,16.9,7.7,,,
47,153,47153,14.3,7.2,,,
47,155,47155,16.0,7.3,,7.5,
47,157,47157,17.9,7.2,47.1,763.2,
47,159,47159,20.0,7.5,9.5,491.1,
47,161,47161,22.3,7.7,19.1,,8.2
47,163,47163,14.5,7.7,9.8,377.4,
47,165,47165,25.0,7.8,13.1,,
47,167,47167,18.3,7.2,85.8,236.7,
47,169,47169,22.5,7.8,,,
47,171,47171,12.5,7.7,2.8,26.8,
47,175,47175,14.3,6.2,2.1,97.3,
47,179,47179,14.2,7.7,9.7,395.0,
47,181,47181,15.3,6.7,3.2,78.0,6.1
47,183,47183,15.2,6.7,12.7,275.0,
47,185,47185,17.9,7.3,3.2,284.3,
47,187,47187,15.5,7.9,8.9,281.7,0.8
47,189,47189,19.3,7.7,3.2,44.0,
48,0,48000,29.1,8.2,0.2,,
48,1,48001,21.5,7.4,,,
48,13,48013,28.6,6.9,4.8,,
48,19,48019,21.1,7.5,,,
48,23,48023,7.0,8.0,,,
48,27,48027,21.9,7.4,67.3,,
48,29,48029,22.7,7.4,81.6,,3.9
48,39,48039,24.3,7.6,0.3,,
48,61,48061,28.0,8.1,28.2,,
48,71,48071,13.6,7.9,80.4,,
48,85,48085,24.3,8.0,,,
48,97,48097,24.7,8.2,,,
48,109,48109,14.7,8.3,,,
48,111,48111,15.4,8.3,1.0,,
48,113,48113,18.6,7.9,68.8,,
48,121,48121,21.5,8.0,,,
48,139,48139,25.4,8.1,52.0,,
48,141,48141,19.6,8.0,24.6,,
48,157,48157,25.6,7.8,144.3,,
48,161,48161,21.7,7.6,,,
48,167,48167,28.1,7.6,,,
48,169,48169,25.9,8.1,,,
48,175,48175,16.5,,,,
48,181,48181,21.1,7.7,,,
48,187,48187,23.4,7.5,8.0,,
48,195,48195,17.2,7.6,0.4,,
48,199,48199,23.5,6.4,14.2,,302.9
48,201,48201,21.9,7.6,19.6,1021.6,
48,205,48205,20.4,7.7,0.5,,
48,209,48209,21.8,7.3,0.2,,
48,213,48213,22.7,7.6,,,
48,225,48225,22.2,7.8,,,
48,231,48231,24.7,8.7,,,
48,239,48239,27.1,7.9,,,
48,245,48245,21.4,6.6,25.8,,6960.0
48,253,48253,14.7,8.2,,,
48,255,48255,21.8,7.9,162.8,,
48,273,48273,,,,,
48,275,48275,21.55,7.8,,,
48,291,48291,24.53633333,7.272333333,12.955,,77
48,295,48295,17.54,7.52,0.12,,
48,299,48299,27,8,0.72,,
48,309,48309,28.75,8.1,4.6,,
48,321,48321,16.1,7.65,435,,
48,325,48325,23.2,7.3,,,
48,339,48339,27.89217852,7.774316794,30.51875,,
48,341,48341,18.3,7.7,0.5,,
48,349,48349,24.75714286,7.85,,,
48,351,48351,22.77272727,,,,
48,357,48357,16.8,7.55,0.2,,
48,373,48373,16.59571429,6.828839286,14.99532738,,48.50883503
48,375,48375,19.34,8.21,,,
48,379,48379,23.7047619,8.029761905,,,
48,391,48391,19.1,,,,
48,397,48397,22.21411386,8.262914131,,,
48,417,48417,12.2,8.075,,,
48,421,48421,17.9,7.7,0.45,,
48,423,48423,24.29166667,8.04702381,,,
48,429,48429,22.86875,7.97732906,,,
48,439,48439,20.30394428,8.039006919,,,
48,447,48447,16.81666667,9.041666667,,,
48,453,48453,21.74038462,7.357692308,1.91,,
48,457,48457,20.325,7.1625,57,,
48,463,48463,20.9,8.1,,,
48,467,48467,24.91428571,8.809090909,,,
48,471,48471,25.83333333,7.909375,0.1,,
48,481,48481,28.6,8.033333333,,,
48,485,48485,24.56,7.86,,,
48,491,48491,24.2,7.9,,,
48,493,48493,27.06666667,6.516666667,2.466666667,,
48,499,48499,23.06449735,7.771334499,,,
49,1,49001,14.8390873,7.48,,,
49,3,49003,16.50741354,7.900184955,37.3625,,19.522
49,5,49005,10.71215453,8.032581301,11.63218519,,34.19384615
49,7,49007,7.334887955,7.818222222,12.68625,,4.448216667
49,9,49009,12.31875576,8.170077977,8.940640253,,2.493333333
49,11,49011,12.04726317,7.783872254,17.14256667,,30.41954217
49,13,49013,11.2319707,7.881931079,3.19988417,,
49,15,49015,7.442880658,7.676952381,28.13714286,,7.695411765
49,17,49017,12.01389216,8.278883981,5.000491684,,443.8274476
49,19,49019,9.855,7.8866,41.24875,,270.0202059
49,21,49021,15.65349368,8.299929685,,,0.575
49,23,49023,12.94860891,7.960944444,,,17.77178571
49,25,49025,13.63190983,8.065452845,2.988307958,,5.02476817
49,27,49027,15.34446429,7.517647059,,,
49,29,49029,8.254245014,,,,
49,31,49031,11.3610119,8.28952381,8.85,,1.721428571
49,33,49033,12.59871212,19.50846154,14.09583333,,4.963333333
49,35,49035,13.39850525,7.709049803,5.527083333,,98.64756349
49,37,49037,21.37057744,7.997103096,4.726972559,,604.907594
49,39,49039,12.51577381,7.5875,,,
49,41,49041,6.928412698,8.109583333,43.735,,2.613333333
49,43,49043,10.76911605,7.820505379,13.5076,,34.0718775
49,45,49045,15.18576102,7.260039171,,,9.342857143
49,47,49047,12.96399887,8.328428477,7.282631579,,16.72715278
49,49,49049,13.59368306,8.058894068,14.53,,4821.348253
49,51,49051,10.29867875,7.862335011,5.759598826,,244.7041276
49,53,49053,15.22519676,7.894222222,159.5635055,,12.64767549
49,55,49055,10.37380952,8.090442177,189,,21.03661472
49,57,49057,13.91750645,7.98550181,,,
50,1,50001,14.57529034,7.931331142,21.59468262,,
50,3,50003,12.67454825,6.713997342,2.207121212,,
50,5,50005,13.71725403,7.754746327,1.930319865,,
50,7,50007,14.90327058,7.706655526,8.843333333,,
50,9,50009,13.52944519,7.121919027,2.324561218,,
50,11,50011,11.95526469,7.595300908,2.154047619,,
50,15,50015,9.946593615,6.756658141,2.990534214,,
50,17,50017,13.23904598,7.840146709,5.881535867,,
50,19,50019,9.284488582,7.515634259,3.194517569,,
50,21,50021,11.89714302,7.419654971,1.329646465,,
50,23,50023,12.42298241,7.626126543,5.884794643,,
50,25,50025,12.62307353,7.007080645,2.746608696,,
50,27,50027,16.0946462,7.794594371,1.598520075,,0.238
51,1,51001,20.59300069,7.653863601,14.61877381,161.4312169,
51,3,51003,15.28498656,7.62887456,2.788333333,214.4993895,
51,5,51005,12.27367929,7.457824074,5.389,172.9166667,
51,7,51007,14.45140017,7.100682639,6.879777778,107.2916667,
51,9,51009,17.81216367,7.532834476,65.72976238,211.0576923,
51,11,51011,14.22602564,7.384230769,2.954166667,243.75,
51,13,51013,15.90358442,7.857980519,27.60250446,2129.767045,4.54625
51,15,51015,13.57622985,7.690852084,4.775,516.4636752,14.146475
51,17,51017,13.91619048,7.938809524,3.775,73.33333333,
51,19,51019,17.54027075,7.560459184,9.486145833,126.4880952,
51,21,51021,12.43,7.828125,2.74,,
51,23,51023,14.88043641,7.656785714,4.66,348.6111111,
51,25,51025,15.76144571,6.95646149,6.9,87.5,
51,27,51027,12.3097619,7.837142857,3.656111111,461.1111111,
51,29,51029,13.71269444,7.217777778,4.371111111,166.6666667,
51,31,51031,15.67294524,7.417285714,5.309444444,85.41666667,
51,33,51033,14.27304021,6.645713414,9.918083333,110.1190476,
51,35,51035,13.81335897,7.289512821,,,
51,36,51036,19.81328619,6.820104099,20.24405702,39.58333333,5.6
51,37,51037,13.11283333,7.143125,11.39566667,358.3333333,
51,41,51041,18.86703696,7.146315646,8.354834734,164.5833333,
51,43,51043,15.58627712,7.890710059,5.45625,265.9340659,
51,45,51045,13.21408333,7.6665625,1.425,,
51,47,51047,15.6657604,6.870734871,24.0976621,88.17307692,
51,49,51049,15.07619048,7.280493197,48.06966667,292.9166667,
51,51,51051,13.73513889,7.907777778,18.96611111,146.875,
51,53,51053,16.15601089,6.413738562,5.307492063,125,
51,57,51057,16.35989298,6.650975792,25.16432426,145.703125,
51,59,51059,14.8208918,7.194123235,11.33911091,240.4817708,1.429217172
51,61,51061,13.40424359,7.403230769,10.73680357,127.0138889,
51,63,51063,11.94142857,7.837142857,,,
51,65,51065,15.36820867,7.364708482,34.05250028,249.3371212,
51,67,51067,15.75231789,7.56247758,7.073257576,276.3180272,
51,69,51069,13.78315152,7.934272727,1.571666667,97.4702381,
51,71,51071,14.10339286,7.880952381,1.898666667,44.79166667,
51,73,51073,17.30807522,7.773463864,23.76297619,25,
51,75,51075,15.44817974,7.231947712,20.09219804,,
51,77,51077,13.14083333,7.131666667,69.85083333,1100,
51,79,51079,15.20833333,7.354333333,4.1875,121.9551282,
51,81,51081,14.53833333,6.96,,,
51,83,51083,16.24242529,7.23554844,13.34766667,208.2261905,
51,85,51085,15.94109886,6.927740914,8.925666476,147.5570437,
51,87,51087,16.1049827,6.721595427,38.90130208,66.11111111,
51,89,51089,11.80732967,7.440369048,8.031333333,122.7380952,
51,91,51091,12.63183333,8.025,,,
51,93,51093,17.17531147,7.341915312,14.10356458,274.4345238,
51,95,51095,26.1729109,7.709136268,36.027525,109.142562,
51,97,51097,15.66037138,6.92245678,31.02644697,56.58143939,
51,99,51099,17.13136829,7.15539579,13.53037037,40.50925926,
51,101,51101,17.17842261,6.931783684,13.96265663,57.53968254,
51,103,51103,19.10991428,7.627581442,3.157513889,25,
51,105,51105,13.66470899,7.541666667,4.1325,91.66666667,
51,107,51107,14.60236616,7.541352086,5.749727045,176.087963,
51,109,51109,17.04358706,6.816097047,6.658938776,281.9047619,
51,111,51111,15.07123512,7.229027778,11.09777778,101.3888889,
51,113,51113,14.34115625,7.204304423,1.851166667,78.84615385,3.535925
51,115,51115,19.60108146,7.974651432,4.098571429,26.19047619,
51,117,51117,18.28587798,7.18611247,7.796742424,74.72222222,
51,119,51119,18.45902975,7.598440805,7.401403061,86.57407407,
51,121,51121,14.45111111,8.057951389,2.115,63.88888889,
51,125,51125,14.70774565,7.594533258,14.74444444,355.5555556,
51,127,51127,17.24606239,6.831161859,16.92087924,91.51515152,
51,131,51131,16.27351184,7.514552041,5.743333333,31.25,
51,133,51133,19.77276644,7.616720877,5.071904762,26.38888889,
51,135,51135,13.79164444,6.968044444,2.619166667,225,
51,137,51137,14.94928333,7.353183333,5.002916667,286.4583333,
51,139,51139,14.83527747,7.771745485,4.425,338.003663,
51,141,51141,12.826,7.138333333,5.827666667,136.4583333,
51,143,51143,15.91360226,7.272480182,15.92611111,376.3888889,
51,145,51145,14.24395833,6.811041667,9.175,175,
51,147,51147,14.27511905,7.276904762,6.892222222,170.8333333,
51,149,51149,14.46031141,7.45549611,24.8727381,79.57251082,
51,153,51153,15.12906357,7.220799255,11.97088447,90.21103896,1.67414911
51,155,51155,17.13885831,7.576368627,6.657666667,316.6666667,
51,157,51157,12.52971305,7.204312952,1.6125,39.58333333,5.325525
51,159,51159,16.73876185,7.260366114,30.93072619,44.65909091,
51,161,51161,15.30333333,7.935666667,3.62,362.5,
51,163,51163,13.39420407,8.033897423,2.22,245.4912734,
51,165,51165,14.95595987,7.854051096,10.97101852,479.4403513,10.0938
51,167,51167,13.49218783,7.863948346,5.044840909,325,
51,169,51169,13.27861438,7.871786814,4.459666667,155.2083333,
51,171,51171,15.17859834,7.911212681,12.19464143,375.3296703,
51,173,51173,11.76701087,7.574562567,2.786111111,191.3888889,
51,175,51175,15.82885995,6.493854167,9.062838542,216.5744048,
51,177,51177,15.75135233,6.888161231,21.03444444,229.9679487,
51,179,51179,17.91802451,7.257160964,7.176154762,77.14285714,
51,181,51181,19.58301239,7.133902831,34.87333333,95.83333333,
51,183,51183,15.10227937,6.779253968,5.4875,80.20833333,0
51,185,51185,12.7852381,7.643996337,3.8279,213.5416667,
51,187,51187,13.3360901,8.073139275,16.3035848,188.8888889,
51,191,51191,14.02363413,7.723310771,2.974444444,258.3333333,
51,193,51193,19.45839394,7.368590909,12.28708333,76.52651515,
51,195,51195,16.16101852,7.260648148,10.32958333,416.6666667,
51,197,51197,16.31880952,7.051428571,4.395416667,40.625,
51,199,51199,20.82651774,7.781465506,15.56089615,123.8541667,
51,510,51510,19.1455,7.7055,2.721875,624.75,
51,520,51520,12.3,7.98,,,
51,530,51530,14.685,7.87,,,
51,540,51540,13.025,7.556666667,,1418.154762,
51,550,51550,21.02552296,6.141348991,10.33437963,155.3977273,
51,570,51570,19.02910364,7.016960784,,,
51,580,51580,15.5237037,7.857142857,2.8425,197.9166667,
51,590,51590,10.99,7.24,,,
51,595,51595,16.06166667,6.945,12.18333333,91.66666667,
51,610,51610,13.305,7.4,0.815,,
51,620,51620,17.50166667,6.599166667,6.764166667,177.0833333,
51,630,51630,18.15944444,7.546972222,33.7367691,,
51,650,51650,18.75544592,7.743370764,18.87666667,445.5555556,
51,660,51660,13.65333333,7.5975,1.85,75,
51,670,51670,16.48709524,7.123238095,20.19791667,492.7083333,
51,678,51678,16.285,8.22,,,
51,700,51700,17.19073539,7.880737805,12.99236389,58.33333333,
51,710,51710,17.08329899,7.755062059,6.927871083,72.57575758,
51,730,51730,17.82857143,7.405714286,4.526666667,50,
51,735,51735,21.82710898,7.938791971,,25,
51,740,51740,14.94335816,7.818102378,5.687789001,41.6951567,
51,750,51750,17.65,8.036666667,3.098333333,91.66666667,
51,760,51760,18.50690272,7.656678311,9.88859981,223.9423077,
51,770,51770,15.38055556,8.038888889,2.378333333,290.1785714,
51,775,51775,15.37833333,7.93,3.11,50,
51,790,51790,14.66,8.235,,,
51,800,51800,20.23584386,6.640460293,13.03333333,779.1666667,
51,810,51810,19.36472475,7.629728956,12.09577056,140.7612782,
51,820,51820,13.8412963,7.984444444,,258.3333333,
53,1,53001,13.91475,7.838928571,7.83,189.1916667,
53,3,53003,10.364375,8.015,3.425,14.625,
53,5,53005,13.20166667,7.984704678,4.411111111,27.91666667,
53,7,53007,8.788888889,8.020046296,1.477777778,3.851851852,
53,9,53009,9.302730159,7.667968254,17.33619048,6.092063492,
53,11,53011,14.67613873,6.854353134,4.784336564,19.33333333,217.3855556
53,13,53013,13.77444444,8.37375,9.244444444,76.33333333,
53,15,53015,10.0786674,7.43,2.9,24.22222222,
53,17,53017,9.997777778,8.006666667,1.255555556,7.444444444,
53,19,53019,11.51331281,7.675461797,1.615277778,11.32222222,21.37375
53,21,53021,14.89876543,7.901404321,4.167592593,72.44017094,
53,25,53025,13.71040305,7.828997821,6.515359477,264.6137302,
53,27,53027,11.265,7.423888889,3.755555556,18.66666667,
53,31,53031,7.30962963,7.576666667,3.37037037,4.592592593,
53,33,53033,9.986268039,7.341869489,4.693246914,166.7962963,
53,35,53035,10.72807571,7.132201304,,1599.796296,710
53,37,53037,11.35891828,7.977968107,2.026666667,20.37037037,
53,41,53041,10.33222222,7.398888889,2.966666667,29,
53,43,53043,10.45449833,7.819125616,11.6,77.2,9.31
53,45,53045,10.17240741,7.676851852,1.588888889,20.77777778,
53,47,53047,10.12695151,7.9630839,2.355555556,12.24074074,
53,49,53049,10.29473578,6.601246017,10.69966051,49.33333333,
53,51,53051,6.717160494,7.477515652,6.988396028,18.06875,31.27546907
53,53,53053,9.566383534,7.368192658,11.68392593,271.0384978,97.4026626
53,57,53057,9.088803901,7.327292387,6.343320238,41.68131868,8.01259712
53,59,53059,13.2,,,,
53,61,53061,9.180808081,7.241919192,26.94141414,21.86868687,
53,63,53063,12.792714,8.092098214,13.80046296,35.04166667,121.37
53,65,53065,10.77735288,6.538403628,6.477777778,47.00912698,19.05682222
53,67,53067,10.4744709,6.869204545,12.32913131,39.61403509,
53,71,53071,13.84722222,7.750833333,19.33333333,38.22222222,
53,73,53073,10.03326743,7.032414199,37.49381819,73.31907625,
53,75,53075,9.858333333,7.82125,14.2,265,
53,77,53077,11.11235777,7.743495005,5.564444444,166.8093205,
53,(blank),53(blank),11.88037037,8.293287037,3.2,9.851851852,
54,1,54001,10.3,7.6,,,
54,3,54003,14.35395833,8.009791667,0.5,,576.6983333
54,27,54027,14.4996875,8.389375,12.25714286,69.22222222,593.25
54,29,54029,15.495,7.6185,,,29412
54,33,54033,21.1375,8.00625,8.05,,
54,37,54037,14.61681424,8.024279514,6.065555556,25.66666667,1352.333447
54,41,54041,22.95,7.875,3.65,,
54,49,54049,22.26666667,8,10.3,,
54,53,54053,15.41,7.29375,,,
54,57,54057,13.08689394,7.651866162,7.719444444,,145.3133333
54,59,54059,16.57181818,8.229818182,16.378,,
54,61,54061,19.47051282,7.809166667,5.433333333,455.2142857,507.3445238
54,65,54065,14.93993924,7.991362847,7.15,,828.0875
54,73,54073,17,7.16,,,
54,77,54077,13.61555556,6.900736111,0.92,201.7777778,414.0906111
54,79,54079,17.1,7.5575,,,
54,83,54083,21.78888889,7.444444444,1.366666667,,
54,91,54091,21.5,8.075,2.1,,
54,93,54093,14.4,7.5375,2.8,,
54,97,54097,18.28571429,7.557142857,2.7,,
54,99,54099,17.3125,8.28,,,
54,107,54107,18.45,7.25,,,
55,1,55001,41.28564355,7.533791935,,,10.65209532
55,3,55003,23.60267499,7.469583296,2.359027778,,
55,5,55005,56.24648241,7.44719697,4.941666667,,23.92916667
55,7,55007,24.92532523,7.497546127,6.616192529,,8.4169
55,9,55009,44.72516583,8.137647059,30.93333333,,8.8
55,11,55011,15.43385714,7.905,9.7,,3243.010272
55,13,55013,52.08129887,7.426111111,8.013333333,,
55,15,55015,19.68690684,8.200498062,,,4.066666667
55,17,55017,35.58326301,7.417468786,33.3,,
55,19,55019,12.544,7.484444444,0.78,,2.54
55,21,55021,22.25707799,8.149914481,5.4,,38.775
55,23,55023,13.08696779,7.854178876,12.77222222,,6607.714667
55,25,55025,17.02446446,7.915319114,13.8,,6.834510582
55,27,55027,41.6397551,8.035555556,,,
55,29,55029,22.99648131,7.888055935,5.916460804,,
55,31,55031,22.5327537,7.471293819,50.56826248,,258.6367282
55,33,55033,14.48111556,8.211158311,43.17727273,,20.59905071
55,35,55035,12.67848991,7.04327118,,,
55,37,55037,55.45825684,8.108688273,3.266666667,,
55,39,55039,23.09038933,7.903983333,122,,1.648
55,41,55041,34.04453588,7.646306177,2.4125,,
55,43,55043,15.76388562,8.421805396,,,4.55
55,45,55045,14.15081197,8.167831273,,,4.964880952
55,47,55047,28.77319377,8.484227862,8.1,,
55,49,55049,19.2456449,7.985,3.6,,8.125
55,51,55051,42.68876932,7.409583333,4.21125,,0.25
55,53,55053,12.46417745,6.704666667,11.93490741,,16.44918333
55,55,55055,22.05616195,7.924552005,,,19.79291667
55,57,55057,40.58059498,7.91964226,109,,6.433333333
55,59,55059,20.81121413,7.615099715,11.6379375,,196.4611111
55,61,55061,16.153765,8.192126778,3.95,,5.392
55,63,55063,17.894,7.848564815,27.83339394,,8.3955
55,65,55065,27.32373883,8.118181818,,,
55,67,55067,31.18774301,7.597315566,8.653846154,,
55,69,55069,25.40557435,7.748762697,6.183333333,,
55,71,55071,30.384105,8.002929017,6.217707071,,6.869166667
55,73,55073,20.7296887,7.820454947,,,9.026291667
55,75,55075,27.54579016,12.20225185,2.31875,,4.113033333
55,77,55077,41.46768326,7.914726891,1.5,,24.05490345
55,78,55078,29.89372106,7.473666667,,,
55,79,55079,15.09837941,8.094603248,6.015262557,2568.3145,11.94895833
55,81,55081,19.91099206,7.701641026,98.75,,
55,83,55083,40.07197695,7.949970238,1.28125,,
55,85,55085,40.27556203,7.510090908,7.65,,
55,87,55087,21.74816115,7.491547619,,,366.7666667
55,89,55089,17.7599471,8.036987599,4.975,143.7619048,135.76
55,91,55091,13.49751701,8.000434783,6.291666667,,31.51420635
55,93,55093,14.48262279,7.672222222,,,59.26
55,95,55095,43.42247598,7.946307536,15.04411765,,
55,97,55097,39.60894835,7.842668339,,,18.67742668
55,99,55099,43.28102265,6.858833333,1.9,,
55,101,55101,21.39710066,7.990242304,3.223005051,,29.48106061
55,103,55103,18.07157813,8.026666667,,,
55,105,55105,25.11718325,8.126790031,53.55,,26.396
55,107,55107,33.53214097,7.289259259,3.6,,447.025
55,109,55109,18.45300539,7.713801417,,,26.85
55,111,55111,20.30770621,8.292595816,8.1,,
55,113,55113,61.47820305,7.830946302,,,
55,115,55115,31.96262595,8.093158793,3.920472013,,41.07657821
55,117,55117,19.28849586,8.178800861,10.01666667,,27.41855556
55,119,55119,34.15951389,7.579375,,,
55,121,55121,14.9027639,7.979030612,10.74277778,,
55,123,55123,16.29370082,8.095735519,20.47017045,,20.82122009
55,125,55125,46.09180377,7.044906495,2.599346111,,23.83111111
55,127,55127,34.76233651,8.058545807,1.7,,
55,129,55129,58.81915498,7.04537037,3.4125,,
55,131,55131,24.82000288,8.126381851,3.709333333,249.1723684,7.304833333
55,133,55133,23.70612375,8.082288734,50.18816402,3123.357143,22.05608696
55,135,55135,26.19998663,8.166601426,7.295238095,,53.66278015
55,137,55137,41.86078145,7.958905598,1.6,,34.03171421
55,139,55139,12.86209975,8.429963889,7.6,,
55,141,55141,17.31754457,7.77931158,,,0.31
56,1,56001,9.928571429,7.157142857,4.432142857,,
56,3,56003,11.83125,8.0775,,,
56,5,56005,9.759889647,8.031804399,12,,
56,7,56007,10.265,8.236388889,,,
56,9,56009,8.3925,8.0925,,,
56,11,56011,11.78696581,8.125333333,,,
56,13,56013,58.38935185,8.514509259,33.97260417,,
56,15,56015,12.51041667,8.23625,12.77083333,,
56,17,56017,44.9625,8.3425,45.03333333,,
56,19,56019,10.72792659,8.247048611,,,
56,23,56023,10.24416486,8.133510698,15.06567368,,
56,25,56025,10.98333333,7.966666667,,,
56,27,56027,8.34375,8.156521739,13.33333333,,
56,29,56029,18.64513889,8.275,,,
56,31,56031,13.46,7.448333333,1.233333333,,
56,33,56033,10.37916667,8.084027778,,,
56,35,56035,10.11587302,8.728834209,0.925,,
56,37,56037,12.70200103,8.25378607,31.31255217,,
56,39,56039,9.723978586,7.666395874,0.972727273,,
56,41,56041,6.41977904,8.400166667,5.295833333,,12.755
60,10,60010,25.30916667,7.485714286,2.169761905,,
60,20,60020,26.80843137,7.544705882,-1.186388889,,
66,10,66010,28.42922794,7.932083333,7.444758403,,
69,100,69100,29.06564593,8.044449761,2.115167464,,
69,110,69110,28.54257625,7.939190689,3.408873954,,
69,120,69120,28.59508473,8.034047138,2.528003108,,
72,1,72001,22.925,8.025,2.3,320,
72,5,72005,26.1,7.65,123.3333333,4470,
72,7,72007,24.36666667,8.066666667,49.66666667,3733.333333,
72,9,72009,25.7,8.175,43.95,739.75,
72,11,72011,25.4625,7.825,61.5,1325.375,
72,13,72013,25.09583333,7.441666667,88.00416667,882.9166667,
72,21,72021,25.825,7.9,190.8375,15916.66667,
72,23,72023,29.56357143,7.653571429,10.05,64.03571429,
72,25,72025,27.16666667,7.683333333,63.57222222,33977.77778,
72,31,72031,26.3,7.575,16.2,36366.66667,
72,35,72035,24.5,8.05,,130,
72,37,72037,28.1875,7.3625,4.5,7.5,
72,39,72039,25.05,8.0625,77.33333333,13818.5,
72,43,72043,25.625,7.975,,221.5,
72,45,72045,24.975,8.2,45.6125,7482.5,
72,47,72047,24.6,7.9,6.833333333,17650,
72,51,72051,29.01666667,8.083333333,7.55,656,
72,53,72053,28.40375,7.659583333,17.1,9370,
72,57,72057,29.35,7.875,4.8,25.25,
72,59,72059,26.475,7.9,,237.5,
72,61,72061,26.74166667,7.375,16.12222222,54244.44444,
72,63,72063,28.475,7.475,21.75,9900,
72,67,72067,23.575,7.880555556,47.71666667,9250.555556,
72,69,72069,27.35,7.625,21.56666667,12066.66667,
72,73,72073,22.5,7.7,3.5,2500,
72,79,72079,29.46722222,7.754484127,13.85,20.4,
72,81,72081,23.03333333,7.933333333,20.5,1313.333333,
72,91,72091,28.09866071,8.025,24.95,177.75,
72,95,72095,30.825,7.675,3.625,905,
72,97,72097,25.01666667,8.083333333,19.31666667,1960,
72,105,72105,23.8,7.875,36.025,2460,
72,107,72107,24.11666667,8.0875,32.18333333,1188.666667,
72,109,72109,26.35,8.425,2.8,68.25,
72,113,72113,25.68148148,8.12037037,9.87,307.5925926,
72,115,72115,25.12083333,7.4375,4.5,207.8333333,
72,119,72119,24.85,7.625,5.7,830,
72,123,72123,30.52,7.754761905,87.61428571,128.7142857,
72,125,72125,25.53333333,7.966666667,8.066666667,10563.33333,
72,127,72127,25.925,7.7375,27.4125,19900,
72,129,72129,26,7.95,30.5,3250,
72,131,72131,24.72708333,7.944444444,32.1,3773.777778,
72,139,72139,26.98333333,7.229166667,48.96666667,320.25,
72,141,72141,23.88217949,7.941666667,18.59,4445.966667,
72,145,72145,24.95,7.775,23.1,23500,
72,147,72147,28.31625,7.80625,2.7,1,
72,151,72151,26.01666667,7.4,8.775,630,
78,10,78010,28.80483946,8.104443627,0.875816197,1.606372549,
78,20,78020,28.31383333,8.077466667,0.884786667,7.295333333,
78,30,78030,28.39887821,8.071107692,1.1566195,22.82076923,
