FIPS Code,1982 Mean pH Value,%  Outside of Ideal (7.25),2012 Mean pH Value,%  Outside of Ideal (7.25),% Difference,Change in % Points in Difference from Ideal
13065,4.082608696,43.7%,3.927762821,45.8%,-3.9%,2.1%
12003,5.422222222,25.2%,4.393681818,39.4%,-23.4%,14.2%
28073,5.71,21.2%,4.92,32.1%,-16.1%,10.9%
28035,6.5,10.3%,5.2,28.3%,-25.0%,17.9%
13179,7.49,-3.3%,5.527314815,23.8%,-35.5%,27.1%
02110,7.814285714,-7.8%,5.54968254,23.5%,-40.8%,31.2%
22015,6.89,5.0%,5.625,22.4%,-22.5%,17.4%
36089,7.363534382,-1.6%,5.673480405,21.7%,-29.8%,23.3%
01101,8.0925,-11.6%,5.7418912,20.8%,-40.9%,32.4%
28109,6.593181818,9.1%,5.754074074,20.6%,-14.6%,11.6%
13269,4.6,36.6%,5.8,20.0%,20.7%,-16.6%
01045,7.583333333,-4.6%,5.85,19.3%,-29.6%,23.9%
13025,5.123017903,29.3%,5.856410256,19.2%,12.5%,-10.1%
36043,4.783333333,34.0%,5.905101887,18.6%,19.0%,-15.5%
34005,6.169113005,14.9%,5.945530908,18.0%,-3.8%,3.1%
13319,5.655208333,22.0%,5.97,17.7%,5.3%,-4.3%
05059,6.867727273,5.3%,6.013379071,17.1%,-14.2%,11.8%
34011,6.908333333,4.7%,6.033903509,16.8%,-14.5%,12.1%
45041,6.75,6.9%,6.064257576,16.4%,-11.3%,9.5%
28023,7.03,3.0%,6.069666667,16.3%,-15.8%,13.2%
22013,7.95,-9.7%,6.0875,16.0%,-30.6%,25.7%
45067,8.319444444,-14.8%,6.097583333,15.9%,-36.4%,30.6%
01001,6.2,14.5%,6.135555556,15.4%,-1.1%,0.9%
13109,5.372727273,25.9%,6.1485,15.2%,12.6%,-10.7%
45003,5.994444444,17.3%,6.1490625,15.2%,2.5%,-2.1%
08065,7.666666667,-5.7%,6.15109375,15.2%,-24.6%,20.9%
13019,5.833333333,19.5%,6.155833333,15.1%,5.2%,-4.4%
16015,7.765740741,-7.1%,6.174051724,14.8%,-25.8%,22.0%
28131,7.778125,-7.3%,6.183421053,14.7%,-25.8%,22.0%
37017,6.658333333,8.2%,6.203855997,14.4%,-7.3%,6.3%
45089,6.416666667,11.5%,6.209075758,14.4%,-3.3%,2.9%
04023,7.792857143,-7.5%,6.240672954,13.9%,-24.9%,21.4%
01111,6.4375,11.2%,6.25038961,13.8%,-3.0%,2.6%
36041,5.1,29.7%,6.260520039,13.6%,18.5%,-16.0%
47071,7.19,0.8%,6.261696158,13.6%,-14.8%,12.8%
25001,5.903703704,18.6%,6.267726397,13.5%,5.8%,-5.0%
16055,7.59,-4.7%,6.269543651,13.5%,-21.1%,18.2%
01089,6.866666667,5.3%,6.274007937,13.5%,-9.4%,8.2%
12077,6.242708333,13.9%,6.274829408,13.5%,0.5%,-0.4%
13137,7.045454545,2.8%,6.275,13.4%,-12.3%,10.6%
13153,6.852173913,5.5%,6.2775,13.4%,-9.2%,7.9%
23017,6.49,10.5%,6.304444444,13.0%,-2.9%,2.6%
36103,5.940670043,18.1%,6.30625,13.0%,5.8%,-5.0%
13261,6.877272727,5.1%,6.313916667,12.9%,-8.9%,7.8%
33005,7.423076923,-2.4%,6.322005138,12.8%,-17.4%,15.2%
37147,6.624898785,8.6%,6.340308123,12.5%,-4.5%,3.9%
33017,6.275,13.4%,6.353685128,12.4%,1.2%,-1.1%
28085,5.826086957,19.6%,6.357391304,12.3%,8.4%,-7.3%
12089,5.37826087,25.8%,6.37295338,12.1%,15.6%,-13.7%
13071,6.7,7.6%,6.376863095,12.0%,-5.1%,4.5%
12073,7.735565692,-6.7%,6.396907768,11.8%,-20.9%,18.5%
37079,6.558333333,9.5%,6.416340703,11.5%,-2.2%,2.0%
08111,7.4,-2.1%,6.420087344,11.4%,-15.3%,13.5%
23005,7.038919414,2.9%,6.427272727,11.3%,-9.5%,8.4%
37135,7.16,1.2%,6.433109681,11.3%,-11.3%,10.0%
12055,6.11375,15.7%,6.44126275,11.2%,5.1%,-4.5%
56029,7.7725,-7.2%,6.444166667,11.1%,-20.6%,18.3%
48199,6.975,3.8%,6.447166667,11.1%,-8.2%,7.3%
13309,5.5,24.1%,6.46,10.9%,14.9%,-13.2%
13093,6.877777778,5.1%,6.483375,10.6%,-6.1%,5.4%
13307,7.096666667,2.1%,6.491611111,10.5%,-9.3%,8.3%
51175,6.92,4.6%,6.493854167,10.4%,-6.6%,5.9%
01053,6.385714286,11.9%,6.494365692,10.4%,1.7%,-1.5%
13193,6.822727273,5.9%,6.498093712,10.4%,-5.0%,4.5%
05149,6.624415284,8.6%,6.500416667,10.3%,-1.9%,1.7%
33013,6.7125,7.4%,6.500887287,10.3%,-3.3%,2.9%
37083,7.125,1.7%,6.505147059,10.3%,-9.5%,8.5%
12113,7.883333333,-8.7%,6.510758231,10.2%,-21.1%,18.9%
42107,6.213034188,14.3%,6.513428571,10.2%,4.6%,-4.1%
01123,6,17.2%,6.526666667,10.0%,8.1%,-7.3%
28007,8.3,-14.5%,6.541666667,9.8%,-26.9%,24.3%
53065,7.814102564,-7.8%,6.559559083,9.5%,-19.1%,17.3%
45075,9,-24.1%,6.563863636,9.5%,-37.1%,33.6%
17111,7.664343434,-5.7%,6.566666667,9.4%,-16.7%,15.1%
13275,6.62173913,8.7%,6.568092593,9.4%,-0.8%,0.7%
13097,6.986363636,3.6%,6.569884897,9.4%,-6.3%,5.7%
01003,5.3,26.9%,6.572357578,9.3%,19.4%,-17.5%
34015,6.89905303,4.8%,6.576269345,9.3%,-4.9%,4.5%
48245,7.136969697,1.6%,6.583333333,9.2%,-8.4%,7.6%
13185,7.186050463,0.9%,6.583648148,9.2%,-9.1%,8.3%
44007,6.7375,7.1%,6.586960724,9.1%,-2.3%,2.1%
45021,7.7,-6.2%,6.590729167,9.1%,-16.8%,15.3%
45063,7.6,-4.8%,6.591807359,9.1%,-15.3%,13.9%
39127,4.261111111,41.2%,6.5925,9.1%,35.4%,-32.2%
45087,7.4,-2.1%,6.593333333,9.1%,-12.2%,11.1%
05141,7.088055556,2.2%,6.595522432,9.0%,-7.5%,6.8%
53049,7.354545455,-1.4%,6.601246017,8.9%,-11.4%,10.4%
05119,7.879166667,-8.7%,6.611226934,8.8%,-19.2%,17.5%
13029,5.55,23.4%,6.62408061,8.6%,16.2%,-14.8%
12049,7.139038208,1.5%,6.62600179,8.6%,-7.7%,7.1%
12047,6.088068182,16.0%,6.626378205,8.6%,8.1%,-7.4%
01083,5.6,22.8%,6.63,8.6%,15.5%,-14.2%
12023,4.891666667,32.5%,6.641709402,8.4%,26.3%,-24.1%
05083,6.788333333,6.4%,6.642361111,8.4%,-2.2%,2.0%
45035,7.648333333,-5.5%,6.652833333,8.2%,-15.0%,13.7%
40079,7.593636364,-4.7%,6.664568182,8.1%,-13.9%,12.8%
37065,6.65,8.3%,6.664930556,8.1%,0.2%,-0.2%
13259,9,-24.1%,6.669608333,8.0%,-34.9%,32.1%
05147,7.487777778,-3.3%,6.669793651,8.0%,-12.3%,11.3%
01061,8,-10.3%,6.671208995,8.0%,-19.9%,18.3%
13113,6.94047619,4.3%,6.674818162,7.9%,-4.0%,3.7%
28049,7.907692308,-9.1%,6.676666667,7.9%,-18.4%,17.0%
34001,6.437222222,11.2%,6.6790625,7.9%,3.6%,-3.3%
13027,6.37452381,12.1%,6.690041667,7.7%,4.7%,-4.4%
37105,6.722222222,7.3%,6.694263072,7.7%,-0.4%,0.4%
44009,5.797185129,20.0%,6.7,7.6%,13.5%,-12.5%
13067,7.095238095,2.1%,6.702508971,7.6%,-5.9%,5.4%
34033,7.046875,2.8%,6.709069549,7.5%,-5.0%,4.7%
37085,6.85,5.5%,6.714191176,7.4%,-2.0%,1.9%
13045,6.859090909,5.4%,6.720711691,7.3%,-2.1%,1.9%
05105,6.613823529,8.8%,6.728333333,7.2%,1.7%,-1.6%
45077,6.65,8.3%,6.732777778,7.1%,1.2%,-1.1%
05103,7.425,-2.4%,6.752111111,6.9%,-10.0%,9.3%
01075,6,17.2%,6.755,6.8%,11.2%,-10.4%
41041,7.38,-1.8%,6.758379594,6.8%,-9.2%,8.6%
37107,6.825,5.9%,6.766402868,6.7%,-0.9%,0.8%
01133,7.49,-3.3%,6.770142811,6.6%,-10.6%,9.9%
45073,6.544927536,9.7%,6.77089454,6.6%,3.3%,-3.1%
05115,7.883333333,-8.7%,6.784037783,6.4%,-16.2%,15.2%
13099,7.666666667,-5.7%,6.784583333,6.4%,-13.0%,12.2%
05125,7.415384615,-2.3%,6.793537541,6.3%,-9.2%,8.6%
22089,7.425,-2.4%,6.8,6.2%,-9.2%,8.6%
45049,6.675,7.9%,6.803,6.2%,1.9%,-1.8%
34025,6.576102988,9.3%,6.804910655,6.1%,3.4%,-3.2%
05061,6.653879841,8.2%,6.810790444,6.1%,2.3%,-2.2%
01057,6.631100527,8.5%,6.813770492,6.0%,2.7%,-2.5%
37101,6.6625,8.1%,6.815029762,6.0%,2.2%,-2.1%
13021,6.982291667,3.7%,6.816666667,6.0%,-2.4%,2.3%
01113,6.084444444,16.1%,6.817083333,6.0%,10.7%,-10.1%
05029,8.025,-10.7%,6.820265776,5.9%,-17.7%,16.6%
05051,6.886363636,5.0%,6.821269643,5.9%,-1.0%,0.9%
25027,6.805395545,6.1%,6.824848485,5.9%,0.3%,-0.3%
48373,8.194047619,-13.0%,6.828839286,5.8%,-20.0%,18.8%
51127,6.658333333,8.2%,6.831161859,5.8%,2.5%,-2.4%
42025,5.2125,28.1%,6.8325,5.8%,23.7%,-22.3%
12129,7.00375,3.4%,6.833333333,5.7%,-2.5%,2.4%
45023,6.55,9.7%,6.834785714,5.7%,4.2%,-3.9%
23031,6.2,14.5%,6.835941176,5.7%,9.3%,-8.8%
12101,6.663940127,8.1%,6.836935982,5.7%,2.5%,-2.4%
13131,6.65,8.3%,6.838642857,5.7%,2.8%,-2.6%
28029,7.125,1.7%,6.839776119,5.7%,-4.2%,3.9%
01063,7.5,-3.4%,6.842407178,5.6%,-9.6%,9.1%
29175,7.7375,-6.7%,6.844666667,5.6%,-13.0%,12.3%
13061,8.5,-17.2%,6.8446875,5.6%,-24.2%,22.8%
56039,8.35,-15.2%,6.846130812,5.6%,-22.0%,20.7%
48013,7.7,-6.2%,6.85,5.5%,-12.4%,11.7%
08053,7.8,-7.6%,6.85754902,5.4%,-13.7%,13.0%
01077,6.55,9.7%,6.864666667,5.3%,4.6%,-4.3%
53067,6.805555556,6.1%,6.869204545,5.3%,0.9%,-0.9%
01039,7.85,-8.3%,6.870461,5.2%,-14.3%,13.5%
13053,6.9,4.8%,6.871666667,5.2%,-0.4%,0.4%
13149,7.009090909,3.3%,6.884658318,5.0%,-1.8%,1.7%
41047,6.325,12.8%,6.885825365,5.0%,8.1%,-7.7%
51177,7.34,-1.2%,6.888161231,5.0%,-6.6%,6.2%
05133,6.758482811,6.8%,6.893648148,4.9%,2.0%,-1.9%
12027,7.231491685,0.3%,6.896532175,4.9%,-4.9%,4.6%
01065,6.133333333,15.4%,6.897846765,4.9%,11.1%,-10.5%
54077,5.845977011,19.4%,6.900736111,4.8%,15.3%,-14.5%
36111,7.18,1.0%,6.903971357,4.8%,-4.0%,3.8%
04019,7.702682927,-6.2%,6.908014706,4.7%,-11.5%,11.0%
23029,6.770833333,6.6%,6.908569444,4.7%,2.0%,-1.9%
45015,7.175,1.0%,6.917830355,4.6%,-3.7%,3.5%
13135,7.157142857,1.3%,6.918746879,4.6%,-3.4%,3.3%
13121,7.031431159,3.0%,6.921374136,4.5%,-1.6%,1.5%
12119,9.062916667,-25.0%,6.922008637,4.5%,-30.9%,29.5%
55125,6.877439024,5.1%,6.92410748,4.5%,0.7%,-0.6%
01029,6.2,14.5%,6.926,4.5%,10.5%,-10.0%
05091,7.595892857,-4.8%,6.927142857,4.5%,-9.7%,9.2%
51085,7.058333333,2.6%,6.927740914,4.4%,-1.9%,1.8%
12131,6.842424242,5.6%,6.928796086,4.4%,1.2%,-1.2%
13247,7.036363636,2.9%,6.93155473,4.4%,-1.5%,1.4%
51101,6.675,7.9%,6.931783684,4.4%,3.7%,-3.5%
12079,6.975,3.8%,6.936597222,4.3%,-0.6%,0.5%
39009,5.336923077,26.4%,6.9385,4.3%,23.1%,-22.1%
36113,7.4,-2.1%,6.940418367,4.3%,-6.6%,6.3%
05045,7.304166667,-0.7%,6.942,4.2%,-5.2%,5.0%
51595,7.25,0.0%,6.945,4.2%,-4.4%,4.2%
22003,6.9175,4.6%,6.950666667,4.1%,0.5%,-0.5%
34023,5.557857143,23.3%,6.953391828,4.1%,20.1%,-19.2%
34009,7.722435897,-6.5%,6.954166667,4.1%,-11.0%,10.6%
05003,7.243571429,0.1%,6.957916667,4.0%,-4.1%,3.9%
45007,6.692857143,7.7%,6.95975,4.0%,3.8%,-3.7%
12033,5.42962963,25.1%,6.960876841,4.0%,22.0%,-21.1%
05073,6.291666667,13.2%,6.964166667,3.9%,9.7%,-9.3%
05019,7.227272727,0.3%,6.964791667,3.9%,-3.8%,3.6%
13285,7.246730463,0.0%,6.966111922,3.9%,-4.0%,3.9%
12075,7.26875,-0.3%,6.967777778,3.9%,-4.3%,4.2%
45053,4.916666667,32.2%,6.9705,3.9%,29.5%,-28.3%
05145,6.825,5.9%,6.975033333,3.8%,2.2%,-2.1%
41007,7.62,-5.1%,6.981409091,3.7%,-9.1%,8.8%
45065,6.25,13.8%,6.982083333,3.7%,10.5%,-10.1%
13087,7.405,-2.1%,6.984495992,3.7%,-6.0%,5.8%
47069,6.866666667,5.3%,6.9875,3.6%,1.7%,-1.7%
22051,7.125,1.7%,6.987955259,3.6%,-2.0%,1.9%
37063,6.652636054,8.2%,6.994313865,3.5%,4.9%,-4.7%
01035,6.433333333,11.3%,6.994444444,3.5%,8.0%,-7.7%
37123,6.564,9.5%,6.995294118,3.5%,6.2%,-5.9%
08021,7.934821429,-9.4%,6.997380952,3.5%,-13.4%,12.9%
13155,6.6,9.0%,7,3.4%,5.7%,-5.5%
37153,6.925,4.5%,7,3.4%,1.1%,-1.0%
37049,6.027272727,16.9%,7.001605659,3.4%,13.9%,-13.4%
40153,8.258333333,-13.9%,7.005778139,3.4%,-17.9%,17.3%
02220,7.35,-1.4%,7.006015572,3.4%,-4.9%,4.7%
28021,6.696022727,7.6%,7.017666667,3.2%,4.6%,-4.4%
12001,6.983333333,3.7%,7.021500108,3.2%,0.5%,-0.5%
24011,5.985563973,17.4%,7.024778107,3.1%,14.8%,-14.3%
20079,7.625,-5.2%,7.028816667,3.1%,-8.5%,8.2%
05127,7.058333333,2.6%,7.030416667,3.0%,-0.4%,0.4%
37059,7.218181818,0.4%,7.031372549,3.0%,-2.7%,2.6%
37013,5.117142857,29.4%,7.031866777,3.0%,27.2%,-26.4%
05023,7.148288436,1.4%,7.036534091,2.9%,-1.6%,1.5%
25017,6.971666667,3.8%,7.037805383,2.9%,0.9%,-0.9%
37183,6.88,5.1%,7.03844327,2.9%,2.3%,-2.2%
25023,6.26,13.7%,7.039047619,2.9%,11.1%,-10.7%
13089,7.131987578,1.6%,7.04282164,2.9%,-1.3%,1.2%
55129,7.8125,-7.8%,7.04537037,2.8%,-10.9%,10.6%
12039,6.146666667,15.2%,7.047465791,2.8%,12.8%,-12.4%
39101,8.15,-12.4%,7.055,2.7%,-15.5%,15.1%
13161,7.19047619,0.8%,7.058666667,2.6%,-1.9%,1.8%
05097,6.990909091,3.6%,7.059166667,2.6%,1.0%,-0.9%
39149,7.9,-9.0%,7.065,2.6%,-11.8%,11.5%
13063,6.952380952,4.1%,7.068333333,2.5%,1.6%,-1.6%
41039,7.455555556,-2.8%,7.070243734,2.5%,-5.4%,5.3%
42079,6.678571429,7.9%,7.076781447,2.4%,5.6%,-5.5%
01037,6.4,11.7%,7.079519231,2.4%,9.6%,-9.4%
30087,8.156325572,-12.5%,7.082918785,2.3%,-15.2%,14.8%
01033,6.6,9.0%,7.083333333,2.3%,6.8%,-6.7%
39131,7.6,-4.8%,7.08575,2.3%,-7.3%,7.1%
27075,7.440340909,-2.6%,7.085980358,2.3%,-5.0%,4.9%
28121,7.80625,-7.7%,7.086384088,2.3%,-10.2%,9.9%
13035,6.980952381,3.7%,7.09035619,2.2%,1.5%,-1.5%
01007,7.404166667,-2.1%,7.093278632,2.2%,-4.4%,4.3%
05041,7.79,-7.4%,7.095790598,2.1%,-9.8%,9.6%
56001,7.931111111,-9.4%,7.096551724,2.1%,-11.8%,11.5%
28125,7.45,-2.8%,7.1,2.1%,-4.9%,4.8%
22053,6.65,8.3%,7.104107744,2.0%,6.4%,-6.3%
37077,6.833333333,5.7%,7.107960184,2.0%,3.9%,-3.8%
28045,8.244623656,-13.7%,7.108398245,2.0%,-16.0%,15.7%
05109,6.533333333,9.9%,7.112291667,1.9%,8.1%,-8.0%
01047,6.529365079,9.9%,7.112896825,1.9%,8.2%,-8.0%
39073,3.514285714,51.5%,7.1145,1.9%,50.6%,-49.7%
05069,7.294017094,-0.6%,7.115309343,1.9%,-2.5%,2.5%
40039,8.134528388,-12.2%,7.117222222,1.8%,-14.3%,14.0%
45079,6.55,9.7%,7.119122475,1.8%,8.0%,-7.8%
13047,7.751488095,-6.9%,7.121510101,1.8%,-8.8%,8.7%
39087,6.314583333,12.9%,7.123055556,1.8%,11.4%,-11.2%
36019,8.160606061,-12.6%,7.129746256,1.7%,-14.5%,14.2%
28141,6.232473545,14.0%,7.13,1.7%,12.6%,-12.4%
05039,6.95,4.1%,7.130959596,1.6%,2.5%,-2.5%
09013,6.639130435,8.4%,7.13125,1.6%,6.9%,-6.8%
51077,7.425,-2.4%,7.131666667,1.6%,-4.1%,4.0%
12031,7.419321895,-2.3%,7.133815533,1.6%,-4.0%,3.9%
12053,7.218585859,0.4%,7.134289322,1.6%,-1.2%,1.2%
12065,7.7,-6.2%,7.134679487,1.6%,-7.9%,7.8%
28019,6.675,7.9%,7.136111111,1.6%,6.5%,-6.4%
13251,7,3.4%,7.136307692,1.6%,1.9%,-1.9%
06055,7.791666667,-7.5%,7.14175,1.5%,-9.1%,9.0%
51041,7.67,-5.8%,7.146315646,1.4%,-7.3%,7.2%
05085,6.733333333,7.1%,7.153545455,1.3%,5.9%,-5.8%
13175,6.756060606,6.8%,7.155666667,1.3%,5.6%,-5.5%
54073,7.355263158,-1.5%,7.16,1.2%,-2.7%,2.7%
02090,6.985,3.7%,7.161224993,1.2%,2.5%,-2.4%
48457,7.1875,0.9%,7.1625,1.2%,-0.3%,0.3%
23007,6.4,11.7%,7.167016667,1.1%,10.7%,-10.6%
24047,5.755882353,20.6%,7.168339744,1.1%,19.7%,-19.5%
53053,6.720666667,7.3%,7.170552673,1.1%,6.3%,-6.2%
10005,6.033333333,16.8%,7.174905342,1.0%,15.9%,-15.7%
39019,7.066666667,2.5%,7.175,1.0%,1.5%,-1.5%
12121,6.503376623,10.3%,7.177906667,1.0%,9.4%,-9.3%
05095,7.566666667,-4.4%,7.179033333,1.0%,-5.4%,5.3%
39117,8.05,-11.0%,7.18,1.0%,-12.1%,12.0%
28083,7.05,2.8%,7.18341514,0.9%,1.9%,-1.8%
09011,6.638939394,8.4%,7.186851852,0.9%,7.6%,-7.6%
12013,7.841666667,-8.2%,7.187466667,0.9%,-9.1%,9.0%
12083,7.592032086,-4.7%,7.189623252,0.8%,-5.6%,5.6%
47131,6.8,6.2%,7.1905,0.8%,5.4%,-5.4%
40143,7.627916667,-5.2%,7.195,0.8%,-6.0%,6.0%
47157,6.613541667,8.8%,7.19549712,0.8%,8.1%,-8.0%
40035,7.635,-5.3%,7.196666667,0.7%,-6.1%,6.0%
05117,7.620833333,-5.1%,7.198680556,0.7%,-5.9%,5.8%
39075,6.45,11.0%,7.199583333,0.7%,10.4%,-10.3%
01025,6.8,6.2%,7.2,0.7%,5.6%,-5.5%
72065,7.325,-1.0%,7.2,0.7%,-1.7%,1.7%
30007,8.116666667,-12.0%,7.2,0.7%,-12.7%,12.6%
51113,6.760178571,6.8%,7.204170673,0.6%,6.2%,-6.1%
51157,6.967142857,3.9%,7.204346429,0.6%,3.3%,-3.3%
12091,7.225,0.3%,7.204794826,0.6%,-0.3%,0.3%
22047,7.355125,-1.5%,7.209166667,0.6%,-2.0%,2.0%
27115,8.15,-12.4%,7.213450314,0.5%,-13.0%,12.9%
13217,6.979642288,3.7%,7.215918367,0.5%,3.3%,-3.3%
23019,6.405,11.7%,7.220329569,0.4%,11.3%,-11.2%
26033,6.758333333,6.8%,7.22716491,0.3%,6.5%,-6.5%
16069,7.4,-2.1%,7.229113864,0.3%,-2.4%,2.4%
72139,7.100252525,2.1%,7.229166667,0.3%,1.8%,-1.8%
51075,7.8,-7.6%,7.231947712,0.2%,-7.9%,7.8%
51083,7.4,-2.1%,7.23554844,0.2%,-2.3%,2.3%
12093,11.50833333,-58.7%,7.237444121,0.2%,-59.0%,58.9%
53061,6.833333333,5.7%,7.241919192,0.1%,5.6%,-5.6%
05037,7.763030303,-7.1%,7.246666667,0.0%,-7.1%,7.1%
54107,7.599074074,-4.8%,7.25,0.0%,-4.8%,4.8%
06093,6.971428571,3.8%,7.255208333,-0.1%,3.9%,-3.9%
22077,7.529166667,-3.9%,7.256875,-0.1%,-3.8%,3.8%
05111,7.716666667,-6.4%,7.2575,-0.1%,-6.3%,6.3%
08057,7.637396825,-5.3%,7.259814815,-0.1%,-5.2%,5.2%
12123,7.305,-0.8%,7.26112782,-0.2%,-0.6%,0.6%
12035,7.175,1.0%,7.263757138,-0.2%,1.2%,-1.2%
40093,7.59375,-4.7%,7.264874245,-0.2%,-4.5%,4.5%
30043,5.3,26.9%,7.26554386,-0.2%,27.1%,-27.1%
48291,7.581296296,-4.6%,7.272333333,-0.3%,-4.2%,4.3%
51143,7.725,-6.6%,7.272480182,-0.3%,-6.2%,6.2%
04012,8.08,-11.4%,7.2748,-0.3%,-11.1%,11.1%
12105,7.354087302,-1.4%,7.276925836,-0.4%,-1.1%,1.1%
10001,5.92,18.3%,7.278800582,-0.4%,18.7%,-18.7%
13083,6.275,13.4%,7.279,-0.4%,13.8%,-13.8%
12069,7.0025,3.4%,7.279191075,-0.4%,3.8%,-3.8%
40007,7.87,-8.6%,7.27963705,-0.4%,-8.1%,8.1%
01019,6.6625,8.1%,7.281400966,-0.4%,8.5%,-8.5%
05123,7.565972222,-4.4%,7.281590909,-0.4%,-3.9%,3.9%
21093,7.280141844,-0.4%,7.283416667,-0.5%,0.0%,0.0%
01127,6.931454545,4.4%,7.285873456,-0.5%,4.9%,-4.9%
27017,7.484615385,-3.2%,7.287022968,-0.5%,-2.7%,2.7%
39029,7.883333333,-8.7%,7.289333333,-0.5%,-8.1%,8.2%
08049,7.369305556,-1.6%,7.289484675,-0.5%,-1.1%,1.1%
08069,6.844212504,5.6%,7.291234022,-0.6%,6.1%,-6.2%
54053,7.51375,-3.6%,7.29375,-0.6%,-3.0%,3.0%
12017,7.291666667,-0.6%,7.296217516,-0.6%,0.1%,-0.1%
49045,8.21,-13.2%,7.298859244,-0.7%,-12.5%,12.6%
72143,7.133333333,1.6%,7.3,-0.7%,2.3%,-2.3%
48325,7.490625,-3.3%,7.3,-0.7%,-2.6%,2.6%
17143,7.964285714,-9.9%,7.3,-0.7%,-9.1%,9.2%
47097,6.778571429,6.5%,7.300833333,-0.7%,7.2%,-7.2%
05077,7.391666667,-2.0%,7.302473062,-0.7%,-1.2%,1.2%
13239,9.275,-27.9%,7.302653061,-0.7%,-27.0%,27.2%
13253,7.277272727,-0.4%,7.303375,-0.7%,0.4%,-0.4%
21029,7.9175,-9.2%,7.303888889,-0.7%,-8.4%,8.5%
05017,7.05,2.8%,7.305186567,-0.8%,3.5%,-3.5%
01081,7.4,-2.1%,7.30700021,-0.8%,-1.3%,1.3%
28055,7.4,-2.1%,7.308333333,-0.8%,-1.3%,1.3%
17157,12.53666149,-72.9%,7.31,-0.8%,-71.5%,72.1%
01125,6.478785159,10.6%,7.311609816,-0.8%,11.4%,-11.5%
01079,6.666666667,8.0%,7.311851326,-0.9%,8.8%,-8.9%
13057,7.07,2.5%,7.315582517,-0.9%,3.4%,-3.4%
13219,7.072727273,2.4%,7.318501742,-0.9%,3.4%,-3.4%
12021,7.722857143,-6.5%,7.3190164,-1.0%,-5.5%,5.6%
21197,7.7,-6.2%,7.32,-1.0%,-5.2%,5.2%
41043,7.55,-4.1%,7.320381519,-1.0%,-3.1%,3.2%
31153,8.160869565,-12.6%,7.322126774,-1.0%,-11.5%,11.6%
39003,7.8,-7.6%,7.3225,-1.0%,-6.5%,6.6%
37157,7.006451613,3.4%,7.330175282,-1.1%,4.4%,-4.5%
05001,7.575694444,-4.5%,7.332666667,-1.1%,-3.3%,3.4%
01071,7.144444444,1.5%,7.336090815,-1.2%,2.6%,-2.6%
02020,7.221999979,0.4%,7.33656746,-1.2%,1.6%,-1.6%
21105,7.014285714,3.3%,7.336666667,-1.2%,4.4%,-4.4%
06109,6.888461538,5.0%,7.3375,-1.2%,6.1%,-6.2%
01097,6.2,14.5%,7.338542046,-1.2%,15.5%,-15.7%
25013,6.985416667,3.6%,7.338666667,-1.2%,4.8%,-4.9%
40063,6.797076023,6.2%,7.339537037,-1.2%,7.4%,-7.5%
47143,7.655555556,-5.6%,7.34025,-1.2%,-4.3%,4.3%
53033,6.058707265,16.4%,7.341869489,-1.3%,17.5%,-17.7%
27137,7.759791667,-7.0%,7.342448601,-1.3%,-5.7%,5.8%
08039,7.7875,-7.4%,7.345151515,-1.3%,-6.0%,6.1%
30071,8.294375,-14.4%,7.345364583,-1.3%,-12.9%,13.1%
47119,8.085714286,-11.5%,7.35,-1.4%,-10.0%,10.1%
09007,7.139583333,1.5%,7.350916667,-1.4%,2.9%,-2.9%
06097,7.589583333,-4.7%,7.351887597,-1.4%,-3.2%,3.3%
13055,6.645108696,8.3%,7.352145996,-1.4%,9.6%,-9.8%
12097,6.823559774,5.9%,7.353045968,-1.4%,7.2%,-7.3%
30083,8.322888889,-14.8%,7.353125,-1.4%,-13.2%,13.4%
51079,6.8675,5.3%,7.354333333,-1.4%,6.6%,-6.7%
20173,7.55,-4.1%,7.35685186,-1.5%,-2.6%,2.7%
42089,5.675,21.7%,7.356938272,-1.5%,22.9%,-23.2%
13015,7.17983683,1.0%,7.356949123,-1.5%,2.4%,-2.4%
12081,6.821392496,5.9%,7.357936895,-1.5%,7.3%,-7.4%
53015,7.358777778,-1.5%,7.358333333,-1.5%,0.0%,0.0%
37087,7.16625,1.2%,7.359681331,-1.5%,2.6%,-2.7%
42051,5.646843434,22.1%,7.360815972,-1.5%,23.3%,-23.6%
37119,6.457757937,10.9%,7.360964657,-1.5%,12.3%,-12.5%
17051,7.45875,-2.9%,7.361666667,-1.5%,-1.3%,1.3%
13277,6.782417582,6.4%,7.3625,-1.6%,7.9%,-8.0%
36059,6.004298109,17.2%,7.364435013,-1.6%,18.5%,-18.8%
53057,7.190909091,0.8%,7.366978102,-1.6%,2.4%,-2.4%
22001,6.65,8.3%,7.368636364,-1.6%,9.8%,-9.9%
13127,7.013513514,3.3%,7.37168254,-1.7%,4.9%,-4.9%
48027,7.787095593,-7.4%,7.372222222,-1.7%,-5.6%,5.7%
38013,7.5,-3.4%,7.373716216,-1.7%,-1.7%,1.7%
72061,7.408333333,-2.2%,7.375,-1.7%,-0.5%,0.5%
02050,7.772,-7.2%,7.378484848,-1.8%,-5.3%,5.4%
39175,7.983333333,-10.1%,7.379702381,-1.8%,-8.2%,8.3%
01051,6.7,7.6%,7.381293127,-1.8%,9.2%,-9.4%
12085,7.506666667,-3.5%,7.381404398,-1.8%,-1.7%,1.7%
05107,7.3125,-0.9%,7.382424242,-1.8%,0.9%,-1.0%
51011,7.2875,-0.5%,7.384230769,-1.9%,1.3%,-1.3%
40147,7.941666667,-9.5%,7.3845,-1.9%,-7.5%,7.7%
05031,7.710429728,-6.4%,7.384666667,-1.9%,-4.4%,4.5%
36009,7.076923077,2.4%,7.385933862,-1.9%,4.2%,-4.3%
01093,6.475,10.7%,7.38625,-1.9%,12.3%,-12.6%
01023,8.383333333,-15.6%,7.386956522,-1.9%,-13.5%,13.7%
48001,7.2,0.7%,7.39047619,-1.9%,2.6%,-2.6%
13129,7.285943676,-0.5%,7.391150937,-1.9%,1.4%,-1.5%
17091,7.292857143,-0.6%,7.391358025,-1.9%,1.3%,-1.4%
42103,6.998275862,3.5%,7.392722095,-2.0%,5.3%,-5.4%
22097,7.497222222,-3.4%,7.393265306,-2.0%,-1.4%,1.4%
13007,7.321428571,-1.0%,7.397811111,-2.0%,1.0%,-1.1%
53041,6.767539276,6.7%,7.398888889,-2.1%,8.5%,-8.7%
21179,7.75952381,-7.0%,7.4,-2.1%,-4.9%,5.0%
20055,7.133333333,1.6%,7.4,-2.1%,3.6%,-3.7%
72151,7.3,-0.7%,7.4,-2.1%,1.4%,-1.4%
19189,7.325,-1.0%,7.4,-2.1%,1.0%,-1.0%
17031,7.413396465,-2.3%,7.4,-2.1%,-0.2%,0.2%
20001,8.083333333,-11.5%,7.4,-2.1%,-9.2%,9.4%
16085,7.597560976,-4.8%,7.401299981,-2.1%,-2.7%,2.7%
39015,8.016666667,-10.6%,7.402364316,-2.1%,-8.3%,8.5%
13291,6.925,4.5%,7.403083333,-2.1%,6.5%,-6.6%
51061,7.2875,-0.5%,7.403230769,-2.1%,1.6%,-1.6%
12107,7.41,-2.2%,7.403239068,-2.1%,-0.1%,0.1%
17191,7.148412698,1.4%,7.403333333,-2.1%,3.4%,-3.5%
39105,6.542307692,9.8%,7.405,-2.1%,11.7%,-11.9%
37037,6.769097222,6.6%,7.405098289,-2.1%,8.6%,-8.8%
06087,7.229208102,0.3%,7.407083333,-2.2%,2.4%,-2.5%
55051,8.1,-11.7%,7.409583333,-2.2%,-9.3%,9.5%
22011,7.165625,1.2%,7.413333333,-2.3%,3.3%,-3.4%
13111,7.1,2.1%,7.413977444,-2.3%,4.2%,-4.3%
35045,7.909522222,-9.1%,7.414803022,-2.3%,-6.7%,6.8%
13169,7.43,-2.5%,7.416258392,-2.3%,-0.2%,0.2%
10003,6.9,4.8%,7.417646095,-2.3%,7.0%,-7.1%
41005,6.181869281,14.7%,7.41830767,-2.3%,16.7%,-17.1%
06083,7.626732412,-5.2%,7.420685788,-2.4%,-2.8%,2.8%
41057,7.65,-5.5%,7.421380284,-2.4%,-3.1%,3.2%
02170,7.432840398,-2.5%,7.421904135,-2.4%,-0.1%,0.2%
39047,8.15,-12.4%,7.4225,-2.4%,-9.8%,10.0%
29011,7.915789474,-9.2%,7.422554241,-2.4%,-6.6%,6.8%
06015,7.920833333,-9.3%,7.423272767,-2.4%,-6.7%,6.9%
05063,8.058333333,-11.1%,7.42375,-2.4%,-8.5%,8.8%
53027,7.216666667,0.5%,7.423888889,-2.4%,2.8%,-2.9%
34007,6.62530303,8.6%,7.425,-2.4%,10.8%,-11.0%
17089,7.942777778,-9.6%,7.425,-2.4%,-7.0%,7.1%
55013,7.822222222,-7.9%,7.426111111,-2.4%,-5.3%,5.5%
34021,7.157407407,1.3%,7.427594456,-2.4%,3.6%,-3.7%
12117,7.098214286,2.1%,7.42789866,-2.5%,4.4%,-4.5%
40005,7.6,-4.8%,7.428375,-2.5%,-2.3%,2.4%
45071,6.2,14.5%,7.429113636,-2.5%,16.5%,-17.0%
05067,7.95,-9.7%,7.429444444,-2.5%,-7.0%,7.2%
24045,5.945833333,18.0%,7.429950037,-2.5%,20.0%,-20.5%
48029,21.16236111,-191.9%,7.430873016,-2.5%,-184.8%,189.4%
47121,7.7953125,-7.5%,7.431,-2.5%,-4.9%,5.0%
09015,6.68048912,7.9%,7.431785714,-2.5%,10.1%,-10.4%
20011,7.715,-6.4%,7.4325,-2.5%,-3.8%,3.9%
34035,7.643663912,-5.4%,7.432839444,-2.5%,-2.8%,2.9%
48209,7.520652174,-3.7%,7.433333333,-2.5%,-1.2%,1.2%
12057,6.987404909,3.6%,7.435777912,-2.6%,6.0%,-6.2%
72115,7.560416667,-4.3%,7.4375,-2.6%,-1.7%,1.7%
06027,7.693154762,-6.1%,7.43875,-2.6%,-3.4%,3.5%
39049,7.295695971,-0.6%,7.441363636,-2.6%,2.0%,-2.0%
48453,7.69742579,-6.2%,7.442156863,-2.7%,-3.4%,3.5%
34029,5.903542914,18.6%,7.443920088,-2.7%,20.7%,-21.2%
54083,7.1,2.1%,7.444444444,-2.7%,4.6%,-4.8%
40059,8.150625,-12.4%,7.44454844,-2.7%,-9.5%,9.7%
05035,7.088636364,2.2%,7.444633333,-2.7%,4.8%,-4.9%
05057,8.6,-18.6%,7.445833333,-2.7%,-15.5%,15.9%
41029,7.6,-4.8%,7.446381792,-2.7%,-2.1%,2.1%
56031,8.106944444,-11.8%,7.448333333,-2.7%,-8.8%,9.1%
22119,6.95,4.1%,7.45,-2.8%,6.7%,-6.9%
02100,7.670666667,-5.8%,7.450793651,-2.8%,-3.0%,3.0%
04015,8.075975976,-11.4%,7.45304195,-2.8%,-8.4%,8.6%
02122,7.320833333,-1.0%,7.455120707,-2.8%,1.8%,-1.9%
51005,7.975,-10.0%,7.457824074,-2.9%,-6.9%,7.1%
34039,7.552272727,-4.2%,7.458982794,-2.9%,-1.3%,1.3%
32033,8.215740741,-13.3%,7.466666667,-3.0%,-10.0%,10.3%
20085,7.995555556,-10.3%,7.468705357,-3.0%,-7.1%,7.3%
22123,7.1,2.1%,7.469,-3.0%,4.9%,-5.1%
55003,7.421818182,-2.4%,7.469583296,-3.0%,0.6%,-0.7%
72013,7.442592593,-2.7%,7.470833333,-3.0%,0.4%,-0.4%
55031,6.661725709,8.1%,7.471300482,-3.1%,10.8%,-11.2%
34031,7.7875,-7.4%,7.471793042,-3.1%,-4.2%,4.4%
55078,8.015625,-10.6%,7.473666667,-3.1%,-7.3%,7.5%
72063,7.188888889,0.8%,7.475,-3.1%,3.8%,-3.9%
13095,7.181203008,0.9%,7.475627976,-3.1%,3.9%,-4.1%
53051,8.091666667,-11.6%,7.477515652,-3.1%,-8.2%,8.5%
16045,7.810526316,-7.7%,7.478942308,-3.2%,-4.4%,4.6%
34027,7.456060606,-2.8%,7.479770833,-3.2%,0.3%,-0.3%
01091,7.45,-2.8%,7.48,-3.2%,0.4%,-0.4%
49001,7.861904762,-8.4%,7.48,-3.2%,-5.1%,5.3%
06045,7.011824117,3.3%,7.483181818,-3.2%,6.3%,-6.5%
29035,7.55,-4.1%,7.483266667,-3.2%,-0.9%,0.9%
13115,7.387549407,-1.9%,7.486185492,-3.3%,1.3%,-1.4%
06019,6.99726032,3.5%,7.486954023,-3.3%,6.5%,-6.8%
39097,7.9,-9.0%,7.488,-3.3%,-5.5%,5.7%
26099,7.75,-6.9%,7.488796208,-3.3%,-3.5%,3.6%
42035,7.036842105,2.9%,7.49034347,-3.3%,6.1%,-6.3%
47159,7.71,-6.3%,7.490502033,-3.3%,-2.9%,3.0%
05055,7.881212121,-8.7%,7.491851852,-3.3%,-5.2%,5.4%
12005,7.727272727,-6.6%,7.493116793,-3.4%,-3.1%,3.2%
28089,7.02,3.2%,7.494615385,-3.4%,6.3%,-6.5%
06043,7.1748,1.0%,7.495350877,-3.4%,4.3%,-4.4%
55007,7.170553948,1.1%,7.497546127,-3.4%,4.4%,-4.5%
48019,6.75,6.9%,7.5,-3.4%,10.0%,-10.3%
72017,7.522222222,-3.8%,7.5,-3.4%,-0.3%,0.3%
01069,7.625,-5.2%,7.5,-3.4%,-1.7%,1.7%
39057,8,-10.3%,7.5,-3.4%,-6.7%,6.9%
48187,8.042857143,-10.9%,7.5,-3.4%,-7.2%,7.5%
23011,6.761111111,6.7%,7.502307692,-3.5%,9.9%,-10.2%
01055,7.2,0.7%,7.505555556,-3.5%,4.1%,-4.2%
39017,7.4125,-2.2%,7.50875,-3.6%,1.3%,-1.3%
15009,7.005820106,3.4%,7.510108902,-3.6%,6.7%,-7.0%
01041,7.053703704,2.7%,7.511111111,-3.6%,6.1%,-6.3%
39023,8.2,-13.1%,7.512380952,-3.6%,-9.2%,9.5%
06051,7.440277778,-2.6%,7.512399356,-3.6%,1.0%,-1.0%
34003,7.539285714,-4.0%,7.513891492,-3.6%,-0.3%,0.4%
22099,7.665,-5.7%,7.513928571,-3.6%,-2.0%,2.1%
36083,7.746666667,-6.9%,7.515238095,-3.7%,-3.1%,3.2%
50019,7.625,-5.2%,7.515634259,-3.7%,-1.5%,1.5%
37145,7.204347826,0.6%,7.516544118,-3.7%,4.2%,-4.3%
49027,7.479444444,-3.2%,7.517647059,-3.7%,0.5%,-0.5%
42017,6.45,11.0%,7.519324735,-3.7%,14.2%,-14.7%
41051,7.456810775,-2.9%,7.520192308,-3.7%,0.8%,-0.9%
42045,7.157894737,1.3%,7.522972362,-3.8%,4.9%,-5.0%
01087,6.6,9.0%,7.523333333,-3.8%,12.3%,-12.7%
18127,6.566666667,9.4%,7.525769231,-3.8%,12.7%,-13.2%
47103,7.8,-7.6%,7.527064935,-3.8%,-3.6%,3.8%
12061,7.3,-0.7%,7.527387961,-3.8%,3.0%,-3.1%
02290,7.4875,-3.3%,7.528571429,-3.8%,0.5%,-0.6%
12043,7.736363636,-6.7%,7.529201861,-3.9%,-2.8%,2.9%
30005,8.203125,-13.1%,7.531155556,-3.9%,-8.9%,9.3%
55001,8.141666667,-12.3%,7.533791935,-3.9%,-8.1%,8.4%
12095,7.297766667,-0.7%,7.535280283,-3.9%,3.2%,-3.3%
55087,7.875,-8.6%,7.535694264,-3.9%,-4.5%,4.7%
54093,5.582978723,23.0%,7.5375,-4.0%,25.9%,-27.0%
40125,6.908974359,4.7%,7.541638131,-4.0%,8.4%,-8.7%
39061,7.587380952,-4.7%,7.542333333,-4.0%,-0.6%,0.6%
22071,7.827083333,-8.0%,7.542495629,-4.0%,-3.8%,3.9%
16001,7.9,-9.0%,7.544391534,-4.1%,-4.7%,4.9%
20107,7.684711538,-6.0%,7.55,-4.1%,-1.8%,1.9%
21097,7.961538462,-9.8%,7.55,-4.1%,-5.5%,5.7%
36119,8.225,-13.4%,7.550748196,-4.1%,-8.9%,9.3%
17173,7.7875,-7.4%,7.550833333,-4.1%,-3.1%,3.3%
12099,7.534252975,-3.9%,7.550959256,-4.2%,0.2%,-0.2%
13305,6.037004831,16.7%,7.551219512,-4.2%,20.1%,-20.9%
48213,7.620126644,-5.1%,7.552777778,-4.2%,-0.9%,0.9%
39121,7.639473684,-5.4%,7.553333333,-4.2%,-1.1%,1.2%
17025,7.154166667,1.3%,7.556666667,-4.2%,5.3%,-5.6%
39145,7.513636364,-3.6%,7.556666667,-4.2%,0.6%,-0.6%
54097,6.133333333,15.4%,7.557142857,-4.2%,18.8%,-19.6%
13103,6.960784314,4.0%,7.557333333,-4.2%,7.9%,-8.2%
54079,7.627472527,-5.2%,7.5575,-4.2%,-0.9%,1.0%
08005,7.964697281,-9.9%,7.559396825,-4.3%,-5.4%,5.6%
29095,7.458479345,-2.9%,7.559613095,-4.3%,1.3%,-1.4%
13313,7.366847826,-1.6%,7.562384259,-4.3%,2.6%,-2.7%
46121,7.831578947,-8.0%,7.566666667,-4.4%,-3.5%,3.7%
48161,7.726666667,-6.6%,7.57,-4.4%,-2.1%,2.2%
39083,7.25,0.0%,7.571,-4.4%,4.2%,-4.4%
40017,7.2,0.7%,7.571505848,-4.4%,4.9%,-5.1%
20049,7.85,-8.3%,7.575,-4.5%,-3.6%,3.8%
72031,7.083333333,2.3%,7.575,-4.5%,6.5%,-6.8%
41015,7.8,-7.6%,7.575255102,-4.5%,-3.0%,3.1%
48201,7.959716857,-9.8%,7.575555556,-4.5%,-5.1%,5.3%
53031,6.633736264,8.5%,7.576666667,-4.5%,12.4%,-13.0%
20205,7.85,-8.3%,7.58,-4.6%,-3.6%,3.7%
12086,7.646774001,-5.5%,7.580331857,-4.6%,-0.9%,0.9%
41035,7.566666667,-4.4%,7.580470651,-4.6%,0.2%,-0.2%
12087,7.939655172,-9.5%,7.580588889,-4.6%,-4.7%,5.0%
39163,5.245583333,27.6%,7.580833333,-4.6%,30.8%,-32.2%
28063,7.7,-6.2%,7.581583333,-4.6%,-1.6%,1.6%
42071,7.258445946,-0.1%,7.581704039,-4.6%,4.3%,-4.5%
12011,7.8,-7.6%,7.582284298,-4.6%,-2.9%,3.0%
21089,7.533333333,-3.9%,7.582758838,-4.6%,0.7%,-0.7%
30053,7.659944865,-5.7%,7.583022892,-4.6%,-1.0%,1.1%
40023,7.9,-9.0%,7.583833333,-4.6%,-4.2%,4.4%
12127,6.583333333,9.2%,7.585079427,-4.6%,13.2%,-13.8%
42003,7.404166667,-2.1%,7.585390037,-4.6%,2.4%,-2.5%
20051,7.623794163,-5.2%,7.585416667,-4.6%,-0.5%,0.5%
48039,7.962051282,-9.8%,7.586538462,-4.6%,-4.9%,5.2%
49039,7.583333333,-4.6%,7.5875,-4.7%,0.1%,-0.1%
51003,6.858333333,5.4%,7.587719578,-4.7%,9.6%,-10.1%
01043,5.821186441,19.7%,7.588192511,-4.7%,23.3%,-24.4%
06023,8.066666667,-11.3%,7.589003505,-4.7%,-6.3%,6.6%
42125,7.908333333,-9.1%,7.590909091,-4.7%,-4.2%,4.4%
20099,7.820512821,-7.9%,7.591666667,-4.7%,-3.0%,3.2%
29179,7.635,-5.3%,7.591666667,-4.7%,-0.6%,0.6%
45013,5.941071429,18.1%,7.59300417,-4.7%,21.8%,-22.8%
39165,7.825,-7.9%,7.593555556,-4.7%,-3.0%,3.2%
21191,7.866666667,-8.5%,7.594,-4.7%,-3.6%,3.8%
19061,7.7,-6.2%,7.594017094,-4.7%,-1.4%,1.5%
12037,6.35,12.4%,7.594384227,-4.8%,16.4%,-17.2%
39167,7.561904762,-4.3%,7.596927778,-4.8%,0.5%,-0.5%
55067,7.652830189,-5.6%,7.597315566,-4.8%,-0.7%,0.8%
54001,7.029166667,3.0%,7.6,-4.8%,7.5%,-7.9%
19101,7.45,-2.8%,7.6,-4.8%,2.0%,-2.1%
01067,7.6,-4.8%,7.6,-4.8%,0.0%,0.0%
48167,8.085609756,-11.5%,7.6,-4.8%,-6.4%,6.7%
22079,6.978933681,3.7%,7.6,-4.8%,8.2%,-8.6%
20165,7.2,0.7%,7.6,-4.8%,5.3%,-5.5%
09003,7.014579365,3.2%,7.60171875,-4.9%,7.7%,-8.1%
56007,7.790474036,-7.5%,7.602291667,-4.9%,-2.5%,2.6%
47115,7.61,-5.0%,7.607009761,-4.9%,0.0%,0.0%
32510,6.76,6.8%,7.607495748,-4.9%,11.1%,-11.7%
20125,7.920138889,-9.2%,7.609285714,-5.0%,-4.1%,4.3%
39081,7.613055556,-5.0%,7.609428571,-5.0%,0.0%,0.1%
39113,7.483333333,-3.2%,7.61,-5.0%,1.7%,-1.7%
28157,7.016666667,3.2%,7.6125,-5.0%,7.8%,-8.2%
21135,7.3,-0.7%,7.615,-5.0%,4.1%,-4.3%
54029,7.434444444,-2.5%,7.6185,-5.1%,2.4%,-2.5%
24015,7.190686275,0.8%,7.621352841,-5.1%,5.7%,-5.9%
19095,7.483333333,-3.2%,7.621428571,-5.1%,1.8%,-1.9%
06067,7.78384009,-7.4%,7.622379529,-5.1%,-2.1%,2.2%
29121,6.5375,9.8%,7.6225,-5.1%,14.2%,-15.0%
05101,8.366666667,-15.4%,7.622802083,-5.1%,-9.8%,10.3%
01095,7.3,-0.7%,7.623333333,-5.1%,4.2%,-4.5%
30049,8.077777778,-11.4%,7.624767157,-5.2%,-5.9%,6.2%
72069,7.283333333,-0.5%,7.625,-5.2%,4.5%,-4.7%
72119,7.633333333,-5.3%,7.625,-5.2%,-0.1%,0.1%
12015,7.634305556,-5.3%,7.628852968,-5.2%,-0.1%,0.1%
21211,7.921428571,-9.3%,7.63,-5.2%,-3.8%,4.0%
20139,7.871111111,-8.6%,7.63,-5.2%,-3.2%,3.3%
42011,7.390789474,-1.9%,7.632906401,-5.3%,3.2%,-3.3%
39089,6.35,12.4%,7.6333,-5.3%,16.8%,-17.7%
24003,5.736606692,20.9%,7.635929,-5.3%,24.9%,-26.2%
05027,5.9,18.6%,7.636,-5.3%,22.7%,-23.9%
39031,6.071666667,16.3%,7.637,-5.3%,20.5%,-21.6%
30013,8.273015873,-14.1%,7.63725,-5.3%,-8.3%,8.8%
72145,7.355,-1.4%,7.6375,-5.3%,3.7%,-3.9%
24031,7.825,-7.9%,7.639377574,-5.4%,-2.4%,2.6%
39053,6.539074074,9.8%,7.64,-5.4%,14.4%,-15.2%
45039,6.725,7.2%,7.640906926,-5.4%,12.0%,-12.6%
42037,6.814285714,6.0%,7.643181818,-5.4%,10.8%,-11.4%
24510,5.385656566,25.7%,7.643197364,-5.4%,29.5%,-31.1%
20021,6.88475,5.0%,7.644791667,-5.4%,9.9%,-10.5%
32005,6.213636364,14.3%,7.645633641,-5.5%,18.7%,-19.8%
55041,8.007894737,-10.5%,7.646306177,-5.5%,-4.7%,5.0%
06077,7.600252525,-4.8%,7.647252644,-5.5%,0.6%,-0.6%
27159,7.5,-3.4%,7.647985891,-5.5%,1.9%,-2.0%
06039,6.85,5.5%,7.648194444,-5.5%,10.4%,-11.0%
72005,7.320833333,-1.0%,7.65,-5.5%,4.3%,-4.5%
48321,8.053585859,-11.1%,7.65,-5.5%,-5.3%,5.6%
01015,7.2,0.7%,7.65,-5.5%,5.9%,-6.2%
28151,7.425,-2.4%,7.65090242,-5.5%,3.0%,-3.1%
54057,6.292063492,13.2%,7.651866162,-5.5%,17.8%,-18.8%
72023,7.8,-7.6%,7.653571429,-5.6%,-1.9%,2.0%
06057,7.658333333,-5.6%,7.653785714,-5.6%,-0.1%,0.1%
08107,7.889830785,-8.8%,7.654333333,-5.6%,-3.1%,3.2%
39159,8.2,-13.1%,7.654957071,-5.6%,-7.1%,7.5%
32023,7.765882353,-7.1%,7.655520833,-5.6%,-1.4%,1.5%
39109,8.025,-10.7%,7.655555556,-5.6%,-4.8%,5.1%
22045,7.575,-4.5%,7.656666667,-5.6%,1.1%,-1.1%
51023,7.95625,-9.7%,7.656785714,-5.6%,-3.9%,4.1%
29161,8.076470588,-11.4%,7.659166667,-5.6%,-5.4%,5.8%
72053,7.548684211,-4.1%,7.659583333,-5.6%,1.4%,-1.5%
40011,8.203365385,-13.1%,7.661746032,-5.7%,-7.1%,7.5%
27071,7.683333333,-6.0%,7.662898268,-5.7%,-0.3%,0.3%
08115,8.31,-14.6%,7.66375,-5.7%,-8.4%,8.9%
01009,6.283333333,13.3%,7.665720211,-5.7%,18.0%,-19.1%
12071,7.756465548,-7.0%,7.666423449,-5.7%,-1.2%,1.2%
53009,7.783333333,-7.4%,7.667968254,-5.8%,-1.5%,1.6%
72123,7.7,-6.2%,7.668333333,-5.8%,-0.4%,0.4%
20121,7.78,-7.3%,7.66875,-5.8%,-1.5%,1.5%
39119,5.680208333,21.7%,7.669,-5.8%,25.9%,-27.4%
20031,7.8875,-8.8%,7.669444444,-5.8%,-2.8%,3.0%
06053,8.291666667,-14.4%,7.670280857,-5.8%,-8.1%,8.6%
04013,7.601619048,-4.8%,7.671481493,-5.8%,0.9%,-1.0%
39151,8.05,-11.0%,7.672569444,-5.8%,-4.9%,5.2%
24013,7.9125,-9.1%,7.673083333,-5.8%,-3.1%,3.3%
72095,7.3,-0.7%,7.675,-5.9%,4.9%,-5.2%
53045,6.936111111,4.3%,7.676851852,-5.9%,9.6%,-10.2%
49015,8.200427489,-13.1%,7.676904762,-5.9%,-6.8%,7.2%
13295,5.95,17.9%,7.678160272,-5.9%,22.5%,-23.8%
42101,6.6,9.0%,7.678241477,-5.9%,14.0%,-14.9%
41019,7.289900794,-0.6%,7.681962877,-6.0%,5.1%,-5.4%
39141,7.623333333,-5.1%,7.682125,-6.0%,0.8%,-0.8%
72025,7.491666667,-3.3%,7.683333333,-6.0%,2.5%,-2.6%
39079,5.866666667,19.1%,7.685,-6.0%,23.7%,-25.1%
05021,7.736769481,-6.7%,7.688690476,-6.1%,-0.6%,0.7%
20111,7.993333333,-10.3%,7.689074074,-6.1%,-4.0%,4.2%
31169,7.383333333,-1.8%,7.691071429,-6.1%,4.0%,-4.2%
01117,6.694444444,7.7%,7.692775641,-6.1%,13.0%,-13.8%
05137,8.027777778,-10.7%,7.693434343,-6.1%,-4.3%,4.6%
20073,7.983333333,-10.1%,7.695555556,-6.1%,-3.7%,4.0%
04027,7.894585451,-8.9%,7.697018398,-6.2%,-2.6%,2.7%
36045,7.641666667,-5.4%,7.6975,-6.2%,0.7%,-0.8%
29117,7.85,-8.3%,7.697916667,-6.2%,-2.0%,2.1%
51015,5.973809524,17.6%,7.699336275,-6.2%,22.4%,-23.8%
31043,8.383333333,-15.6%,7.7,-6.2%,-8.9%,9.4%
47179,7.2,0.7%,7.700701754,-6.2%,6.5%,-6.9%
47151,7.363333333,-1.6%,7.701345238,-6.2%,4.4%,-4.7%
42075,6.411904762,11.6%,7.708055556,-6.3%,16.8%,-17.9%
06079,7.604583333,-4.9%,7.708771217,-6.3%,1.4%,-1.4%
49035,7.590809309,-4.7%,7.709049803,-6.3%,1.5%,-1.6%
51095,6.7,7.6%,7.709136268,-6.3%,13.1%,-13.9%
05131,7.790909091,-7.5%,7.710555556,-6.4%,-1.0%,1.1%
20015,7.8,-7.6%,7.710714286,-6.4%,-1.2%,1.2%
19021,7.183333333,0.9%,7.711111111,-6.4%,6.8%,-7.3%
39007,4.9,32.4%,7.71254902,-6.4%,36.5%,-38.8%
55109,8.075,-11.4%,7.713801417,-6.4%,-4.7%,5.0%
05093,7.605769231,-4.9%,7.714285714,-6.4%,1.4%,-1.5%
35013,7.860215054,-8.4%,7.715,-6.4%,-1.9%,2.0%
39171,8,-10.3%,7.715833333,-6.4%,-3.7%,3.9%
21127,7.507142857,-3.5%,7.716394716,-6.4%,2.7%,-2.9%
46021,7.65,-5.5%,7.716666667,-6.4%,0.9%,-0.9%
42095,7.45,-2.8%,7.722171717,-6.5%,3.5%,-3.8%
51191,7.76875,-7.2%,7.723310771,-6.5%,-0.6%,0.6%
20017,8.4,-15.9%,7.723611111,-6.5%,-8.8%,9.3%
47013,6.65,8.3%,7.72825,-6.6%,14.0%,-14.9%
24019,5.756481481,20.6%,7.731688218,-6.6%,25.5%,-27.2%
09009,7.291145833,-0.6%,7.731851852,-6.6%,5.7%,-6.1%
36115,7.377777778,-1.8%,7.73302399,-6.7%,4.6%,-4.9%
29023,7.328571429,-1.1%,7.7375,-6.7%,5.3%,-5.6%
72127,7.703333333,-6.3%,7.7375,-6.7%,0.4%,-0.5%
20143,8.134166667,-12.2%,7.738333333,-6.7%,-5.1%,5.5%
48181,8.03,-10.8%,7.740043405,-6.8%,-3.7%,4.0%
42115,7.432738095,-2.5%,7.741071429,-6.8%,4.0%,-4.3%
42015,7.443023256,-2.7%,7.741324823,-6.8%,3.9%,-4.1%
19035,7.35,-1.4%,7.741666667,-6.8%,5.1%,-5.4%
08035,7.60014659,-4.8%,7.7425,-6.8%,1.8%,-2.0%
06029,7.967682927,-9.9%,7.744991609,-6.8%,-2.9%,3.1%
08101,7.819669118,-7.9%,7.745762573,-6.8%,-1.0%,1.0%
20087,8.133333333,-12.2%,7.747,-6.9%,-5.0%,5.3%
30035,8.331944444,-14.9%,7.748643914,-6.9%,-7.5%,8.0%
55069,6.058333333,16.4%,7.748762697,-6.9%,21.8%,-23.3%
29009,7.854166667,-8.3%,7.749166667,-6.9%,-1.4%,1.4%
24017,7.7,-6.2%,7.74928369,-6.9%,0.6%,-0.7%
05143,7.672567873,-5.8%,7.749719782,-6.9%,1.0%,-1.1%
20195,7.503939394,-3.5%,7.75,-6.9%,3.2%,-3.4%
13233,7.726086957,-6.6%,7.75,-6.9%,0.3%,-0.3%
53071,7.928846154,-9.4%,7.750833333,-6.9%,-2.3%,2.5%
40115,6.978781513,3.7%,7.754239519,-7.0%,10.0%,-10.7%
72079,7.4,-2.1%,7.754484127,-7.0%,4.6%,-4.9%
53077,7.879166667,-8.7%,7.755651039,-7.0%,-1.6%,1.7%
26109,7.15,1.4%,7.756328876,-7.0%,7.8%,-8.4%
20159,8.066666667,-11.3%,7.756666667,-7.0%,-4.0%,4.3%
30089,7.575,-4.5%,7.75704955,-7.0%,2.3%,-2.5%
05081,7.463333333,-2.9%,7.7575,-7.0%,3.8%,-4.1%
36013,6.6,9.0%,7.7602,-7.0%,15.0%,-16.0%
01119,7.172222222,1.1%,7.762222222,-7.1%,7.6%,-8.1%
40041,7.86452381,-8.5%,7.762483354,-7.1%,-1.3%,1.4%
06073,7.529084967,-3.8%,7.765058642,-7.1%,3.0%,-3.3%
19019,7.55,-4.1%,7.766666667,-7.1%,2.8%,-3.0%
26103,5.35,26.2%,7.767700342,-7.1%,31.1%,-33.3%
21119,6.741666667,7.0%,7.77,-7.2%,13.2%,-14.2%
47079,7.2,0.7%,7.77,-7.2%,7.3%,-7.9%
28059,7.783259237,-7.4%,7.770340212,-7.2%,-0.2%,0.2%
29203,7.475,-3.1%,7.770722222,-7.2%,3.8%,-4.1%
36001,7.41,-2.2%,7.770909091,-7.2%,4.6%,-5.0%
48499,7.207222222,0.6%,7.771334499,-7.2%,7.3%,-7.8%
05007,7.915,-9.2%,7.771698656,-7.2%,-1.8%,2.0%
51139,6.906071429,4.7%,7.771705128,-7.2%,11.1%,-11.9%
01073,6.930555556,4.4%,7.772988841,-7.2%,10.8%,-11.6%
51073,7.8,-7.6%,7.773463864,-7.2%,-0.3%,0.4%
48339,7.363119835,-1.6%,7.774316794,-7.2%,5.3%,-5.7%
29119,8.023076923,-10.7%,7.775265152,-7.2%,-3.2%,3.4%
08051,7.836982323,-8.1%,7.782500323,-7.3%,-0.7%,0.8%
42029,6.996249548,3.5%,7.783472802,-7.4%,10.1%,-10.9%
49011,7.94375,-9.6%,7.783872254,-7.4%,-2.1%,2.2%
05075,7.991666667,-10.2%,7.783958333,-7.4%,-2.7%,2.9%
40119,7.926315789,-9.3%,7.784590312,-7.4%,-1.8%,2.0%
40151,7.55,-4.1%,7.787321429,-7.4%,3.0%,-3.3%
29051,7.9,-9.0%,7.7875,-7.4%,-1.4%,1.6%
22081,6.892424242,4.9%,7.7875,-7.4%,11.5%,-12.3%
20103,8.025263158,-10.7%,7.788461538,-7.4%,-3.0%,3.3%
18089,7.7,-6.2%,7.78957085,-7.4%,1.1%,-1.2%
39115,7.4375,-2.6%,7.791666667,-7.5%,4.5%,-4.9%
20127,8.05,-11.0%,7.79375,-7.5%,-3.3%,3.5%
19195,7.35,-1.4%,7.8,-7.6%,5.8%,-6.2%
19031,7.4,-2.1%,7.8,-7.6%,5.1%,-5.5%
48275,7.9,-9.0%,7.8,-7.6%,-1.3%,1.4%
48157,7.883333333,-8.7%,7.8,-7.6%,-1.1%,1.1%
24005,5.760576923,20.5%,7.801013272,-7.6%,26.2%,-28.1%
32009,7.76,-7.0%,7.8025,-7.6%,0.5%,-0.6%
20115,8.35,-15.2%,7.804285714,-7.6%,-7.0%,7.5%
39033,8,-10.3%,7.804545455,-7.6%,-2.5%,2.7%
12009,7.165,1.2%,7.80478436,-7.7%,8.2%,-8.8%
20147,7.488235294,-3.3%,7.805555556,-7.7%,4.1%,-4.4%
39099,7.7,-6.2%,7.8065,-7.7%,1.4%,-1.5%
55113,7.408333333,-2.2%,7.807447923,-7.7%,5.1%,-5.5%
09001,7.582380952,-4.6%,7.808014277,-7.7%,2.9%,-3.1%
06059,8.194117647,-13.0%,7.808205027,-7.7%,-4.9%,5.3%
20141,8.06780303,-11.3%,7.808333333,-7.7%,-3.3%,3.6%
54061,7.4,-2.1%,7.809166667,-7.7%,5.2%,-5.6%
05049,7.9875,-10.2%,7.809259259,-7.7%,-2.3%,2.5%
21003,7.55,-4.1%,7.81,-7.7%,3.3%,-3.6%
48225,7.5,-3.4%,7.81,-7.7%,4.0%,-4.3%
24021,7.308870711,-0.8%,7.811898611,-7.8%,6.4%,-6.9%
16039,8.674545455,-19.6%,7.814247973,-7.8%,-11.0%,11.9%
47021,8.05,-11.0%,7.815782259,-7.8%,-3.0%,3.2%
34037,7.620238095,-5.1%,7.81713456,-7.8%,2.5%,-2.7%
49007,8.186666667,-12.9%,7.818222222,-7.8%,-4.7%,5.1%
21151,7.9,-9.0%,7.818833333,-7.8%,-1.0%,1.1%
53043,7.80952381,-7.7%,7.819125616,-7.9%,0.1%,-0.1%
29145,7.977777778,-10.0%,7.82,-7.9%,-2.0%,2.2%
49043,7.866666667,-8.5%,7.820505379,-7.9%,-0.6%,0.6%
53075,7.744642857,-6.8%,7.82125,-7.9%,1.0%,-1.1%
40081,6.4,11.7%,7.82181026,-7.9%,18.2%,-19.6%
39041,8.2,-13.1%,7.822361111,-7.9%,-4.8%,5.2%
29123,7.9,-9.0%,7.8225,-7.9%,-1.0%,1.1%
08041,7.482828241,-3.2%,7.823099196,-7.9%,4.3%,-4.7%
29113,7.566666667,-4.4%,7.823154762,-7.9%,3.3%,-3.5%
21189,7.164285714,1.2%,7.823333333,-7.9%,8.4%,-9.1%
40043,8.273737374,-14.1%,7.82375,-7.9%,-5.8%,6.2%
29099,7.953846154,-9.7%,7.823928571,-7.9%,-1.7%,1.8%
47085,6.29,13.2%,7.825,-7.9%,19.6%,-21.2%
19167,7.25,0.0%,7.825,-7.9%,7.3%,-7.9%
72011,7.941666667,-9.5%,7.825,-7.9%,-1.5%,1.6%
39027,8.15,-12.4%,7.825275148,-7.9%,-4.1%,4.5%
47145,7.842857143,-8.2%,7.827525794,-8.0%,-0.2%,0.2%
53025,8.015576923,-10.6%,7.828997821,-8.0%,-2.4%,2.6%
05015,7.760249935,-7.0%,7.829731962,-8.0%,0.9%,-1.0%
42043,7.161666667,1.2%,7.830182252,-8.0%,8.5%,-9.2%
17049,7.4,-2.1%,7.833333333,-8.0%,5.5%,-6.0%
24009,7.419986964,-2.3%,7.833829718,-8.1%,5.3%,-5.7%
51165,5.855166667,19.2%,7.833969448,-8.1%,25.3%,-27.3%
34041,7.814166667,-7.8%,7.834361111,-8.1%,0.3%,-0.3%
05121,7.875,-8.6%,7.835833333,-8.1%,-0.5%,0.5%
39025,8.241176471,-13.7%,7.836123945,-8.1%,-5.2%,5.6%
51027,7.485832002,-3.3%,7.837142857,-8.1%,4.5%,-4.8%
38097,7.963461538,-9.8%,7.838125,-8.1%,-1.6%,1.7%
53001,8.176086957,-12.8%,7.838928571,-8.1%,-4.3%,4.7%
30075,7.792821734,-7.5%,7.839462861,-8.1%,0.6%,-0.6%
32019,7.955555556,-9.7%,7.840092701,-8.1%,-1.5%,1.6%
50017,6.774113475,6.6%,7.840146709,-8.1%,13.6%,-14.7%
05129,7.875,-8.6%,7.841041667,-8.2%,-0.4%,0.5%
05139,7.795130374,-7.5%,7.841177083,-8.2%,0.6%,-0.6%
27145,7.751785714,-6.9%,7.841716667,-8.2%,1.1%,-1.2%
30067,7.905064103,-9.0%,7.8425,-8.2%,-0.8%,0.9%
55097,7.134615385,1.6%,7.842668339,-8.2%,9.0%,-9.8%
46027,7.879166667,-8.7%,7.842739899,-8.2%,-0.5%,0.5%
29093,7.766666667,-7.1%,7.84375,-8.2%,1.0%,-1.1%
39071,8.025,-10.7%,7.844204762,-8.2%,-2.3%,2.5%
17177,7.543055556,-4.0%,7.844444444,-8.2%,3.8%,-4.2%
40029,7.9,-9.0%,7.84625,-8.2%,-0.7%,0.7%
08109,7.725,-6.6%,7.846785714,-8.2%,1.6%,-1.7%
55063,7.641666667,-5.4%,7.848564815,-8.3%,2.6%,-2.9%
49021,7.763333333,-7.1%,7.848654175,-8.3%,1.1%,-1.2%
01103,6.5,10.3%,7.848756614,-8.3%,17.2%,-18.6%
48071,7.923508772,-9.3%,7.85,-8.3%,-0.9%,1.0%
48349,8.029814815,-10.8%,7.85,-8.3%,-2.3%,2.5%
26097,7.55,-4.1%,7.85,-8.3%,3.8%,-4.1%
20027,8.330769231,-14.9%,7.853333333,-8.3%,-6.1%,6.6%
08037,10.84421812,-49.6%,7.854227375,-8.3%,-38.1%,41.2%
24043,7.933333333,-9.4%,7.855585928,-8.4%,-1.0%,1.1%
40091,6.875,5.2%,7.85625,-8.4%,12.5%,-13.5%
34019,7.680397727,-5.9%,7.856706349,-8.4%,2.2%,-2.4%
47001,7.8,-7.6%,7.856759259,-8.4%,0.7%,-0.8%
15005,7.048809524,2.8%,7.857533333,-8.4%,10.3%,-11.2%
51013,7.966666667,-9.9%,7.857980519,-8.4%,-1.4%,1.5%
39059,7.379166667,-1.8%,7.858,-8.4%,6.1%,-6.6%
05047,7.95,-9.7%,7.858333333,-8.4%,-1.2%,1.3%
39045,7.825,-7.9%,7.859722222,-8.4%,0.4%,-0.5%
02270,7.805882353,-7.7%,7.86,-8.4%,0.7%,-0.7%
48485,8.03,-10.8%,7.86,-8.4%,-2.2%,2.3%
27135,7.866666667,-8.5%,7.860172406,-8.4%,-0.1%,0.1%
38091,7.884615385,-8.8%,7.8625,-8.4%,-0.3%,0.3%
06089,7.551849894,-4.2%,7.862666667,-8.5%,4.0%,-4.3%
34013,7.433333333,-2.5%,7.863292362,-8.5%,5.5%,-5.9%
21033,7.021428571,3.2%,7.866666667,-8.5%,10.7%,-11.7%
18123,7.883333333,-8.7%,7.866666667,-8.5%,-0.2%,0.2%
31103,7.92173913,-9.3%,7.86702381,-8.5%,-0.7%,0.8%
36067,2.2,69.7%,7.867263158,-8.5%,72.0%,-78.2%
36075,7.684210526,-6.0%,7.867862836,-8.5%,2.3%,-2.5%
40107,6.775,6.6%,7.868888889,-8.5%,13.9%,-15.1%
24025,7.616666667,-5.1%,7.869138977,-8.5%,3.2%,-3.5%
21233,7.471428571,-3.1%,7.871041667,-8.6%,5.1%,-5.5%
04009,7.595833333,-4.8%,7.871675,-8.6%,3.5%,-3.8%
54041,7.44,-2.6%,7.875,-8.6%,5.5%,-6.0%
72057,7.27,-0.3%,7.875,-8.6%,7.7%,-8.3%
20167,8.012698413,-10.5%,7.875,-8.6%,-1.7%,1.9%
72105,8.083333333,-11.5%,7.875,-8.6%,-2.6%,2.9%
47105,7.791666667,-7.5%,7.875833333,-8.6%,1.1%,-1.2%
19109,7.275,-0.3%,7.876666667,-8.6%,7.6%,-8.3%
20161,8.139230769,-12.3%,7.877380952,-8.7%,-3.3%,3.6%
41045,7.868181818,-8.5%,7.878561834,-8.7%,0.1%,-0.1%
26083,7.511111111,-3.6%,7.879307111,-8.7%,4.7%,-5.1%
72091,7.538888889,-4.0%,7.88,-8.7%,4.3%,-4.7%
30003,7.71572104,-6.4%,7.880336538,-8.7%,2.1%,-2.3%
72067,8.054545455,-11.1%,7.880555556,-8.7%,-2.2%,2.4%
51071,8.008333333,-10.5%,7.880952381,-8.7%,-1.6%,1.8%
06013,7.317708333,-0.9%,7.881037835,-8.7%,7.1%,-7.8%
39069,8.55,-17.9%,7.881321429,-8.7%,-8.5%,9.2%
29139,7.922727273,-9.3%,7.881666667,-8.7%,-0.5%,0.6%
29065,7.45,-2.8%,7.881916226,-8.7%,5.5%,-6.0%
21011,7.55,-4.1%,7.885,-8.8%,4.2%,-4.6%
21143,7.55,-4.1%,7.886329787,-8.8%,4.3%,-4.6%
49019,8.103571429,-11.8%,7.8866,-8.8%,-2.8%,3.0%
27057,7.6047,-4.9%,7.888092014,-8.8%,3.6%,-3.9%
05005,8.005270655,-10.4%,7.890578652,-8.8%,-1.5%,1.6%
40015,7.927692308,-9.3%,7.891473676,-8.8%,-0.5%,0.5%
31127,8.083333333,-11.5%,7.891666667,-8.9%,-2.4%,2.6%
20041,8.161111111,-12.6%,7.891666667,-8.9%,-3.4%,3.7%
49053,7.99692029,-10.3%,7.894222222,-8.9%,-1.3%,1.4%
39143,8.2671875,-14.0%,7.896478758,-8.9%,-4.7%,5.1%
42131,7.498275862,-3.4%,7.897387755,-8.9%,5.1%,-5.5%
30029,8.058333333,-11.1%,7.899112073,-9.0%,-2.0%,2.2%
19027,7.2725,-0.3%,7.9,-9.0%,7.9%,-8.7%
72021,7.416666667,-2.3%,7.9,-9.0%,6.1%,-6.7%
72059,7.716666667,-6.4%,7.9,-9.0%,2.3%,-2.5%
48491,7.790733304,-7.5%,7.9,-9.0%,1.4%,-1.5%
16037,8.4,-15.9%,7.9,-9.0%,-6.3%,6.9%
17047,7.127777778,1.7%,7.9,-9.0%,9.8%,-10.7%
72047,7.769230769,-7.2%,7.9,-9.0%,1.7%,-1.8%
20019,8.0125,-10.5%,7.9,-9.0%,-1.4%,1.6%
06035,8.036363636,-10.8%,7.900849057,-9.0%,-1.7%,1.9%
53021,8.093939394,-11.6%,7.901404321,-9.0%,-2.4%,2.7%
26131,7.970833333,-9.9%,7.901440779,-9.0%,-0.9%,1.0%
48113,7.893428571,-8.9%,7.902679876,-9.0%,0.1%,-0.1%
24001,7.4645,-3.0%,7.903179234,-9.0%,5.6%,-6.1%
21129,7.1,2.1%,7.905,-9.0%,10.2%,-11.1%
29097,7.941666667,-9.5%,7.905064641,-9.0%,-0.5%,0.5%
38073,7.934375,-9.4%,7.905189394,-9.0%,-0.4%,0.4%
49023,7.64,-5.4%,7.90540404,-9.0%,3.4%,-3.7%
06061,7.25600907,-0.1%,7.90541564,-9.0%,8.2%,-9.0%
17085,7.566666667,-4.4%,7.905555556,-9.0%,4.3%,-4.7%
40111,6.7375,7.1%,7.906027778,-9.0%,14.8%,-16.1%
51051,7.911129568,-9.1%,7.907777778,-9.1%,0.0%,0.0%
06001,7.553425388,-4.2%,7.908176657,-9.1%,4.5%,-4.9%
48471,7.528174603,-3.8%,7.909375,-9.1%,4.8%,-5.3%
39039,8.075,-11.4%,7.909569625,-9.1%,-2.1%,2.3%
40117,8.228571429,-13.5%,7.909611111,-9.1%,-4.0%,4.4%
17105,7.3375,-1.2%,7.909768116,-9.1%,7.2%,-7.9%
35001,7.88254662,-8.7%,7.911673333,-9.1%,0.4%,-0.4%
26163,7.927272727,-9.3%,7.912052397,-9.1%,-0.2%,0.2%
46109,7.7,-6.2%,7.913333333,-9.1%,2.7%,-2.9%
06003,3.116666667,57.0%,7.913333333,-9.1%,60.6%,-66.2%
20045,7.633333333,-5.3%,7.915,-9.2%,3.6%,-3.9%
55025,6.856666667,5.4%,7.91521056,-9.2%,13.4%,-14.6%
48239,8.107312925,-11.8%,7.915520833,-9.2%,-2.4%,2.6%
17197,7.481984127,-3.2%,7.916666667,-9.2%,5.5%,-6.0%
19197,7.266666667,-0.2%,7.916666667,-9.2%,8.2%,-9.0%
31101,8.268,-14.0%,7.916678459,-9.2%,-4.4%,4.8%
05089,8.047014986,-11.0%,7.916766045,-9.2%,-1.6%,1.8%
42007,7.558333333,-4.3%,7.916964446,-9.2%,4.5%,-4.9%
01121,6.675,7.9%,7.918095238,-9.2%,15.7%,-17.1%
29069,7.908333333,-9.1%,7.918333333,-9.2%,0.1%,-0.1%
12115,7.333008245,-1.1%,7.921328222,-9.3%,7.4%,-8.1%
49003,7.546969697,-4.1%,7.923299871,-9.3%,4.7%,-5.2%
16075,7.82,-7.9%,7.923333333,-9.3%,1.3%,-1.4%
04005,7.765833333,-7.1%,7.92399021,-9.3%,2.0%,-2.2%
55055,7.65,-5.5%,7.924552005,-9.3%,3.5%,-3.8%
20029,7.870333333,-8.6%,7.925,-9.3%,0.7%,-0.8%
48255,8.227272727,-13.5%,7.925,-9.3%,-3.8%,4.2%
20075,7.461111111,-2.9%,7.925,-9.3%,5.9%,-6.4%
20059,7.83,-8.0%,7.925,-9.3%,1.2%,-1.3%
29043,8.116666667,-12.0%,7.925,-9.3%,-2.4%,2.6%
20177,7.995833333,-10.3%,7.927857143,-9.3%,-0.9%,0.9%
26077,7.45,-2.8%,7.928472222,-9.4%,6.0%,-6.6%
55095,7.7,-6.2%,7.92851569,-9.4%,2.9%,-3.2%
39157,6.478205128,10.6%,7.929269048,-9.4%,18.3%,-20.0%
36091,7.578571429,-4.5%,7.929375834,-9.4%,4.4%,-4.8%
38017,8.045285714,-11.0%,7.931872225,-9.4%,-1.4%,1.6%
66010,7.780422078,-7.3%,7.932107843,-9.4%,1.9%,-2.1%
22019,7.478603604,-3.2%,7.932864198,-9.4%,5.7%,-6.3%
20137,7.586439394,-4.6%,7.933333333,-9.4%,4.4%,-4.8%
72081,7.85,-8.3%,7.933333333,-9.4%,1.1%,-1.1%
19043,7.6,-4.8%,7.933560606,-9.4%,4.2%,-4.6%
41063,7.76,-7.0%,7.936418546,-9.5%,2.2%,-2.4%
17139,7.56875,-4.4%,7.937777778,-9.5%,4.6%,-5.1%
39125,8.4,-15.9%,7.938197917,-9.5%,-5.8%,6.4%
26115,7.958333333,-9.8%,7.938333333,-9.5%,-0.3%,0.3%
06037,8.057820513,-11.1%,7.938549306,-9.5%,-1.5%,1.6%
69110,7.625,-5.2%,7.939190689,-9.5%,4.0%,-4.3%
32031,7.927272727,-9.3%,7.93953078,-9.5%,0.2%,-0.2%
35027,7.475,-3.1%,7.939858406,-9.5%,5.9%,-6.4%
20009,7.841666667,-8.2%,7.94,-9.5%,1.2%,-1.4%
72141,7.935042735,-9.4%,7.941666667,-9.5%,0.1%,-0.1%
05065,7.941666667,-9.5%,7.942916667,-9.6%,0.0%,0.0%
29213,7.865103949,-8.5%,7.943055556,-9.6%,1.0%,-1.1%
35035,7.86,-8.4%,7.943522228,-9.6%,1.1%,-1.2%
27041,7.988888889,-10.2%,7.944325685,-9.6%,-0.6%,0.6%
72131,8.0375,-10.9%,7.944444444,-9.6%,-1.2%,1.3%
56035,7.98125,-10.1%,7.944648829,-9.6%,-0.5%,0.5%
17153,7.36,-1.5%,7.945833333,-9.6%,7.4%,-8.1%
29217,7.651515152,-5.5%,7.95,-9.7%,3.8%,-4.1%
20163,7.925,-9.3%,7.95,-9.7%,0.3%,-0.3%
19107,7.1,2.1%,7.95,-9.7%,10.7%,-11.7%
35017,8.103097148,-11.8%,7.95,-9.7%,-1.9%,2.1%
38081,7.855,-8.3%,7.951428571,-9.7%,1.2%,-1.3%
39011,7.8,-7.6%,7.951477273,-9.7%,1.9%,-2.1%
08071,8.3,-14.5%,7.953571429,-9.7%,-4.4%,4.8%
19191,7.55,-4.1%,7.955555556,-9.7%,5.1%,-5.6%
21145,7.384615385,-1.9%,7.956083333,-9.7%,7.2%,-7.9%
20169,8.025,-10.7%,7.958333333,-9.8%,-0.8%,0.9%
06025,8.257521645,-13.9%,7.959607813,-9.8%,-3.7%,4.1%
06103,7.595402299,-4.8%,7.960044444,-9.8%,4.6%,-5.0%
38035,7.901,-9.0%,7.962285096,-9.8%,0.8%,-0.8%
53047,7.755555556,-7.0%,7.9630839,-9.8%,2.6%,-2.9%
55075,7.799206349,-7.6%,7.964426816,-9.9%,2.1%,-2.3%
20197,8.053571429,-11.1%,7.964583333,-9.9%,-1.1%,1.2%
72125,7.675,-5.9%,7.966666667,-9.9%,3.7%,-4.0%
20123,8.14,-12.3%,7.966666667,-9.9%,-2.2%,2.4%
16053,8.43,-16.3%,7.966666667,-9.9%,-5.8%,6.4%
56025,7.961266234,-9.8%,7.966666667,-9.9%,0.1%,-0.1%
08087,8.225,-13.4%,7.9678125,-9.9%,-3.2%,3.5%
39067,7.7,-6.2%,7.970925505,-9.9%,3.4%,-3.7%
08113,8.275,-14.1%,7.974805996,-10.0%,-3.8%,4.1%
72043,8.354166667,-15.2%,7.975,-10.0%,-4.8%,5.2%
48429,7.60513431,-4.9%,7.97732906,-10.0%,4.7%,-5.1%
53037,7.703703704,-6.3%,7.977968107,-10.0%,3.4%,-3.8%
22075,7.508333333,-3.6%,7.979166667,-10.1%,5.9%,-6.5%
26061,7.458333333,-2.9%,7.98,-10.1%,6.5%,-7.2%
29013,7.876203209,-8.6%,7.981666667,-10.1%,1.3%,-1.5%
46067,7.583636364,-4.6%,7.981818182,-10.1%,5.0%,-5.5%
29041,7.883333333,-8.7%,7.982619048,-10.1%,1.2%,-1.4%
16047,8.119230769,-12.0%,7.983333333,-10.1%,-1.7%,1.9%
26041,7.829166667,-8.0%,7.983727679,-10.1%,1.9%,-2.1%
53005,8.040303379,-10.9%,7.984704678,-10.1%,-0.7%,0.8%
29083,7.845833333,-8.2%,7.985,-10.1%,1.7%,-1.9%
49057,7.872727273,-8.6%,7.98550181,-10.1%,1.4%,-1.6%
21025,7.6,-4.8%,7.986666667,-10.2%,4.8%,-5.3%
15001,9.5,-31.0%,7.986784436,-10.2%,-18.9%,20.9%
21111,7.8625,-8.4%,7.986833333,-10.2%,1.6%,-1.7%
19049,7.4,-2.1%,7.988888889,-10.2%,7.4%,-8.1%
36029,7.024862679,3.1%,7.98995935,-10.2%,12.1%,-13.3%
19147,7.5,-3.4%,7.99,-10.2%,6.1%,-6.8%
54065,7.071428571,2.5%,7.991440972,-10.2%,11.5%,-12.7%
46115,7.533333333,-3.9%,7.991458333,-10.2%,5.7%,-6.3%
39093,7.55,-4.1%,7.991792401,-10.2%,5.5%,-6.1%
20149,8.2,-13.1%,7.993727273,-10.3%,-2.6%,2.8%
35051,8.26,-13.9%,7.993888889,-10.3%,-3.3%,3.7%
38055,7.927991453,-9.4%,7.99392685,-10.3%,0.8%,-0.9%
26019,7.725,-6.6%,7.994166667,-10.3%,3.4%,-3.7%
38099,7.815,-7.8%,7.994656642,-10.3%,2.2%,-2.5%
39013,7.778703704,-7.3%,7.995101515,-10.3%,2.7%,-3.0%
48085,7.741993097,-6.8%,7.995326868,-10.3%,3.2%,-3.5%
49037,8.357447398,-15.3%,7.997091508,-10.3%,-4.5%,5.0%
16073,8,-10.3%,7.999163889,-10.3%,0.0%,0.0%
54049,6.520833333,10.1%,8,-10.3%,18.5%,-20.4%
19065,7.288888889,-0.5%,8,-10.3%,8.9%,-9.8%
17097,7.422222222,-2.4%,8,-10.3%,7.2%,-8.0%
17073,7.85,-8.3%,8,-10.3%,1.9%,-2.1%
48023,8.133333333,-12.2%,8,-10.3%,-1.7%,1.8%
48299,8.34,-15.0%,8,-10.3%,-4.3%,4.7%
55091,7.6,-4.8%,8.000434783,-10.4%,5.0%,-5.5%
31129,7.9125,-9.1%,8.001428571,-10.4%,1.1%,-1.2%
19113,7.375,-1.7%,8.001791667,-10.4%,7.8%,-8.6%
20117,7.88,-8.7%,8.003571429,-10.4%,1.5%,-1.7%
55083,8,-10.3%,8.00478836,-10.4%,0.1%,-0.1%
46023,7.920454545,-9.2%,8.005658874,-10.4%,1.1%,-1.2%
54033,6.9,4.8%,8.00625,-10.4%,13.8%,-15.3%
29055,8,-10.3%,8.00625,-10.4%,0.1%,-0.1%
53017,7.872222222,-8.6%,8.006666667,-10.4%,1.7%,-1.9%
20053,7.2,0.7%,8.008333333,-10.5%,10.1%,-11.1%
29053,7.725,-6.6%,8.008333333,-10.5%,3.5%,-3.9%
09005,6.8890625,5.0%,8.009375,-10.5%,14.0%,-15.5%
48141,8.481944444,-17.0%,8.009642857,-10.5%,-5.9%,6.5%
54003,7.64,-5.4%,8.009791667,-10.5%,4.6%,-5.1%
04025,7.876110762,-8.6%,8.011480344,-10.5%,1.7%,-1.9%
40109,7.065483453,2.5%,8.012890704,-10.5%,11.8%,-13.1%
38105,7.431722151,-2.5%,8.012993197,-10.5%,7.3%,-8.0%
53003,7.9625,-9.8%,8.015,-10.6%,0.7%,-0.7%
38027,8.025,-10.7%,8.015104167,-10.6%,-0.1%,0.1%
12103,6.273442761,13.5%,8.017409608,-10.6%,21.8%,-24.1%
26025,7.5,-3.4%,8.0175,-10.6%,6.5%,-7.1%
06065,8.131025758,-12.2%,8.017501536,-10.6%,-1.4%,1.6%
22125,7.488,-3.3%,8.019354839,-10.6%,6.6%,-7.3%
53007,7.575,-4.5%,8.020046296,-10.6%,5.5%,-6.1%
31171,7.85,-8.3%,8.02125,-10.6%,2.1%,-2.4%
17147,7.855555556,-8.4%,8.02173913,-10.6%,2.1%,-2.3%
21077,7.933333333,-9.4%,8.022,-10.6%,1.1%,-1.2%
23003,6.898275613,4.9%,8.023277139,-10.7%,14.0%,-15.5%
16011,7.8,-7.6%,8.023714286,-10.7%,2.8%,-3.1%
54037,7.896153846,-8.9%,8.024279514,-10.7%,1.6%,-1.8%
20091,7.721428571,-6.5%,8.024549859,-10.7%,3.8%,-4.2%
72001,7.753645833,-6.9%,8.025,-10.7%,3.4%,-3.7%
48121,7.651632075,-5.5%,8.026835524,-10.7%,4.7%,-5.2%
46033,7.465384615,-3.0%,8.027743614,-10.7%,7.0%,-7.8%
27119,8.076923077,-11.4%,8.028017024,-10.7%,-0.6%,0.7%
48379,7.5,-3.4%,8.029761905,-10.8%,6.6%,-7.3%
56005,7.278111111,-0.4%,8.031804399,-10.8%,9.4%,-10.4%
49005,7.35,-1.4%,8.032642276,-10.8%,8.5%,-9.4%
48481,8.175,-12.8%,8.033333333,-10.8%,-1.8%,2.0%
46047,7.565625,-4.4%,8.034831199,-10.8%,5.8%,-6.5%
39153,7.8325,-8.0%,8.035333333,-10.8%,2.5%,-2.8%
30063,8.033333333,-10.8%,8.0355625,-10.8%,0.0%,0.0%
46093,7.504732143,-3.5%,8.036111111,-10.8%,6.6%,-7.3%
47093,7.70547619,-6.3%,8.03630303,-10.8%,4.1%,-4.6%
46051,7.701231936,-6.2%,8.037575758,-10.9%,4.2%,-4.6%
51770,7.4,-2.1%,8.038888889,-10.9%,7.9%,-8.8%
48439,7.925653254,-9.3%,8.039006919,-10.9%,1.4%,-1.6%
26123,7.936363636,-9.5%,8.040833333,-10.9%,1.3%,-1.4%
35055,7.837809436,-8.1%,8.042630978,-10.9%,2.5%,-2.8%
29181,7.347619048,-1.3%,8.04375,-10.9%,8.7%,-9.6%
19125,7.25,0.0%,8.045,-11.0%,9.9%,-11.0%
38061,8,-10.3%,8.046875,-11.0%,0.6%,-0.6%
48423,7.3,-0.7%,8.04702381,-11.0%,9.3%,-10.3%
17075,7.157142857,1.3%,8.047916667,-11.0%,11.1%,-12.3%
30097,7.726944444,-6.6%,8.048125,-11.0%,4.0%,-4.4%
21141,7.459615385,-2.9%,8.05,-11.0%,7.3%,-8.1%
35015,7.765643939,-7.1%,8.05,-11.0%,3.5%,-3.9%
16087,7.958333333,-9.8%,8.05,-11.0%,1.1%,-1.3%
20035,8.308235294,-14.6%,8.05,-11.0%,-3.2%,3.6%
20157,7.841349206,-8.2%,8.052407407,-11.1%,2.6%,-2.9%
24037,7.629588241,-5.2%,8.05359119,-11.1%,5.3%,-5.8%
46125,7.8,-7.6%,8.054545455,-11.1%,3.2%,-3.5%
19141,7.270238095,-0.3%,8.055555556,-11.1%,9.7%,-10.8%
20061,8.5,-17.2%,8.055833333,-11.1%,-5.5%,6.1%
49049,8.186363636,-12.9%,8.058895991,-11.2%,-1.6%,1.8%
47005,7.95,-9.7%,8.06,-11.2%,1.4%,-1.5%
46029,7.501315789,-3.5%,8.061894841,-11.2%,7.0%,-7.7%
01115,7.177777778,1.0%,8.062307692,-11.2%,11.0%,-12.2%
72039,8.066666667,-11.3%,8.0625,-11.2%,-0.1%,0.1%
08045,7.943302034,-9.6%,8.062509872,-11.2%,1.5%,-1.6%
49025,7.983125,-10.1%,8.065492033,-11.2%,1.0%,-1.1%
72007,7.941666667,-9.5%,8.066666667,-11.3%,1.5%,-1.7%
19047,7.353571429,-1.4%,8.066666667,-11.3%,8.8%,-9.8%
20201,7.869166667,-8.5%,8.06697619,-11.3%,2.5%,-2.7%
27037,8.428382353,-16.3%,8.067394846,-11.3%,-4.5%,5.0%
29153,8.036111111,-10.8%,8.070833333,-11.3%,0.4%,-0.5%
29165,7.75,-6.9%,8.072222222,-11.3%,4.0%,-4.4%
51187,7.190959821,0.8%,8.073139275,-11.4%,10.9%,-12.2%
48417,7.95,-9.7%,8.075,-11.4%,1.5%,-1.7%
56003,7.971619048,-10.0%,8.0775,-11.4%,1.3%,-1.5%
17027,7.240740741,0.1%,8.078888889,-11.4%,10.4%,-11.6%
16019,8.113333333,-11.9%,8.079766837,-11.4%,-0.4%,0.5%
32011,8.441666667,-16.4%,8.079895833,-11.4%,-4.5%,5.0%
27019,8.2,-13.1%,8.082414437,-11.5%,-1.5%,1.6%
19093,7.285714286,-0.5%,8.083333333,-11.5%,9.9%,-11.0%
72051,7.3625,-1.6%,8.083333333,-11.5%,8.9%,-9.9%
38065,7.652678571,-5.6%,8.083333333,-11.5%,5.3%,-5.9%
72097,7.975,-10.0%,8.083333333,-11.5%,1.3%,-1.5%
56033,8.096166667,-11.7%,8.084027778,-11.5%,-0.2%,0.2%
46053,7.4,-2.1%,8.085809524,-11.5%,8.5%,-9.5%
55079,8.209090909,-13.2%,8.087489848,-11.6%,-1.5%,1.7%
72107,8.154166667,-12.5%,8.0875,-11.6%,-0.8%,0.9%
29223,7.740555556,-6.8%,8.0875,-11.6%,4.3%,-4.8%
55071,8.163636364,-12.6%,8.088152167,-11.6%,-0.9%,1.0%
27111,7.81,-7.7%,8.088261532,-11.6%,3.4%,-3.8%
29045,7.988235294,-10.2%,8.089,-11.6%,1.2%,-1.4%
16031,7.754166667,-7.0%,8.08962963,-11.6%,4.1%,-4.6%
55133,7.804166667,-7.6%,8.089744719,-11.6%,3.5%,-3.9%
20005,8.033333333,-10.8%,8.09,-11.6%,0.7%,-0.8%
49055,8.05,-11.0%,8.090442177,-11.6%,0.5%,-0.6%
53063,7.634375,-5.3%,8.092098214,-11.6%,5.7%,-6.3%
56009,7.958571429,-9.8%,8.0925,-11.6%,1.7%,-1.8%
40021,6.983333333,3.7%,8.092755345,-11.6%,13.7%,-15.3%
55115,7.75,-6.9%,8.093158793,-11.6%,4.2%,-4.7%
42097,7.62,-5.1%,8.097862395,-11.7%,5.9%,-6.6%
27173,8.058082707,-11.1%,8.098513889,-11.7%,0.5%,-0.6%
20191,7.983333333,-10.1%,8.099285714,-11.7%,1.4%,-1.6%
19169,7.35,-1.4%,8.1,-11.7%,9.3%,-10.3%
48463,7.55952381,-4.3%,8.1,-11.7%,6.7%,-7.5%
48309,7.809613095,-7.7%,8.1,-11.7%,3.6%,-4.0%
31057,8.241666667,-13.7%,8.10025,-11.7%,-1.7%,2.0%
32001,7.566666667,-4.4%,8.101911153,-11.8%,6.6%,-7.4%
46127,7.345454545,-1.3%,8.103854167,-11.8%,9.4%,-10.5%
38077,8.05,-11.0%,8.105888282,-11.8%,0.7%,-0.8%
08077,7.91918842,-9.2%,8.107279942,-11.8%,2.3%,-2.6%
55127,7.7,-6.2%,8.108073033,-11.8%,5.0%,-5.6%
31017,7.701933333,-6.2%,8.108333333,-11.8%,5.0%,-5.6%
55037,7.633333333,-5.3%,8.108688273,-11.8%,5.9%,-6.6%
35005,7.837888199,-8.1%,8.108888889,-11.8%,3.3%,-3.7%
46019,7.715993266,-6.4%,8.109517233,-11.9%,4.9%,-5.4%
49041,8.225,-13.4%,8.109583333,-11.9%,-1.4%,1.6%
32003,7.57460804,-4.5%,8.109642857,-11.9%,6.6%,-7.4%
04003,7.88,-8.7%,8.109996575,-11.9%,2.8%,-3.2%
55015,7.7,-6.2%,8.114887166,-11.9%,5.1%,-5.7%
30073,8.294444444,-14.4%,8.116133021,-11.9%,-2.2%,2.5%
72113,8.631973684,-19.1%,8.12037037,-12.0%,-6.3%,7.1%
19171,7.358333333,-1.5%,8.120512821,-12.0%,9.4%,-10.5%
40135,7.438888889,-2.6%,8.12075,-12.0%,8.4%,-9.4%
31163,8.141111111,-12.3%,8.122245614,-12.0%,-0.2%,0.3%
56019,7.925,-9.3%,8.122660256,-12.0%,2.4%,-2.7%
30105,7.923809524,-9.3%,8.122672684,-12.0%,2.4%,-2.7%
19023,7.65,-5.5%,8.122777778,-12.0%,5.8%,-6.5%
06085,8.09325502,-11.6%,8.123548196,-12.0%,0.4%,-0.4%
32013,7.904166667,-9.0%,8.123916667,-12.1%,2.7%,-3.0%
48169,7.95,-9.7%,8.125,-12.1%,2.2%,-2.4%
48061,8.001,-10.4%,8.125,-12.1%,1.5%,-1.7%
48139,7.957943723,-9.8%,8.125,-12.1%,2.1%,-2.3%
56011,7.914261364,-9.2%,8.125333333,-12.1%,2.6%,-2.9%
28149,7.391111111,-1.9%,8.12748985,-12.1%,9.1%,-10.2%
19165,7.271428571,-0.3%,8.133333333,-12.2%,10.6%,-11.9%
56023,8.107797619,-11.8%,8.133510698,-12.2%,0.3%,-0.4%
38005,7.905555556,-9.0%,8.134497199,-12.2%,2.8%,-3.2%
26005,7.805,-7.7%,8.135193049,-12.2%,4.1%,-4.6%
26147,7.675,-5.9%,8.1375,-12.2%,5.7%,-6.4%
19137,7.7,-6.2%,8.137777778,-12.2%,5.4%,-6.0%
19071,8.008333333,-10.5%,8.138286024,-12.3%,1.6%,-1.8%
08059,7.941405896,-9.5%,8.13835812,-12.3%,2.4%,-2.7%
36055,7.4,-2.1%,8.13863021,-12.3%,9.1%,-10.2%
35049,7.921666667,-9.3%,8.140057446,-12.3%,2.7%,-3.0%
30057,7.7,-6.2%,8.141506997,-12.3%,5.4%,-6.1%
38031,7.925,-9.3%,8.142045455,-12.3%,2.7%,-3.0%
06071,7.773399638,-7.2%,8.144160144,-12.3%,4.6%,-5.1%
29189,8.223529412,-13.4%,8.144166667,-12.3%,-1.0%,1.1%
40133,6.865909091,5.3%,8.145847826,-12.4%,15.7%,-17.7%
19029,6.875,5.2%,8.146666667,-12.4%,15.6%,-17.5%
08083,7.82518263,-7.9%,8.147411883,-12.4%,4.0%,-4.4%
06111,8.229166667,-13.5%,8.147895833,-12.4%,-1.0%,1.1%
08103,7.410816067,-2.2%,8.148653846,-12.4%,9.1%,-10.2%
20131,7.938888889,-9.5%,8.15,-12.4%,2.6%,-2.9%
19157,7.65,-5.5%,8.15,-12.4%,6.1%,-6.9%
39095,7.903125,-9.0%,8.151772276,-12.4%,3.1%,-3.4%
19187,7.3,-0.7%,8.151875,-12.4%,10.5%,-11.8%
01005,8.280952381,-14.2%,8.155,-12.5%,-1.5%,1.7%
18011,8.333333333,-14.9%,8.155,-12.5%,-2.2%,2.5%
26011,7.97,-9.9%,8.156085947,-12.5%,2.3%,-2.6%
17003,7.295220588,-0.6%,8.15625,-12.5%,10.6%,-11.9%
26101,7.975,-10.0%,8.15625,-12.5%,2.2%,-2.5%
56027,7.885357143,-8.8%,8.156521739,-12.5%,3.3%,-3.7%
08029,7.645375758,-5.5%,8.159071184,-12.5%,6.3%,-7.1%
19163,7.4,-2.1%,8.16,-12.6%,9.3%,-10.5%
19097,7.15,1.4%,8.162362637,-12.6%,12.4%,-14.0%
35053,7.55956229,-4.3%,8.166666667,-12.6%,7.4%,-8.4%
35039,8.03627451,-10.8%,8.16833425,-12.7%,1.6%,-1.8%
29169,8.083333333,-11.5%,8.16879845,-12.7%,1.0%,-1.2%
49009,8.145833333,-12.4%,8.170077977,-12.7%,0.3%,-0.3%
31059,7.15,1.4%,8.17088231,-12.7%,12.5%,-14.1%
21195,7.273452381,-0.3%,8.171668609,-12.7%,11.0%,-12.4%
04007,8.141752137,-12.3%,8.173013709,-12.7%,0.4%,-0.4%
19045,7.932692308,-9.4%,8.173443223,-12.7%,2.9%,-3.3%
72009,7.925,-9.3%,8.175,-12.8%,3.1%,-3.4%
08067,7.522222222,-3.8%,8.176569602,-12.8%,8.0%,-9.0%
31173,8.039130435,-10.9%,8.177058824,-12.8%,1.7%,-1.9%
42093,7.497142857,-3.4%,8.179411765,-12.8%,8.3%,-9.4%
35006,8.25,-13.8%,8.180266667,-12.8%,-0.9%,1.0%
19149,7.346753247,-1.3%,8.18125,-12.8%,10.2%,-11.5%
04011,8.229347826,-13.5%,8.181574074,-12.8%,-0.6%,0.7%
19103,7.45,-2.8%,8.182569444,-12.9%,9.0%,-10.1%
38019,7.6375,-5.3%,8.183333333,-12.9%,6.7%,-7.5%
29127,7.983333333,-10.1%,8.184027778,-12.9%,2.5%,-2.8%
27069,7.783333333,-7.4%,8.185970796,-12.9%,4.9%,-5.6%
46005,7.655102041,-5.6%,8.1875,-12.9%,6.5%,-7.3%
48097,8.3,-14.5%,8.188235294,-12.9%,-1.4%,1.5%
08089,7.667307692,-5.8%,8.188958333,-13.0%,6.4%,-7.2%
40003,8.063157895,-11.2%,8.190285714,-13.0%,1.6%,-1.8%
26145,7.89,-8.8%,8.191416667,-13.0%,3.7%,-4.2%
27169,8.072348485,-11.3%,8.192302083,-13.0%,1.5%,-1.7%
31159,7.836329431,-8.1%,8.192590069,-13.0%,4.3%,-4.9%
46103,7.650195539,-5.5%,8.193144913,-13.0%,6.6%,-7.5%
46041,7.60952381,-5.0%,8.193716667,-13.0%,7.1%,-8.1%
31147,8.080769231,-11.5%,8.194765727,-13.0%,1.4%,-1.6%
27081,7.982051282,-10.1%,8.1956,-13.0%,2.6%,-2.9%
31087,8.074305556,-11.4%,8.19675,-13.1%,1.5%,-1.7%
38053,8.224054422,-13.4%,8.197864188,-13.1%,-0.3%,0.4%
18051,7.633333333,-5.3%,8.197916667,-13.1%,6.9%,-7.8%
19143,7.325,-1.0%,8.198,-13.1%,10.6%,-12.0%
19009,6.925,4.5%,8.2,-13.1%,15.5%,-17.6%
30001,7.30933908,-0.8%,8.2,-13.1%,10.9%,-12.3%
22033,7.6,-4.8%,8.2,-13.1%,7.3%,-8.3%
35019,7.905123967,-9.0%,8.2,-13.1%,3.6%,-4.1%
72045,8.008333333,-10.5%,8.2,-13.1%,2.3%,-2.6%
23001,7.11875,1.8%,8.2,-13.1%,13.2%,-14.9%
38057,7.860142857,-8.4%,8.200133389,-13.1%,4.1%,-4.7%
26069,7.925,-9.3%,8.201319138,-13.1%,3.4%,-3.8%
17081,6.951851852,4.1%,8.2025,-13.1%,15.2%,-17.3%
22067,6.695833333,7.6%,8.202777778,-13.1%,18.4%,-20.8%
16083,8.090909091,-11.6%,8.208165139,-13.2%,1.4%,-1.6%
48375,8.27,-14.1%,8.21,-13.2%,-0.7%,0.8%
26153,7.425,-2.4%,8.210301587,-13.2%,9.6%,-10.8%
19115,7.602040816,-4.9%,8.210462963,-13.2%,7.4%,-8.4%
28047,8.226794258,-13.5%,8.21353342,-13.3%,-0.2%,0.2%
19193,7.25,0.0%,8.214583333,-13.3%,11.7%,-13.3%
31083,8.14,-12.3%,8.21494064,-13.3%,0.9%,-1.0%
30085,7.490925926,-3.3%,8.217,-13.3%,8.8%,-10.0%
39123,7.666666667,-5.7%,8.217568726,-13.3%,6.7%,-7.6%
26031,8.128571429,-12.1%,8.21875,-13.4%,1.1%,-1.2%
38029,7.05,2.8%,8.219282609,-13.4%,14.2%,-16.1%
46085,7.739583333,-6.8%,8.219698046,-13.4%,5.8%,-6.6%
17055,7.121875,1.8%,8.22,-13.4%,13.4%,-15.1%
26055,7.7,-6.2%,8.220666667,-13.4%,6.3%,-7.2%
40083,7.731,-6.6%,8.223065476,-13.4%,6.0%,-6.8%
19181,7.15,1.4%,8.224810606,-13.4%,13.1%,-14.8%
35037,8.325277778,-14.8%,8.225,-13.4%,-1.2%,1.4%
29059,7.733333333,-6.7%,8.225,-13.4%,6.0%,-6.8%
30095,7.627884615,-5.2%,8.225833333,-13.5%,7.3%,-8.2%
31055,8.075862069,-11.4%,8.22597833,-13.5%,1.8%,-2.1%
19081,7.2,0.7%,8.228508159,-13.5%,12.5%,-14.2%
55009,8.173636364,-12.7%,8.229281046,-13.5%,0.7%,-0.8%
54059,7.642857143,-5.4%,8.229818182,-13.5%,7.1%,-8.1%
26021,7.891666667,-8.9%,8.230072464,-13.5%,4.1%,-4.7%
31069,8.954347826,-23.5%,8.2325,-13.6%,-8.8%,10.0%
56015,7.990972222,-10.2%,8.23625,-13.6%,3.0%,-3.4%
17099,7.730372294,-6.6%,8.2375,-13.6%,6.2%,-7.0%
19091,7.2,0.7%,8.24,-13.7%,12.6%,-14.3%
31047,8.244871795,-13.7%,8.24,-13.7%,-0.1%,0.1%
38075,7.987777778,-10.2%,8.242857143,-13.7%,3.1%,-3.5%
48253,7.983611111,-10.1%,8.244444444,-13.7%,3.2%,-3.6%
38045,7.822536232,-7.9%,8.244772727,-13.7%,5.1%,-5.8%
46101,7.55,-4.1%,8.248064103,-13.8%,8.5%,-9.6%
19013,7.5125,-3.6%,8.248240741,-13.8%,8.9%,-10.1%
35043,7.93307232,-9.4%,8.252726575,-13.8%,3.9%,-4.4%
56037,8.88451826,-22.5%,8.25378607,-13.8%,-7.6%,8.7%
19001,6.9,4.8%,8.255555556,-13.9%,16.4%,-18.7%
29021,8.064705882,-11.2%,8.25625,-13.9%,2.3%,-2.6%
08123,7.447943843,-2.7%,8.257603924,-13.9%,9.8%,-11.2%
31095,7.7,-6.2%,8.261146014,-13.9%,6.8%,-7.7%
49047,8.141671176,-12.3%,8.261890886,-14.0%,1.5%,-1.7%
56013,8.070811052,-11.3%,8.267674603,-14.0%,2.4%,-2.7%
31053,8.086956522,-11.5%,8.269787356,-14.1%,2.2%,-2.5%
19133,7.336363636,-1.2%,8.271687971,-14.1%,11.3%,-12.9%
17201,7.596055556,-4.8%,8.272222222,-14.1%,8.2%,-9.3%
19099,6.7,7.6%,8.273055556,-14.1%,19.0%,-21.7%
17029,7.8,-7.6%,8.273333333,-14.1%,5.7%,-6.5%
16077,7.842592593,-8.2%,8.273501709,-14.1%,5.2%,-5.9%
46099,7.561145511,-4.3%,8.274553571,-14.1%,8.6%,-9.8%
01107,6.580357143,9.2%,8.275,-14.1%,20.5%,-23.4%
26007,7.767857143,-7.1%,8.275693395,-14.1%,6.1%,-7.0%
32007,7.882407407,-8.7%,8.278180098,-14.2%,4.8%,-5.5%
49017,8.05,-11.0%,8.279022139,-14.2%,2.8%,-3.2%
54099,6.972916667,3.8%,8.28,-14.2%,15.8%,-18.0%
38067,7.979166667,-10.1%,8.288333333,-14.3%,3.7%,-4.3%
49031,8.0875,-11.6%,8.28952381,-14.3%,2.4%,-2.8%
19127,7.4,-2.1%,8.289583333,-14.3%,10.7%,-12.3%
17119,7.008980263,3.3%,8.29,-14.3%,15.5%,-17.7%
19053,7.916666667,-9.2%,8.29375,-14.4%,4.5%,-5.2%
17063,7.795,-7.5%,8.294444444,-14.4%,6.0%,-6.9%
26151,7.95,-9.7%,8.29546627,-14.4%,4.2%,-4.8%
29003,7.891666667,-8.9%,8.297083333,-14.4%,4.9%,-5.6%
19017,7.483333333,-3.2%,8.297246377,-14.4%,9.8%,-11.2%
17149,7.40625,-2.2%,8.3,-14.5%,10.8%,-12.3%
20003,7.86,-8.4%,8.3,-14.5%,5.3%,-6.1%
38021,7.963333333,-9.8%,8.3,-14.5%,4.1%,-4.6%
04017,8.691666667,-19.9%,8.3,-14.5%,-4.7%,5.4%
27023,7.4,-2.1%,8.304957475,-14.6%,10.9%,-12.5%
31107,8.0125,-10.5%,8.30535761,-14.6%,3.5%,-4.0%
38049,7.833325193,-8.0%,8.305725309,-14.6%,5.7%,-6.5%
38001,8.133333333,-12.2%,8.3125,-14.7%,2.2%,-2.5%
04021,7.933986928,-9.4%,8.314527778,-14.7%,4.6%,-5.2%
46009,7.7,-6.2%,8.315574324,-14.7%,7.4%,-8.5%
08085,6.954710145,4.1%,8.316033835,-14.7%,16.4%,-18.8%
38033,8.225,-13.4%,8.316666667,-14.7%,1.1%,-1.3%
46013,7.945454545,-9.6%,8.317994124,-14.7%,4.5%,-5.1%
30023,6.95,4.1%,8.318971154,-14.7%,16.5%,-18.9%
31157,8.2,-13.1%,8.319166667,-14.7%,1.4%,-1.6%
30111,7.88,-8.7%,8.320517241,-14.8%,5.3%,-6.1%
31019,7.869599724,-8.5%,8.321363636,-14.8%,5.4%,-6.2%
31031,8.09375,-11.6%,8.324023288,-14.8%,2.8%,-3.2%
29209,7.711111111,-6.4%,8.325,-14.8%,7.4%,-8.5%
38059,8.112307692,-11.9%,8.325798611,-14.8%,2.6%,-2.9%
42099,8.34,-15.0%,8.326868293,-14.9%,-0.2%,0.2%
19085,7.208333333,0.6%,8.3271875,-14.9%,13.4%,-15.4%
31067,7.804230769,-7.6%,8.3276006,-14.9%,6.3%,-7.2%
46117,7.98,-10.1%,8.330208333,-14.9%,4.2%,-4.8%
39035,7.912697368,-9.1%,8.331488636,-14.9%,5.0%,-5.8%
38103,7.891666667,-8.9%,8.333333333,-14.9%,5.3%,-6.1%
17171,7.540073529,-4.0%,8.334375,-15.0%,9.5%,-11.0%
41025,7.73125,-6.6%,8.338196321,-15.0%,7.3%,-8.4%
19011,7.485714286,-3.3%,8.338888889,-15.0%,10.2%,-11.8%
27073,8.283064516,-14.2%,8.339149832,-15.0%,0.7%,-0.8%
35061,7.9325,-9.4%,8.3395,-15.0%,4.9%,-5.6%
38093,7.839279279,-8.1%,8.34093373,-15.0%,6.0%,-6.9%
56017,8.1,-11.7%,8.3425,-15.1%,2.9%,-3.3%
27149,7.075,2.4%,8.344267607,-15.1%,15.2%,-17.5%
04001,7.955869565,-9.7%,8.345833333,-15.1%,4.7%,-5.4%
19041,7.3,-0.7%,8.346363636,-15.1%,12.5%,-14.4%
38087,7.915674603,-9.2%,8.35,-15.2%,5.2%,-6.0%
30069,8.22,-13.4%,8.35,-15.2%,1.6%,-1.8%
26089,7.727777778,-6.6%,8.352781299,-15.2%,7.5%,-8.6%
17141,7.649537037,-5.5%,8.355555556,-15.2%,8.4%,-9.7%
31111,8.31,-14.6%,8.355777778,-15.3%,0.5%,-0.6%
27151,7.408333333,-2.2%,8.358035377,-15.3%,11.4%,-13.1%
08031,7.972743923,-10.0%,8.360238095,-15.3%,4.6%,-5.3%
31001,7.6,-4.8%,8.360714286,-15.3%,9.1%,-10.5%
46031,8.091071429,-11.6%,8.3615,-15.3%,3.2%,-3.7%
27051,7.1,2.1%,8.361638544,-15.3%,15.1%,-17.4%
29207,7.816666667,-7.8%,8.3625,-15.3%,6.5%,-7.5%
19069,7.4,-2.1%,8.363398693,-15.4%,11.5%,-13.3%
26139,7.892307692,-8.9%,8.369905327,-15.4%,5.7%,-6.6%
30091,7.927419355,-9.3%,8.37,-15.4%,5.3%,-6.1%
46081,7.275675676,-0.4%,8.370228571,-15.5%,13.1%,-15.1%
27121,7.953571429,-9.7%,8.370353881,-15.5%,5.0%,-5.7%
53013,7.76,-7.0%,8.37375,-15.5%,7.3%,-8.5%
30041,8.105555556,-11.8%,8.375049862,-15.5%,3.2%,-3.7%
19155,7.6,-4.8%,8.376614583,-15.5%,9.3%,-10.7%
17007,7.511111111,-3.6%,8.377777778,-15.6%,10.3%,-12.0%
26095,7.308333333,-0.8%,8.38047541,-15.6%,12.8%,-14.8%
30055,8.38125,-15.6%,8.383300926,-15.6%,0.0%,0.0%
08081,8.118174603,-12.0%,8.384053571,-15.6%,3.2%,-3.7%
38025,7.844444444,-8.2%,8.387583793,-15.7%,6.5%,-7.5%
31093,7.60182861,-4.9%,8.388636364,-15.7%,9.4%,-10.9%
54027,7.45,-2.8%,8.389375,-15.7%,11.2%,-13.0%
38039,8.1,-11.7%,8.389568102,-15.7%,3.5%,-4.0%
16007,8.118181818,-12.0%,8.390416667,-15.7%,3.2%,-3.8%
38037,8.211944444,-13.3%,8.394547619,-15.8%,2.2%,-2.5%
31125,7.747541744,-6.9%,8.396666667,-15.8%,7.7%,-9.0%
38101,8.023630952,-10.7%,8.398621086,-15.8%,4.5%,-5.2%
46065,7.514285714,-3.6%,8.399055556,-15.8%,10.5%,-12.2%
56041,8.16884058,-12.7%,8.4,-15.9%,2.8%,-3.2%
19057,8.1,-11.7%,8.416666667,-16.1%,3.8%,-4.4%
38089,7.78835034,-7.4%,8.417873016,-16.1%,7.5%,-8.7%
20095,7.8,-7.6%,8.42,-16.1%,7.4%,-8.6%
55043,7.890909091,-8.8%,8.421805396,-16.2%,6.3%,-7.3%
17011,7.657733918,-5.6%,8.422222222,-16.2%,9.1%,-10.5%
39085,7.766666667,-7.1%,8.423063016,-16.2%,7.8%,-9.1%
72109,7.736666667,-6.7%,8.425,-16.2%,8.2%,-9.5%
31121,8.257692308,-13.9%,8.429090909,-16.3%,2.0%,-2.4%
38007,7.744444444,-6.8%,8.431190476,-16.3%,8.1%,-9.5%
17061,7.29375,-0.6%,8.433333333,-16.3%,13.5%,-15.7%
46037,7.65,-5.5%,8.441416667,-16.4%,9.4%,-10.9%
38009,7.585882353,-4.6%,8.44375,-16.5%,10.2%,-11.8%
17195,7.697767857,-6.2%,8.444444444,-16.5%,8.8%,-10.3%
46083,6.925,4.5%,8.445833333,-16.5%,18.0%,-21.0%
32027,8.445454545,-16.5%,8.449722276,-16.5%,0.1%,-0.1%
46039,7.875,-8.6%,8.450994709,-16.6%,6.8%,-7.9%
19177,7.45,-2.8%,8.455714286,-16.6%,11.9%,-13.9%
31119,8.095833333,-11.7%,8.456666667,-16.6%,4.3%,-5.0%
31025,7.842307692,-8.2%,8.465606061,-16.8%,7.4%,-8.6%
32015,7.925,-9.3%,8.466,-16.8%,6.4%,-7.5%
19161,7.47,-3.0%,8.468809524,-16.8%,11.8%,-13.8%
19111,7.803571429,-7.6%,8.472222222,-16.9%,7.9%,-9.2%
46011,7.466666667,-3.0%,8.474196429,-16.9%,11.9%,-13.9%
38095,7.491666667,-3.3%,8.475,-16.9%,11.6%,-13.6%
30027,8.4,-15.9%,8.475,-16.9%,0.9%,-1.0%
36063,7.379897661,-1.8%,8.482126984,-17.0%,13.0%,-15.2%
30015,8.160555556,-12.6%,8.486666667,-17.1%,3.8%,-4.5%
22111,6.3625,12.2%,8.4875,-17.1%,25.0%,-29.3%
31109,7.642994505,-5.4%,8.48833322,-17.1%,10.0%,-11.7%
31141,8.2125,-13.3%,8.491649832,-17.1%,3.3%,-3.9%
38041,7.93347619,-9.4%,8.4925,-17.1%,6.6%,-7.7%
40027,8.159255827,-12.5%,8.495614973,-17.2%,4.0%,-4.6%
30017,8.182619048,-12.9%,8.495833333,-17.2%,3.7%,-4.3%
27097,7.764285714,-7.1%,8.509316137,-17.4%,8.8%,-10.3%
39107,7.8,-7.6%,8.510067681,-17.4%,8.3%,-9.8%
38003,8.05,-11.0%,8.514555179,-17.4%,5.5%,-6.4%
38071,7.913888889,-9.2%,8.519494045,-17.5%,7.1%,-8.4%
46057,7.188888889,0.8%,8.52670068,-17.6%,15.7%,-18.5%
19121,7.05,2.8%,8.533333333,-17.7%,17.4%,-20.5%
31039,8.065217391,-11.2%,8.545,-17.9%,5.6%,-6.6%
46079,7.5,-3.4%,8.546666667,-17.9%,12.2%,-14.4%
46091,7.583333333,-4.6%,8.546666667,-17.9%,11.3%,-13.3%
17161,8.140625,-12.3%,8.566666667,-18.2%,5.0%,-5.9%
19077,7.3,-0.7%,8.57,-18.2%,14.8%,-17.5%
08043,8.092777778,-11.6%,8.573666667,-18.3%,5.6%,-6.6%
26063,7.86,-8.4%,8.584782986,-18.4%,8.4%,-10.0%
29173,7.747058824,-6.9%,8.5875,-18.4%,9.8%,-11.6%
19067,7.7,-6.2%,8.6,-18.6%,10.5%,-12.4%
48053,8.166666667,-12.6%,8.6,-18.6%,5.0%,-6.0%
38069,8.3,-14.5%,8.6,-18.6%,3.5%,-4.1%
31089,8.06712963,-11.3%,8.601388889,-18.6%,6.2%,-7.4%
21009,7.65,-5.5%,8.606666667,-18.7%,11.1%,-13.2%
46071,8.485714286,-17.0%,8.609439394,-18.8%,1.4%,-1.7%
46137,8.013392857,-10.5%,8.628,-19.0%,7.1%,-8.5%
19059,7.4,-2.1%,8.631856061,-19.1%,14.3%,-17.0%
38011,8.044690465,-11.0%,8.661650732,-19.5%,7.1%,-8.5%
38015,7.454166667,-2.8%,8.664821154,-19.5%,14.0%,-16.7%
31181,8.1375,-12.2%,8.666962963,-19.5%,6.1%,-7.3%
30009,8.24375,-13.7%,8.67,-19.6%,4.9%,-5.9%
26159,7.941490597,-9.5%,8.689369025,-19.9%,8.6%,-10.3%
47081,7.85,-8.3%,8.695,-19.9%,9.7%,-11.7%
28001,7.046969697,2.8%,8.702666667,-20.0%,19.0%,-22.8%
22021,6.716666667,7.4%,8.725,-20.3%,23.0%,-27.7%
38023,8.285714286,-14.3%,8.733333333,-20.5%,5.1%,-6.2%
19025,7.2,0.7%,8.757777778,-20.8%,17.8%,-21.5%
19073,7.496428571,-3.4%,8.766666667,-20.9%,14.5%,-17.5%
19119,7.33,-1.1%,8.796785714,-21.3%,16.7%,-20.2%
22069,6.956363636,4.1%,8.85,-22.1%,21.4%,-26.1%
19079,7.3,-0.7%,8.875,-22.4%,17.7%,-21.7%
17167,7.430137984,-2.5%,8.88,-22.5%,16.3%,-20.0%
22101,7.690277778,-6.1%,8.925694444,-23.1%,13.8%,-17.0%
31151,7.719230769,-6.5%,8.96244213,-23.6%,13.9%,-17.1%
22065,7.22,0.4%,8.977755102,-23.8%,19.6%,-24.2%
22027,7.6,-4.8%,8.983333333,-23.9%,15.4%,-19.1%
46123,7.504166667,-3.5%,9.025666667,-24.5%,16.9%,-21.0%
19139,7.525,-3.8%,9.029166667,-24.5%,16.7%,-20.7%
02185,7.4375,-2.6%,30.34592953,-318.6%,75.5%,-316.0%
