FIPS Code,1982 Mean Turbidity,2012 Mean Turbidity,% Change
01003,17.6,9.4,-46.5%
01019,24.3,6.4,-73.7%
01023,22.6,19.0,-15.9%
01065,12.8,17.7,38.8%
01075,8.7,63.3,630.6%
01097,17.3,10.4,-40.0%
01101,12.0,2.1,-82.6%
01107,12.1,19.2,58.3%
01119,54.3,26.7,-50.9%
01125,9.7,10.0,2.6%
01133,2.9,3.5,19.6%
02100,8.7,0.2,-97.6%
02110,1.1,29.5,2644.9%
02170,31.2,86.6,178.1%
02270,109.3,87.5,-20.0%
02290,112.2,3.6,-96.8%
04005,3851.2,5820.1,51.1%
04007,5.6,37.1,563.4%
04009,74.9,227.2,203.3%
04012,6.1,19.1,214.8%
04013,8.6,135.9,1477.7%
04019,853.4,16.1,-98.1%
04021,2003.3,7.9,-99.6%
04025,1427.9,52.0,-96.4%
04027,8.7,10.4,20.0%
05001,49.2,21.1,-57.1%
05003,20.5,13.9,-32.1%
05005,5.1,3.2,-36.0%
05007,6.6,3.9,-41.6%
05015,2.8,2.5,-10.6%
05019,46.7,7.3,-84.4%
05021,44.3,24.9,-43.9%
05023,10.4,4.4,-57.9%
05027,12.2,1.9,-84.3%
05029,35.1,14.8,-57.8%
05031,114.5,33.2,-71.0%
05035,511.0,203.0,-60.3%
05037,102.1,91.2,-10.7%
05039,10.0,8.5,-15.7%
05041,95.6,28.3,-70.4%
05045,33.8,10.0,-70.4%
05047,25.7,16.4,-36.4%
05049,7.3,1.5,-78.9%
05051,7.2,12.3,70.9%
05059,12.5,8.1,-35.4%
05063,13.2,20.7,56.9%
05067,42.7,56.2,31.5%
05069,40.2,18.7,-53.5%
05073,12.8,21.4,67.6%
05075,12.3,28.8,133.9%
05077,108.0,38.7,-64.2%
05081,70.3,36.0,-48.7%
05083,21.7,14.4,-33.6%
05085,36.9,35.8,-2.9%
05089,2.0,1.3,-31.8%
05091,66.9,15.9,-76.2%
05095,54.0,111.1,105.7%
05097,12.8,3.8,-70.6%
05101,1.1,8.8,704.5%
05103,12.9,2.6,-79.8%
05105,38.4,8.6,-77.7%
05107,336.4,14.2,-95.8%
05109,20.3,3.0,-85.3%
05115,35.5,6.2,-82.5%
05117,80.8,33.3,-58.8%
05119,41.4,16.8,-59.5%
05121,20.6,12.8,-37.7%
05125,9.9,9.5,-3.8%
05127,23.6,7.5,-68.0%
05129,5.3,2.9,-45.0%
05131,34.0,14.0,-58.8%
05133,16.9,9.1,-46.0%
05139,21.3,4.0,-81.1%
05141,14.7,5.3,-64.2%
05143,45.2,14.3,-68.4%
05145,18.5,16.4,-10.9%
05147,43.5,54.2,24.6%
05149,44.6,15.2,-66.0%
06013,20.8,18.5,-11.0%
06015,8.9,8.6,-3.5%
06019,36.1,0.5,-98.7%
06023,72.6,20.7,-71.5%
06025,50.0,6.0,-88.0%
06029,1.1,3.7,232.4%
06037,7.2,6.1,-14.9%
06043,0.5,62.2,12347.5%
06045,13.0,0.2,-98.5%
06053,23.4,50.3,114.7%
06057,8.0,1.3,-83.6%
06061,3.1,8.0,156.0%
06065,63.8,59.1,-7.4%
06067,23.0,62.0,169.6%
06071,1.6,2.9,81.7%
06073,42.3,7.2,-83.1%
06077,14.3,13.5,-5.5%
06085,41.3,3.0,-92.7%
06089,2.7,6.6,141.0%
06093,0.5,14.2,2670.8%
06095,39.3,25.1,-36.1%
06097,43.2,7.8,-81.9%
06107,4.3,3.9,-7.6%
08021,10.7,8.0,-25.4%
08049,16.7,4.7,-71.7%
08059,6.0,1.2,-79.9%
08067,0.6,70.0,11567.7%
08077,50.0,134.3,168.5%
08103,1329.3,16.1,-98.8%
08115,8.6,7.1,-17.2%
08123,32.5,35.8,10.2%
09001,3.2,1.6,-49.2%
09003,3.3,3.0,-9.2%
09005,3.6,2.0,-44.6%
09007,3.1,4.4,40.4%
09009,4.8,2.6,-45.1%
09011,1.8,1.5,-15.7%
09013,1.6,1.9,17.6%
09015,2.0,1.7,-15.0%
12001,1.8,15.1,738.5%
12003,2.4,2.2,-5.5%
12005,1.2,3.2,171.6%
12009,5.6,3.8,-31.7%
12011,1.6,1.5,-3.7%
12013,5.3,3.2,-39.3%
12015,2.1,3.1,48.9%
12017,3.7,4.4,19.5%
12021,1.5,3.2,110.1%
12023,0.8,1.4,65.7%
12027,3.0,5.9,97.4%
12029,5.4,6.6,22.7%
12037,12.1,5.7,-52.3%
12039,7.4,8.7,17.6%
12043,2.2,5.9,168.9%
12045,21.2,9.2,-56.5%
12047,3.4,4.0,16.4%
12049,4.1,3.5,-15.5%
12053,1.2,3.4,194.4%
12055,1.4,5.3,286.3%
12057,4.1,3.8,-7.0%
12061,7.2,4.6,-35.9%
12069,5.0,4.5,-9.0%
12071,1.6,3.2,104.7%
12073,20.1,8.0,-60.2%
12075,37.9,2.0,-94.8%
12077,8.9,2.9,-68.0%
12079,5.7,3.3,-42.1%
12081,0.6,2.9,388.0%
12083,11.0,1.8,-84.1%
12085,2.5,3.4,39.8%
12086,1.3,0.9,-29.6%
12087,1.9,0.7,-65.4%
12089,3.6,7.0,95.3%
12091,10.9,9.9,-9.2%
12093,1.4,7.6,435.5%
12095,16.2,3.6,-77.8%
12097,2.6,3.8,48.9%
12099,1.7,3.8,117.8%
12101,1.5,2.5,65.7%
12105,8.1,6.9,-15.2%
12107,1.7,5.6,234.6%
12111,7.8,4.9,-36.7%
12113,6.8,4.3,-36.7%
12115,1.5,4.2,177.8%
12117,1.5,3.2,114.5%
12119,0.8,3.4,307.4%
12121,2.0,2.0,-1.1%
12123,1.2,2.1,70.4%
12127,2.4,5.5,132.2%
12129,3.6,1.9,-48.2%
12131,6.7,7.2,7.0%
13007,8.2,3.1,-62.6%
13009,19.5,2.2,-88.9%
13015,22.3,3.5,-84.5%
13019,9.7,4.6,-52.1%
13021,26.1,6.1,-76.6%
13025,6.8,3.8,-43.6%
13027,11.2,3.9,-64.7%
13029,5.7,12.0,111.0%
13035,17.8,8.2,-54.1%
13045,24.7,12.6,-48.9%
13047,18.1,9.8,-45.5%
13055,13.5,5.0,-63.0%
13057,15.4,10.2,-33.7%
13063,21.0,7.7,-63.5%
13065,2.5,2.1,-16.5%
13067,39.1,4.8,-87.7%
13071,9.8,8.7,-11.2%
13087,13.8,8.8,-36.2%
13089,20.4,12.4,-39.0%
13093,19.7,7.8,-60.5%
13095,17.2,4.0,-76.5%
13097,30.2,14.4,-52.3%
13099,2.8,7.4,165.5%
13103,10.9,4.2,-61.6%
13109,5.5,3.1,-44.3%
13113,19.0,15.6,-18.0%
13115,23.8,8.5,-64.3%
13121,37.4,20.5,-45.1%
13127,15.0,10.9,-26.9%
13129,18.0,12.6,-30.1%
13131,16.0,13.4,-16.6%
13133,23.3,2.5,-89.3%
13135,42.8,39.8,-6.9%
13149,32.1,11.6,-63.7%
13153,19.5,6.9,-64.8%
13155,7.6,4.8,-36.6%
13161,15.2,14.2,-6.4%
13169,2.2,6.8,209.4%
13175,17.7,6.8,-61.5%
13179,15.0,13.9,-7.1%
13185,7.1,4.4,-38.7%
13193,25.4,7.7,-69.8%
13217,40.2,11.7,-71.0%
13219,30.8,11.5,-62.6%
13233,12.9,7.7,-40.3%
13247,47.2,12.7,-73.1%
13251,6.7,5.9,-11.6%
13253,12.3,8.4,-32.1%
13261,25.9,8.6,-66.9%
13275,14.5,8.6,-41.0%
13277,9.7,5.9,-39.5%
13285,18.5,7.6,-59.0%
13305,15.1,25.4,67.9%
13307,13.0,7.9,-39.5%
13309,7.8,16.3,107.8%
13313,18.0,12.3,-31.6%
13319,8.7,8.2,-6.6%
15001,1.0,5.3,421.0%
15009,4.7,0.3,-94.4%
16007,90.1,16.1,-82.2%
16019,6.3,3.6,-43.0%
16031,43.9,22.0,-49.8%
16039,9.3,5.2,-44.3%
16041,15.5,9.2,-40.7%
16069,7.9,9.8,24.9%
16073,2.1,7.6,261.8%
16087,10.1,14.5,43.1%
17003,144.7,62.9,-56.5%
17007,11.7,10.3,-11.7%
17011,189.3,18.5,-90.3%
17025,71.8,14.0,-80.6%
17031,35.4,2.9,-92.0%
17047,104.3,9.3,-91.1%
17049,26.0,4.8,-81.7%
17061,36.1,30.0,-17.0%
17063,39.9,10.7,-73.3%
17073,15.3,8.8,-42.4%
17075,17.9,18.3,2.0%
17085,25.6,13.1,-48.8%
17089,34.0,4.3,-87.3%
17091,50.7,6.6,-86.9%
17099,45.9,13.3,-71.0%
17111,20.9,6.5,-68.9%
17141,31.2,16.8,-46.3%
17143,31.6,10.0,-68.3%
17153,50.2,39.9,-20.5%
17157,39.2,57.0,45.4%
17161,32.7,23.9,-26.9%
17171,76.4,48.5,-36.5%
17173,9.2,11.6,26.4%
17177,38.7,42.7,10.5%
17191,44.9,12.3,-72.6%
17195,57.0,20.9,-63.3%
17197,25.8,13.1,-49.1%
17201,26.3,16.1,-38.9%
18051,69.0,33.8,-51.1%
18089,7.5,6.7,-10.1%
18123,55.4,56.0,1.2%
19005,245.8,7.0,-97.2%
19045,20.9,36.1,72.9%
19053,8.0,11.4,42.5%
19057,85.0,15.3,-82.0%
19071,523.1,280.1,-46.5%
19111,34.2,23.3,-31.7%
19115,78.1,32.3,-58.7%
19125,24.0,19.4,-19.1%
19149,55.2,355.0,543.1%
19153,28.0,17.2,-38.6%
20005,57.3,17.4,-69.7%
20009,25.4,1.9,-92.7%
20011,17.5,23.7,35.6%
20013,50.6,37.5,-25.9%
20015,16.0,13.8,-13.6%
20017,24.6,13.0,-47.1%
20019,14.0,27.2,94.5%
20021,12.4,33.3,167.6%
20027,62.2,57.0,-8.4%
20029,52.9,56.5,6.9%
20031,21.6,25.2,16.8%
20035,43.5,11.3,-74.1%
20041,98.1,86.8,-11.5%
20043,116.7,27.4,-76.5%
20045,71.7,17.2,-76.0%
20051,6.9,17.2,147.7%
20053,44.8,29.3,-34.6%
20059,22.9,23.5,2.7%
20061,9.7,31.7,227.6%
20073,17.8,17.0,-4.2%
20075,66.8,7.0,-89.5%
20079,50.6,7.3,-85.7%
20085,8.8,305.4,3381.6%
20087,22.7,92.4,307.8%
20089,22.3,147.0,559.5%
20091,118.8,52.4,-55.9%
20095,16.9,9.6,-43.2%
20099,21.8,37.3,70.6%
20103,169.0,14.1,-91.7%
20105,14.8,18.2,23.4%
20107,47.8,13.5,-71.8%
20111,48.7,209.8,331.2%
20113,9.4,20.5,118.1%
20115,13.1,20.8,58.4%
20117,104.5,29.1,-72.2%
20123,66.4,28.2,-57.5%
20125,28.9,91.4,216.7%
20127,28.9,10.9,-62.4%
20131,31.3,15.9,-49.2%
20133,46.8,20.8,-55.5%
20137,38.8,23.3,-40.0%
20139,25.6,44.9,75.6%
20141,63.4,16.1,-74.5%
20143,115.0,57.7,-49.8%
20147,16.2,19.8,21.6%
20149,36.1,18.2,-49.6%
20155,26.4,12.6,-52.3%
20157,30.2,92.5,206.2%
20159,8.1,16.2,100.3%
20161,41.5,12.6,-69.6%
20163,11.8,13.7,17.0%
20167,16.0,18.7,17.1%
20169,66.5,43.0,-35.4%
20173,37.0,14.1,-61.9%
20177,137.7,100.3,-27.1%
20191,27.8,14.6,-47.6%
20195,1154.0,25.0,-97.8%
20197,100.2,14.1,-85.9%
20201,125.3,83.2,-33.7%
20205,32.7,87.1,166.1%
20209,105.8,60.1,-43.2%
21025,92.4,6.0,-93.5%
21029,63.5,11.7,-81.5%
21077,36.1,50.1,38.8%
21089,20.0,22.1,10.3%
21093,6.5,39.2,500.3%
21111,47.8,7.9,-83.5%
21119,106.8,4.9,-95.4%
21127,57.3,10.1,-82.4%
21129,24.6,3.1,-87.3%
21143,19.9,13.6,-32.0%
21145,15.3,4.5,-70.6%
21147,8.0,8.9,11.6%
21189,32.0,5.4,-83.0%
21191,44.1,21.6,-51.0%
21211,45.7,8.3,-81.8%
22003,18.5,17.4,-6.2%
22011,12.0,50.1,317.5%
22019,17.7,44.2,150.1%
22021,96.7,0.9,-99.1%
22047,56.3,428.9,661.8%
22051,10.3,19.2,86.4%
22053,72.0,70.4,-2.3%
22065,103.0,14.4,-86.0%
22067,67.2,56.2,-16.3%
22075,78.8,40.0,-49.2%
22077,79.8,122.3,53.3%
22079,56.4,30.6,-45.7%
22081,12.2,20.3,67.3%
22097,38.7,29.7,-23.3%
22099,65.0,59.7,-8.2%
22101,82.4,37.0,-55.1%
22107,6.7,38.5,475.2%
22111,5.0,0.6,-88.5%
22123,225.8,303.0,34.2%
22125,90.2,49.1,-45.6%
23003,2.8,0.7,-73.6%
23005,3.1,78.5,2458.5%
23011,1.7,0.8,-51.8%
23017,1.0,1.5,45.0%
23019,2.6,1.2,-53.0%
23029,2.0,2.4,20.7%
24003,11.5,54.4,373.4%
24005,17.2,15.7,-8.9%
24011,3.6,2.4,-33.8%
24025,7.3,9.8,33.2%
24043,0.6,4.9,716.9%
25017,1.7,3.3,92.8%
25027,2.8,2.1,-26.0%
26005,9.5,13.6,43.0%
26007,3.0,1.3,-56.2%
26011,6.5,13.5,105.8%
26021,7.5,4.4,-41.4%
26031,1.7,2.0,14.4%
26033,0.9,95.2,10328.6%
26041,1.5,3.5,128.4%
26063,15.6,3.6,-77.0%
26069,1.5,0.7,-51.7%
26077,38.0,4.9,-87.0%
26083,1.6,0.2,-86.6%
26095,2.3,0.2,-91.5%
26097,5.8,22.1,281.6%
26099,17.1,24.9,45.9%
26101,3.2,3.7,15.1%
26115,12.1,28.1,132.2%
26123,3.3,3.4,5.3%
26131,123.5,31.6,-74.4%
26139,15.6,22.1,41.3%
26145,17.5,14.0,-19.8%
26147,9.6,10.6,10.7%
26151,1.0,4.0,299.9%
26153,2.9,3.7,27.1%
26159,4.6,0.3,-92.7%
26163,2.0,19.8,883.5%
27003,5.1,16.5,220.6%
27017,6.2,48.5,686.2%
27019,44.8,91.0,103.1%
27025,3.5,14.6,314.1%
27029,4.4,8.9,102.6%
27037,17.7,10.9,-38.1%
27045,26.0,29.1,12.1%
27055,15.0,7.2,-51.7%
27061,1.8,24.6,1234.3%
27063,2.5,72.1,2782.4%
27069,3.8,43.2,1040.9%
27071,16.7,28.3,69.7%
27075,1.3,32.0,2362.7%
27077,4.8,7.4,55.5%
27093,6.3,24.9,295.9%
27097,4.0,6.2,54.9%
27105,2.6,27.3,938.0%
27119,26.0,12.6,-51.7%
27123,7.8,6.5,-15.9%
27137,15.1,12.1,-19.5%
27145,5.8,9.5,65.2%
27169,6.9,24.5,254.6%
27171,3.9,33.3,760.2%
27173,2.9,42.9,1379.2%
28019,63.3,23.6,-62.7%
28037,12.5,11.0,-12.4%
28047,4.9,12.5,157.0%
28049,72.7,113.5,56.0%
28059,4.2,22.0,429.6%
28083,152.8,41.0,-73.1%
28141,22.0,12.2,-44.4%
28149,151.0,34.2,-77.4%
29013,62.0,20.3,-67.2%
29041,121.4,65.1,-46.4%
29045,168.2,6.7,-96.0%
29053,58.7,42.2,-28.1%
29087,269.5,195.3,-27.5%
29095,164.1,66.7,-59.3%
29097,11.8,116.1,884.1%
29117,210.3,78.8,-62.5%
29119,5.5,1.1,-79.6%
29139,447.3,33.9,-92.4%
29145,14.9,3.7,-75.3%
29153,2.7,0.5,-83.2%
29161,2.6,1.8,-29.9%
29165,284.0,42.7,-85.0%
29173,143.6,8.1,-94.4%
29179,25.5,2.7,-89.3%
29181,9.7,2.0,-79.6%
29189,9.1,63.3,593.4%
29209,5.3,1.5,-71.4%
29213,5.0,0.5,-89.2%
29223,21.0,9.7,-53.5%
30005,170.0,2.5,-98.5%
30007,17.5,8.2,-53.2%
30013,31.3,8.0,-74.3%
30015,89.4,27.0,-69.7%
30029,19.8,7.7,-61.3%
30049,1.8,3.6,101.7%
30053,1.2,2.1,70.4%
30055,1.7,0.6,-63.2%
30057,143.8,4.3,-97.0%
30063,17.5,3.9,-77.9%
30071,326.3,22.0,-93.3%
30077,5.4,9.5,77.3%
30083,167.8,28.2,-83.2%
30085,19.6,180.8,823.5%
30087,6.6,2.0,-69.9%
30105,74.4,79.5,6.8%
30111,55.0,0.5,-99.2%
31055,122.1,70.5,-42.3%
31069,30.7,33.3,8.4%
31107,92.8,106.4,14.7%
31125,50.9,75.2,47.9%
31141,15.1,163.1,982.5%
31147,20.7,64.3,210.1%
31153,325.1,79.7,-75.5%
31171,11.0,23.3,111.7%
32003,126.1,14.7,-88.3%
32007,36.2,7.5,-79.3%
32009,2.1,3.0,40.2%
32013,8.2,48.6,491.4%
32019,19.0,48.8,157.1%
32023,0.6,27.7,4514.6%
32027,13.8,16.7,21.5%
32031,8.4,5.9,-29.9%
33005,2.0,2.6,29.5%
33013,1.5,1.7,15.1%
34005,2.8,5.9,110.6%
34021,3.2,4.8,48.8%
34029,4.1,5.2,28.2%
34031,6.2,4.6,-25.5%
34033,1.2,7.2,486.9%
34035,6.8,7.9,17.2%
35035,5.7,6.8,19.3%
35045,100.0,4.3,-95.7%
35049,29.2,204.7,601.8%
35051,3.5,2.7,-22.9%
35053,3455.0,21849.3,532.4%
36001,5.0,5.2,4.8%
36019,1.0,0.6,-43.4%
36029,7.1,131.6,1743.7%
36045,2.0,2.5,26.9%
36055,50.8,35.8,-29.4%
36059,12.6,0.3,-97.6%
36063,2.1,1.8,-16.5%
36075,5.4,3.0,-44.7%
36089,2.4,1.9,-21.2%
36103,0.8,0.3,-58.6%
37001,84.4,16.3,-80.7%
37005,14.8,4.6,-69.0%
37007,42.7,10.2,-76.0%
37009,14.1,7.7,-45.3%
37011,3.0,4.6,53.8%
37013,12.2,6.8,-44.5%
37015,14.1,12.1,-14.1%
37017,16.5,8.7,-47.3%
37019,8.2,8.2,0.0%
37021,28.9,8.8,-69.7%
37023,8.6,6.8,-20.9%
37025,36.0,22.2,-38.2%
37027,41.7,8.3,-80.2%
37029,19.0,6.4,-66.4%
37031,5.8,9.8,70.0%
37033,58.8,9.7,-83.5%
37035,26.9,6.2,-77.0%
37037,27.5,9.4,-65.7%
37039,6.3,3.8,-39.8%
37041,8.8,3.9,-55.2%
37045,67.1,13.2,-80.3%
37047,4.2,3.5,-17.6%
37049,14.9,5.9,-60.3%
37051,28.3,9.7,-65.5%
37053,7.1,11.8,64.9%
37057,31.5,21.4,-32.1%
37059,33.6,25.2,-24.9%
37061,8.3,7.6,-9.2%
37063,29.3,15.8,-46.2%
37065,20.9,10.8,-48.5%
37067,22.9,33.7,46.9%
37069,22.1,14.1,-36.1%
37071,123.2,10.9,-91.1%
37073,8.7,4.2,-51.2%
37075,3.5,4.8,38.3%
37077,30.2,15.6,-48.3%
37079,17.2,8.3,-52.0%
37081,27.8,15.2,-45.2%
37083,10.8,9.2,-14.7%
37085,20.0,8.1,-59.3%
37087,5.6,8.5,52.1%
37089,3.5,6.2,77.0%
37091,30.1,11.6,-61.7%
37093,3.0,4.7,56.6%
37095,8.7,15.0,72.5%
37097,16.3,19.8,21.8%
37101,20.4,14.0,-31.4%
37103,3.9,3.3,-15.7%
37107,15.7,9.9,-36.9%
37109,115.3,11.2,-90.3%
37111,4.8,5.5,14.3%
37113,31.4,5.0,-84.1%
37115,29.3,12.9,-55.9%
37119,54.3,8.4,-84.5%
37121,4.6,4.3,-4.8%
37123,17.3,9.5,-44.9%
37125,6.0,5.8,-3.3%
37127,17.7,14.3,-19.2%
37129,15.4,6.3,-59.1%
37131,13.3,9.4,-29.5%
37133,10.4,6.6,-36.9%
37135,22.3,22.6,1.3%
37139,13.4,7.1,-46.7%
37141,5.4,10.1,88.4%
37143,10.7,4.7,-56.2%
37145,34.5,15.0,-56.6%
37147,17.6,7.8,-55.5%
37151,15.3,8.9,-41.7%
37153,15.6,11.9,-23.4%
37155,2.4,5.8,141.6%
37157,24.3,9.9,-59.2%
37159,82.9,17.4,-79.0%
37161,19.8,18.7,-5.3%
37163,4.9,5.2,6.4%
37165,4.0,2.9,-28.4%
37167,27.8,12.8,-53.8%
37169,21.1,5.6,-73.6%
37171,127.0,38.7,-69.5%
37173,6.5,6.7,3.2%
37175,2.1,5.6,169.3%
37177,11.7,6.7,-42.4%
37179,38.7,16.6,-57.1%
37181,19.1,7.6,-59.9%
37183,30.8,8.7,-71.8%
37185,69.2,12.4,-82.0%
37187,38.3,8.9,-76.8%
37189,4.2,4.1,-2.0%
37191,15.1,9.7,-36.0%
37193,10.1,15.5,53.5%
37195,19.1,5.2,-72.9%
37197,22.5,57.2,154.0%
37199,6.7,6.6,-2.3%
38009,2.7,6.2,131.8%
38015,1.5,14.5,850.2%
38017,35.0,80.0,128.5%
38035,6.3,46.5,634.3%
38053,1031.0,21.8,-97.9%
38055,8.2,4.7,-42.8%
38057,42.1,2.3,-94.5%
38097,46.2,12.5,-72.9%
39009,14.0,4.3,-69.4%
39025,12.0,17.3,44.2%
39035,5.8,21.7,277.6%
39085,7.6,8.0,5.4%
39095,31.0,26.7,-13.8%
39141,23.5,11.2,-52.3%
39143,32.0,126.8,296.3%
40007,12.3,9.6,-22.5%
40011,77.3,3.2,-95.9%
40021,5.7,5.1,-10.2%
40027,61.7,28.8,-53.3%
40035,18.0,68.8,281.7%
40059,61.4,8.9,-85.6%
40063,82.9,26.3,-68.3%
40071,59.3,39.5,-33.3%
40079,4.0,17.6,340.8%
40111,112.6,33.7,-70.1%
40115,4.5,11.1,145.6%
40117,67.5,92.9,37.7%
40119,136.1,40.0,-70.6%
40135,2.0,3.8,90.5%
40143,15.1,38.2,153.0%
40153,19.9,8.0,-59.6%
41001,17.1,12.0,-29.4%
41003,8.0,31.4,293.2%
41005,5.6,19.0,238.2%
41007,8.0,5.0,-37.5%
41011,7.9,9.4,18.7%
41013,9.8,6.6,-32.6%
41015,13.9,13.3,-4.7%
41017,1.9,2.3,21.7%
41019,10.2,7.2,-29.6%
41023,3.2,2.5,-21.0%
41025,12.8,7.5,-41.7%
41027,3.4,78.8,2235.6%
41029,8.5,4.6,-45.9%
41031,1.7,4.5,168.6%
41033,8.0,24.8,209.4%
41035,9.1,6.1,-32.5%
41037,13.2,11.3,-14.6%
41039,3.8,9.4,151.3%
41041,3.0,70.7,2278.9%
41043,3.8,17.8,372.4%
41045,27.0,39.4,46.2%
41047,4.1,31.7,663.9%
41051,10.8,71.0,554.9%
41053,3.8,24.1,538.1%
41057,6.2,19.6,217.9%
41059,8.8,9.5,7.9%
41061,12.4,6.4,-48.1%
41063,1.6,4.4,176.5%
41065,6.1,4.1,-33.8%
41067,11.4,14.5,28.1%
41069,5.3,12.0,125.0%
41071,8.5,29.4,245.0%
42043,14.2,5.2,-63.3%
42093,18.5,4.1,-77.9%
42097,8.2,2.8,-65.8%
42099,5.7,3.4,-40.6%
42101,8.0,5.3,-34.0%
44007,3.6,1.9,-47.6%
44009,1.2,1.5,19.7%
45003,1.8,4.0,126.5%
45007,13.5,14.7,8.6%
45015,16.8,8.1,-52.2%
45021,0.0,38.4,#DIV/0!
45023,0.9,27.2,3058.8%
45035,3.0,5.0,67.5%
45039,1500.1,15.3,-99.0%
45041,5.0,8.9,79.3%
45049,10.8,3.0,-72.4%
45053,31.4,10.9,-65.4%
45057,54.6,21.3,-60.9%
45065,2.0,7.3,263.7%
45067,28.3,4.5,-84.3%
45071,1.2,16.9,1305.3%
45073,4.9,4.5,-7.4%
45077,0.0,3.2,#DIV/0!
45079,27.7,17.2,-37.9%
45087,0.0,20.4,#DIV/0!
45089,3.3,4.3,31.9%
45091,168.8,24.3,-85.6%
46023,3.9,3.6,-8.4%
46041,1288.5,1.8,-99.9%
46065,2.0,3.3,66.9%
46085,6653.5,54.3,-99.2%
46103,99.5,2.8,-97.1%
47029,6.2,4.9,-21.0%
47035,3.1,3.4,10.9%
47069,54.2,36.3,-33.1%
47071,7.2,1.8,-75.6%
47093,9.3,7.0,-25.0%
47105,7.8,7.7,-0.9%
47115,7.0,9.0,28.3%
47129,2.4,2.8,17.8%
47131,67.8,16.7,-75.4%
47143,4.0,3.3,-15.6%
47159,24.3,9.5,-60.8%
48027,1.8,67.3,3636.5%
48029,38.0,79.0,108.1%
48039,28.6,0.3,-99.0%
48061,186.9,28.2,-84.9%
48113,24.7,68.8,178.7%
48139,14.9,52.0,249.8%
48141,54.7,24.6,-55.0%
48157,67.9,144.3,112.5%
48201,66.1,19.6,-70.3%
48209,58.2,367.6,531.3%
48291,4.1,13.0,212.2%
48299,1.9,0.7,-62.9%
48309,8.7,4.6,-47.1%
48321,24.3,435.0,1690.1%
48339,11.3,30.5,169.9%
48453,225.5,28.4,-87.4%
48457,24.6,57.0,131.4%
49003,29.2,37.4,28.1%
49005,18.7,11.6,-37.8%
49007,101.8,12.7,-87.5%
49009,68.0,8.9,-86.9%
49011,27.5,16.4,-40.4%
49013,58.4,3.2,-94.5%
49015,188.6,28.4,-84.9%
49017,46.1,5.0,-89.1%
49019,176.7,41.2,-76.7%
49025,272.6,3.0,-98.9%
49031,19.8,8.9,-55.3%
49033,110.6,14.1,-87.3%
49035,34.3,6.7,-80.4%
49037,44.9,4.7,-89.5%
49041,66.0,43.7,-33.8%
49043,11.8,13.5,14.9%
49047,136.6,7.3,-94.7%
49049,55.5,14.5,-73.8%
49051,10.6,5.8,-45.7%
49053,132.7,148.3,11.7%
49055,162.0,189.0,16.6%
50017,1.2,5.7,366.7%
50019,6.7,11.7,74.2%
51011,1.5,3.0,96.9%
51013,13.2,27.6,109.9%
51041,10.1,8.4,-17.6%
51071,2.3,1.9,-18.6%
51073,22.0,23.8,8.0%
51075,12.0,20.1,67.4%
51083,80.0,13.3,-83.3%
51085,27.7,8.9,-67.7%
51101,10.0,14.0,40.3%
51153,11.5,12.0,4.1%
51175,5.8,9.1,57.3%
51177,23.3,21.0,-9.6%
51595,24.6,12.2,-50.5%
53005,3.8,4.4,16.9%
53009,2.4,17.3,607.6%
53013,4.2,9.2,121.7%
53015,100.3,2.9,-97.1%
53021,12.9,4.2,-67.7%
53025,1.4,6.5,365.4%
53027,2.7,3.8,41.7%
53031,2.7,3.4,26.8%
53041,6.0,3.0,-50.7%
53045,1.9,1.6,-15.9%
53047,2.5,3.4,33.5%
53049,3.5,10.7,209.4%
53051,1.8,7.0,295.6%
53053,13.4,11.7,-12.5%
53057,4.6,6.3,38.9%
53061,5.2,26.9,416.4%
53065,1.8,6.5,263.2%
53067,6.2,12.3,99.9%
53071,2.4,19.3,721.2%
53075,-0.9,14.2,-1627.3%
53077,4.4,5.6,26.9%
54037,7.2,6.1,-16.1%
54083,36.5,1.4,-96.3%
55003,25.2,2.4,-90.7%
55009,11.2,30.9,175.4%
55031,91.4,50.6,-44.7%
55037,1.6,3.3,104.2%
55063,7.9,27.8,253.1%
55071,5.1,6.2,20.7%
55075,1.8,2.3,26.0%
55079,8.5,6.0,-29.5%
55091,5.5,6.3,14.4%
55095,3.2,15.0,370.1%
56001,6.1,4.4,-26.9%
56013,21.1,32.6,54.8%
56015,23.0,12.8,-44.4%
56017,5.2,45.0,772.3%
56019,8.7,2.7,-69.4%
56023,189.0,15.1,-92.0%
56027,556.0,13.3,-97.6%
56029,53.9,94.5,75.4%
56031,3.9,1.2,-68.7%
56035,3.0,0.9,-69.2%
56037,70.4,31.3,-55.5%
56039,0.7,1.0,47.2%
56041,39.2,5.3,-86.5%
66010,2.5,7.4,198.1%
72001,2.4,2.3,-2.5%
72005,47.7,123.3,158.4%
72007,13.2,49.7,275.7%
72009,9.6,44.0,358.8%
72011,64.6,61.5,-4.8%
72013,40.0,88.0,120.2%
72021,27.7,190.8,588.1%
72025,22.4,63.6,183.3%
72031,11.8,16.2,37.5%
72039,16.7,77.3,363.4%
72045,26.3,45.6,73.4%
72047,4.5,6.8,53.6%
72051,11.7,7.6,-35.4%
72053,10.5,17.1,62.3%
72061,21.7,16.1,-25.7%
72063,61.0,21.8,-64.3%
72067,16.2,47.7,193.9%
72069,74.9,21.6,-71.2%
72081,4.5,20.5,351.5%
72091,15.2,25.0,63.6%
72095,42.6,3.6,-91.5%
72097,23.4,19.3,-17.6%
72105,10.6,36.0,241.1%
72107,12.1,32.2,167.1%
72109,13.7,2.8,-79.5%
72113,28.2,9.9,-65.0%
72115,2.8,4.5,62.2%
72119,2.8,5.7,102.1%
72125,5.2,8.1,54.1%
72127,35.1,27.4,-21.8%
72131,34.3,32.1,-6.3%
72139,23.0,49.0,112.7%
72141,23.4,18.6,-20.5%
72145,14.9,23.1,55.3%
72151,63.7,8.8,-86.2%
78010,0.6,1.7,197.0%
