FIPS Code,1982 Mean Temp (Celsius),2012 Mean Temp (Celsius),% Change
01003,21.5,24.2,12.6%
01005,22.1,25.9,17.5%
01007,18.3,20.4,11.2%
01009,18.7,22.2,18.6%
01015,16.0,21.1,32.1%
01019,16.6,18.2,9.6%
01025,20.3,23.3,14.9%
01029,15.8,22.2,40.9%
01035,18.8,24.6,30.3%
01037,22.8,20.6,-9.6%
01039,22.3,21.6,-3.3%
01041,20.6,24.0,16.6%
01043,15.7,21.3,36.1%
01045,22.6,19.8,-12.7%
01047,20.7,20.8,0.2%
01051,24.0,21.1,-12.0%
01053,21.6,20.3,-5.9%
01055,15.6,19.6,25.6%
01057,18.8,22.5,19.3%
01061,19.9,24.8,24.5%
01063,21.0,22.2,5.8%
01065,18.4,23.7,28.3%
01071,16.9,16.6,-1.9%
01073,15.3,20.5,34.0%
01075,17.7,23.8,34.9%
01077,17.7,13.6,-23.1%
01079,16.7,17.0,1.9%
01081,26.0,22.1,-14.9%
01083,16.5,22.0,33.6%
01087,21.0,25.0,19.3%
01089,16.7,20.1,20.4%
01091,24.3,19.5,-20.0%
01093,19.4,19.9,2.4%
01095,16.5,22.4,36.0%
01097,21.9,25.7,17.3%
01101,20.8,21.7,4.3%
01103,18.7,17.9,-4.1%
01107,20.2,29.5,46.1%
01111,17.8,20.6,15.7%
01113,19.2,20.5,6.7%
01115,16.9,19.4,14.8%
01117,23.6,20.2,-14.5%
01119,20.5,25.1,22.6%
01121,17.0,22.2,30.5%
01123,19.0,21.7,14.2%
01125,18.2,22.6,24.1%
01127,18.8,17.1,-9.1%
01133,16.0,15.3,-4.5%
02020,3.2,8.8,179.6%
02050,11.0,5.9,-46.2%
02090,8.1,10.5,29.9%
02100,5.9,7.1,19.9%
02110,4.4,9.2,109.8%
02122,10.2,8.9,-12.5%
02164,9.6,9.2,-4.6%
02170,5.9,12.4,111.9%
02185,1.7,22.6,1250.3%
02220,6.2,6.6,6.7%
04001,15.7,14.8,-5.9%
04003,22.0,17.3,-21.3%
04005,14.8,13.4,-9.4%
04007,17.2,15.6,-9.1%
04009,20.0,14.5,-27.5%
04011,19.9,15.3,-23.3%
04012,19.6,22.7,15.4%
04013,24.1,23.2,-3.6%
04015,23.2,22.1,-4.7%
04019,24.2,27.3,12.8%
04021,28.2,16.2,-42.5%
04023,19.3,19.2,-0.1%
04025,16.8,16.0,-4.5%
04027,23.2,21.9,-5.6%
05001,17.9,21.4,19.5%
05003,20.4,23.4,15.0%
05005,13.8,17.4,25.7%
05007,21.0,18.9,-9.8%
05015,11.3,19.0,68.2%
05017,19.1,26.0,35.9%
05019,18.3,18.1,-1.5%
05021,17.4,19.0,9.4%
05023,14.0,15.1,7.8%
05027,17.5,18.6,6.5%
05029,19.3,18.7,-2.9%
05031,17.5,19.0,8.3%
05035,18.0,18.9,5.0%
05037,16.4,16.9,3.0%
05039,19.1,18.5,-2.9%
05041,18.1,24.9,38.0%
05045,20.0,20.0,-0.2%
05047,19.9,21.0,5.6%
05049,15.9,21.7,36.4%
05051,14.4,18.8,30.4%
05055,18.5,21.3,14.9%
05057,31.0,20.2,-35.0%
05059,16.4,19.7,20.4%
05061,17.4,17.2,-0.9%
05063,16.3,19.3,18.0%
05065,12.3,12.4,1.6%
05067,17.8,19.1,7.4%
05069,20.1,21.5,7.0%
05073,18.8,20.1,6.5%
05075,16.1,20.4,26.6%
05077,19.4,22.3,15.0%
05079,18.5,19.8,7.0%
05081,17.3,20.7,19.5%
05083,23.7,18.4,-22.3%
05085,17.3,20.6,18.9%
05089,14.4,17.4,20.7%
05091,18.9,21.1,11.9%
05095,17.5,19.9,14.0%
05097,17.8,17.7,-0.7%
05101,16.5,16.3,-1.3%
05103,20.8,23.7,14.2%
05105,17.7,19.2,8.5%
05107,18.5,23.8,28.4%
05109,13.0,18.3,40.8%
05111,11.6,18.9,63.1%
05115,19.5,17.4,-10.6%
05117,18.6,19.8,6.6%
05119,17.5,18.7,6.8%
05121,15.4,19.0,23.5%
05123,15.4,18.7,21.1%
05125,18.0,17.9,-0.3%
05127,20.0,18.6,-7.3%
05129,18.1,17.3,-4.4%
05131,15.3,18.5,20.9%
05133,16.8,19.2,14.0%
05135,19.8,24.3,22.5%
05137,15.6,10.5,-32.5%
05139,23.3,22.0,-5.6%
05141,18.7,16.4,-12.2%
05143,15.7,22.0,39.8%
05145,18.1,17.9,-1.5%
05147,15.8,19.1,20.4%
05149,15.6,16.9,8.6%
06001,16.9,17.2,1.9%
06003,6.5,12.4,91.2%
06013,19.7,16.2,-17.8%
06015,13.4,16.5,23.1%
06017,4.4,10.4,138.6%
06019,9.9,18.2,85.0%
06021,9.2,14.2,54.0%
06023,9.6,12.4,29.3%
06025,26.0,20.1,-22.8%
06029,24.2,19.5,-19.5%
06035,9.6,13.2,38.0%
06037,21.1,19.4,-7.9%
06039,10.2,15.5,52.3%
06045,15.4,13.3,-13.5%
06051,24.2,14.7,-39.0%
06055,16.2,15.9,-1.7%
06057,9.3,10.8,16.4%
06061,19.1,15.1,-20.8%
06065,18.8,24.2,29.0%
06067,19.3,17.8,-8.0%
06071,20.4,19.3,-5.4%
06073,19.3,16.7,-13.3%
06077,15.5,17.3,11.8%
06079,18.7,13.8,-26.3%
06081,14.0,10.8,-22.8%
06083,18.0,18.9,5.2%
06085,13.8,16.9,22.9%
06089,16.8,14.1,-16.0%
06093,6.6,12.6,91.5%
06095,15.1,16.5,9.0%
06097,16.7,20.9,25.5%
06103,16.3,13.5,-17.0%
06105,6.8,10.9,59.9%
06109,13.2,7.7,-41.8%
06113,16.1,17.4,8.1%
08001,12.9,14.4,11.7%
08005,12.9,3.3,-74.7%
08007,8.0,18.4,128.4%
08013,6.6,15.1,128.5%
08019,5.7,10.1,78.8%
08027,3.3,22.3,574.5%
08029,11.3,11.4,0.5%
08031,15.5,6.2,-59.8%
08035,14.2,10.6,-25.3%
08037,5.0,12.2,142.8%
08045,7.1,9.3,31.4%
08051,12.4,10.3,-16.5%
08053,8.4,9.5,13.5%
08059,11.1,17.1,54.6%
08065,6.6,8.5,28.5%
08067,7.6,14.0,82.9%
08069,6.7,15.2,126.6%
08071,11.9,21.8,83.9%
08077,11.6,15.2,31.5%
08081,10.3,14.6,40.9%
08083,11.3,14.3,27.3%
08085,14.2,13.4,-6.1%
08087,14.5,17.4,20.6%
08091,7.6,7.1,-6.3%
08093,8.8,4.6,-48.4%
08097,6.4,6.3,-1.4%
08101,15.6,14.4,-7.2%
08107,7.9,7.9,-0.1%
08111,9.8,9.2,-6.1%
08115,15.1,16.6,10.2%
08117,3.8,8.9,135.2%
08123,13.5,17.5,29.7%
09001,12.3,19.2,56.3%
09015,13.0,13.3,1.9%
10001,13.9,16.5,18.5%
10003,15.9,15.1,-5.0%
10005,14.6,20.2,38.2%
12001,23.1,20.3,-12.2%
12003,20.1,20.9,4.0%
12005,20.4,23.1,13.1%
12009,25.0,23.8,-5.0%
12011,1304.0,24.5,-98.1%
12013,18.8,22.4,18.8%
12015,24.2,89.5,270.3%
12017,23.6,23.5,-0.5%
12019,23.3,23.2,0.0%
12021,26.5,24.3,-8.5%
12023,21.1,22.3,5.9%
12027,25.1,24.7,-1.3%
12031,25.6,22.4,-12.5%
12033,21.4,21.8,1.9%
12035,23.3,21.5,-8.0%
12037,27.2,22.7,-16.5%
12039,22.8,20.8,-8.9%
12043,23.4,24.9,6.7%
12047,20.7,22.6,9.3%
12049,25.6,24.4,-4.8%
12053,24.2,23.7,-2.0%
12055,22.7,25.4,11.9%
12057,24.4,24.2,-0.9%
12059,20.1,23.5,17.2%
12061,22.1,23.2,5.2%
12065,21.0,20.3,-3.4%
12069,23.4,24.2,3.4%
12071,26.4,24.3,-8.0%
12073,20.8,20.4,-1.8%
12075,23.6,23.0,-2.7%
12077,27.8,19.8,-28.9%
12079,21.2,23.2,9.5%
12081,24.0,25.1,4.9%
12083,23.5,22.9,-2.7%
12085,24.5,25.4,3.5%
12086,25.3,25.5,0.9%
12087,27.1,26.6,-1.9%
12089,20.4,23.9,17.1%
12091,20.3,23.6,16.7%
12093,23.1,25.5,10.6%
12095,23.7,25.0,5.5%
12097,23.4,24.2,3.5%
12099,25.8,24.6,-4.4%
12101,23.7,22.7,-4.3%
12103,25.1,25.8,2.9%
12105,25.1,24.3,-3.1%
12107,21.4,21.6,0.8%
12109,25.1,23.0,-8.3%
12111,24.8,25.9,4.4%
12113,19.5,22.4,14.5%
12115,26.3,25.1,-4.5%
12117,23.7,23.8,0.6%
12119,25.1,23.4,-6.6%
12121,22.2,22.0,-0.9%
12123,20.9,19.7,-5.9%
12127,22.7,24.7,8.8%
12129,21.6,22.1,2.2%
12131,21.9,22.3,2.2%
12133,20.7,23.6,14.2%
13007,17.2,22.3,29.7%
13015,14.3,15.5,8.4%
13019,18.8,19.7,4.9%
13021,19.2,17.0,-11.5%
13027,18.4,21.3,15.5%
13029,19.8,20.2,1.7%
13033,18.4,21.4,16.6%
13035,17.8,16.9,-5.1%
13045,16.0,13.4,-16.0%
13047,16.4,15.9,-3.1%
13053,20.7,21.1,2.0%
13055,16.3,15.4,-6.0%
13057,14.7,16.3,11.2%
13061,21.6,21.2,-2.0%
13063,16.4,15.8,-3.9%
13065,19.8,21.5,8.8%
13067,16.3,15.7,-3.5%
13071,16.5,18.8,13.6%
13083,20.3,15.6,-23.0%
13087,19.1,20.5,6.9%
13089,16.7,16.1,-3.4%
13093,15.9,17.6,10.6%
13095,19.5,22.1,13.6%
13097,15.1,17.9,18.6%
13099,20.8,18.5,-11.3%
13103,20.0,15.2,-24.0%
13109,19.3,19.8,2.8%
13111,14.2,11.4,-19.8%
13113,16.1,15.7,-2.2%
13115,16.3,15.4,-5.5%
13121,19.4,14.5,-25.3%
13123,15.4,14.2,-8.0%
13127,21.0,21.8,3.5%
13129,15.6,15.2,-2.5%
13131,17.5,20.6,17.5%
13135,15.4,11.4,-25.9%
13149,18.2,17.0,-6.4%
13151,17.6,18.2,3.6%
13153,18.0,17.0,-5.5%
13155,11.6,24.2,109.2%
13161,20.1,17.5,-12.7%
13169,16.7,11.6,-30.4%
13175,20.7,16.9,-18.5%
13179,21.7,19.4,-10.6%
13185,20.9,19.2,-8.1%
13193,18.0,19.2,6.7%
13213,16.8,15.0,-10.7%
13217,17.0,16.4,-3.6%
13219,16.5,17.2,4.0%
13229,16.9,20.8,22.8%
13233,16.3,17.4,6.3%
13239,29.2,25.4,-12.8%
13247,15.7,14.8,-5.7%
13251,18.9,22.3,17.8%
13253,20.3,24.7,21.7%
13259,24.7,20.7,-16.2%
13261,18.0,18.1,0.5%
13267,17.3,21.9,26.7%
13269,19.0,22.0,16.0%
13275,17.5,19.6,12.2%
13277,15.5,22.5,45.0%
13285,18.3,20.0,9.0%
13291,13.3,11.5,-13.5%
13295,16.4,14.5,-11.6%
13307,17.5,17.8,1.5%
13309,17.3,21.9,26.3%
13313,15.5,15.3,-1.5%
13319,17.6,16.2,-7.9%
15001,22.2,22.6,1.8%
15005,19.3,21.5,11.2%
15009,20.8,20.4,-2.1%
16005,9.4,11.2,19.2%
16007,8.2,12.5,51.9%
16011,11.3,15.1,33.2%
16013,8.6,12.2,42.4%
16015,18.5,9.4,-49.6%
16017,8.5,8.1,-4.7%
16019,3.8,13.6,259.9%
16027,12.2,16.0,31.2%
16029,8.7,11.6,34.0%
16031,16.2,12.5,-22.5%
16035,9.8,17.3,77.2%
16037,16.2,6.1,-62.5%
16039,23.5,10.3,-56.1%
16041,7.5,13.4,78.9%
16045,14.6,10.8,-25.8%
16049,21.7,10.6,-51.3%
16053,18.8,13.9,-26.0%
16055,13.9,12.1,-13.1%
16059,19.1,9.3,-51.2%
16061,12.6,7.8,-37.8%
16067,10.4,14.1,35.2%
16069,10.5,11.3,7.1%
16073,30.6,11.3,-62.9%
16075,14.5,11.5,-20.6%
16077,13.3,14.6,9.4%
16079,7.3,9.4,28.3%
16083,17.5,12.0,-31.9%
16085,11.9,14.4,21.2%
17003,12.8,20.6,61.0%
17019,11.4,30.9,170.0%
17027,14.9,24.7,65.8%
17029,12.5,24.8,98.5%
17051,14.5,24.1,66.4%
17055,15.1,24.9,65.4%
17057,11.7,26.4,125.0%
17061,14.8,18.9,27.1%
17081,13.9,23.1,66.3%
17097,13.7,16.8,23.0%
17105,14.3,20.3,41.4%
17119,14.4,23.0,59.7%
17139,12.4,24.0,93.0%
17157,14.7,22.6,53.5%
17167,17.5,28.4,62.0%
17173,13.6,21.0,54.5%
18089,13.0,22.3,71.5%
18127,13.1,22.6,73.2%
19001,10.0,24.0,140.0%
19005,17.0,13.4,-21.1%
19009,11.8,23.5,99.7%
19011,11.5,24.6,113.6%
19013,11.5,19.1,65.8%
19017,10.5,19.3,83.8%
19019,13.0,12.8,-1.8%
19021,11.8,25.6,118.1%
19023,10.0,24.2,141.9%
19025,18.4,24.9,35.5%
19027,12.0,22.8,89.9%
19029,15.0,25.2,68.3%
19035,11.0,11.7,6.6%
19039,25.0,23.0,-7.9%
19041,11.0,13.7,24.3%
19043,9.5,13.7,44.4%
19045,10.9,20.1,84.2%
19047,11.3,23.6,108.3%
19049,13.0,18.3,40.7%
19053,13.0,24.0,84.5%
19057,12.6,24.9,96.7%
19059,10.0,23.2,131.9%
19061,11.0,18.5,68.2%
19065,10.9,19.0,74.8%
19067,9.5,18.7,96.6%
19069,9.8,25.6,162.9%
19071,12.5,16.4,31.3%
19073,12.2,22.3,82.5%
19077,12.8,24.4,90.4%
19079,13.5,21.6,60.2%
19081,10.0,21.5,115.4%
19085,12.7,18.6,46.8%
19091,10.0,12.6,25.7%
19093,11.8,23.3,98.0%
19095,9.1,24.0,163.2%
19097,12.0,14.4,19.9%
19099,11.3,22.4,97.3%
19103,11.2,19.5,74.5%
19107,11.0,18.5,68.4%
19109,9.5,19.2,102.3%
19111,13.3,17.4,31.3%
19113,12.9,20.7,60.0%
19115,13.6,20.7,52.6%
19117,15.2,23.0,51.6%
19119,12.0,21.8,80.9%
19121,9.5,24.1,154.0%
19125,9.5,20.8,118.9%
19127,13.6,15.1,11.3%
19133,11.0,17.8,61.3%
19135,13.0,22.6,73.8%
19137,15.0,25.9,72.9%
19139,12.8,14.4,13.3%
19141,11.5,23.8,106.4%
19145,11.3,21.0,86.8%
19147,12.3,24.9,102.2%
19149,12.3,11.9,-3.1%
19153,15.3,21.7,41.7%
19155,14.0,23.1,65.2%
19157,11.5,24.1,109.8%
19161,11.8,19.1,61.9%
19163,11.5,19.7,71.2%
19165,11.1,23.4,111.1%
19167,11.5,12.0,4.1%
19169,13.0,17.1,31.6%
19171,12.1,24.1,100.1%
19177,14.0,22.4,59.8%
19179,18.0,14.5,-19.6%
19181,16.5,19.8,20.2%
19187,15.8,18.0,13.9%
19191,9.0,18.3,103.7%
19193,12.0,17.9,49.1%
19195,10.0,20.0,100.1%
19197,10.0,23.9,138.7%
20001,50.9,19.3,-62.1%
20003,13.0,30.0,130.8%
20005,13.7,14.1,3.1%
20007,19.4,18.1,-6.6%
20009,16.3,14.2,-13.1%
20011,16.1,17.1,6.0%
20013,15.5,19.1,23.2%
20015,16.0,13.9,-12.8%
20017,15.0,12.8,-14.6%
20019,16.7,20.3,21.7%
20021,14.4,20.3,40.8%
20027,13.4,15.3,14.4%
20029,14.0,13.7,-2.3%
20031,14.6,16.3,11.6%
20035,15.7,16.8,7.0%
20041,13.2,14.6,10.8%
20043,10.9,17.5,60.4%
20045,15.1,19.0,25.8%
20047,16.8,14.0,-16.4%
20049,14.4,18.0,24.6%
20051,15.9,10.0,-37.1%
20053,14.1,20.1,43.0%
20059,15.2,20.0,31.4%
20061,16.2,21.1,29.8%
20073,15.2,18.9,24.9%
20075,17.2,13.0,-24.3%
20079,14.1,21.6,52.9%
20083,17.7,15.5,-12.3%
20085,13.2,16.6,25.2%
20087,16.6,20.2,21.8%
20089,13.7,23.5,71.2%
20091,15.5,20.3,30.9%
20093,24.5,1.0,-95.9%
20095,15.9,23.6,48.4%
20099,17.6,20.2,14.5%
20103,14.6,17.2,17.5%
20105,14.8,15.3,3.4%
20107,16.2,24.0,48.4%
20109,14.3,8.3,-41.9%
20111,14.8,13.7,-7.7%
20113,26.4,28.0,6.2%
20115,13.4,16.3,21.9%
20117,11.9,15.4,29.5%
20119,17.1,16.6,-2.8%
20121,15.8,23.3,47.0%
20123,14.4,15.6,8.2%
20125,15.6,17.7,13.5%
20127,14.3,13.4,-6.2%
20131,15.6,19.8,26.5%
20133,16.9,18.2,7.8%
20137,11.9,14.9,24.8%
20139,13.4,12.0,-10.7%
20141,14.6,14.2,-3.2%
20143,14.9,14.2,-4.5%
20145,18.5,13.0,-29.7%
20147,13.4,11.6,-13.3%
20149,15.8,23.3,47.2%
20155,13.5,18.4,36.3%
20157,14.1,17.4,23.1%
20159,14.0,12.9,-7.5%
20161,13.6,18.7,37.2%
20163,16.7,16.2,-3.2%
20165,17.1,11.0,-35.8%
20167,13.4,19.4,44.9%
20169,18.7,16.3,-12.7%
20173,13.3,15.6,17.2%
20177,14.4,17.4,20.8%
20191,15.9,17.9,12.5%
20195,17.3,17.0,-1.5%
20197,12.4,18.8,52.2%
20201,12.6,16.7,31.8%
20205,14.6,19.9,36.4%
20209,15.2,24.1,58.3%
21001,12.3,12.5,2.3%
21003,14.0,16.2,15.6%
21005,15.3,16.8,9.6%
21009,15.0,12.0,-20.0%
21011,12.2,14.7,21.1%
21013,15.6,16.9,8.5%
21017,13.6,17.5,28.8%
21025,15.1,15.7,4.0%
21029,16.8,17.3,3.3%
21031,15.7,14.9,-4.7%
21033,19.0,17.4,-8.5%
21043,14.7,20.2,37.9%
21051,13.8,16.3,18.5%
21061,14.6,14.7,0.7%
21071,13.7,14.5,5.8%
21073,14.8,17.7,19.5%
21077,14.8,18.8,26.4%
21079,14.5,16.4,13.3%
21085,15.9,4.6,-71.1%
21089,14.6,14.7,0.6%
21093,14.5,15.9,9.9%
21095,16.2,20.8,28.2%
21097,15.7,15.7,0.1%
21099,13.9,16.1,15.6%
21101,13.9,10.2,-26.8%
21105,18.2,14.7,-19.4%
21111,15.0,21.9,45.6%
21115,11.8,11.5,-2.3%
21117,12.5,14.9,18.9%
21119,14.2,8.2,-42.2%
21121,15.3,15.6,2.1%
21125,12.3,15.9,29.5%
21127,13.7,16.9,23.1%
21129,13.2,16.1,21.8%
21131,13.9,22.6,62.5%
21135,16.7,14.7,-11.9%
21141,14.2,14.1,-0.4%
21143,15.8,27.6,74.8%
21145,16.8,18.6,10.6%
21147,10.6,16.9,58.8%
21149,18.3,11.8,-35.2%
21151,13.6,16.6,21.9%
21177,17.3,10.2,-41.2%
21179,15.7,16.3,3.9%
21183,16.6,13.3,-20.1%
21185,9.6,15.5,61.3%
21189,15.6,16.4,5.5%
21191,14.2,17.8,25.0%
21195,15.5,18.4,19.1%
21197,19.6,15.5,-21.0%
21199,13.6,18.3,34.6%
21211,13.8,23.6,70.4%
21215,14.2,21.9,54.1%
21221,13.4,22.7,68.5%
21227,16.1,14.9,-7.1%
21231,14.4,16.8,17.1%
21233,15.5,13.2,-14.5%
21235,14.5,16.2,11.3%
22001,23.0,22.6,-1.9%
22003,22.1,16.7,-24.5%
22011,22.0,17.3,-21.5%
22019,24.3,20.6,-15.5%
22045,22.5,25.6,13.7%
22047,20.4,22.8,11.6%
22051,18.3,24.7,35.3%
22053,23.8,21.5,-9.6%
22065,22.1,27.8,25.7%
22067,14.9,23.0,54.4%
22077,18.5,24.0,29.7%
22097,21.8,393.4,1708.8%
22099,23.3,129.2,454.3%
22101,20.3,25.9,27.7%
22123,19.6,21.9,11.6%
23003,8.5,21.8,157.8%
23005,9.9,16.4,65.1%
23007,9.5,20.2,112.4%
23009,11.1,15.8,41.6%
23011,8.1,21.3,163.3%
23015,11.1,22.0,98.1%
23017,6.9,22.5,225.2%
23019,9.8,21.4,119.2%
23021,10.8,19.2,78.4%
23023,9.0,16.6,84.7%
23025,9.2,19.0,107.1%
23029,10.0,18.7,86.7%
23031,10.1,17.3,70.3%
24001,10.7,12.8,19.2%
24003,13.8,14.4,4.7%
24005,10.0,16.0,59.5%
24009,22.5,17.5,-22.0%
24011,13.7,14.9,8.4%
24013,11.0,12.1,10.1%
24015,18.1,17.3,-4.4%
24017,17.1,16.8,-1.8%
24019,13.6,18.5,35.8%
24021,13.9,12.0,-13.6%
24023,10.0,10.4,3.6%
24025,14.1,17.5,24.0%
24027,14.0,14.1,0.9%
24029,14.4,14.5,0.7%
24031,11.3,13.8,21.6%
24033,13.4,16.2,21.2%
24035,12.7,18.0,42.1%
24037,18.1,17.2,-5.1%
24039,14.8,19.1,29.2%
24043,12.0,13.4,11.3%
24045,16.4,19.9,21.2%
24047,14.8,22.3,50.4%
24510,13.2,20.5,54.6%
25001,11.1,23.6,113.3%
25003,11.2,15.5,38.4%
25009,17.6,17.3,-1.7%
25011,23.4,16.2,-31.1%
25013,13.4,14.4,6.9%
25015,12.8,14.8,16.2%
25017,11.9,14.4,21.0%
25023,16.0,23.7,47.4%
25025,18.8,17.3,-8.0%
25027,13.0,13.2,1.2%
26003,15.0,15.4,2.4%
26005,15.0,15.0,-0.2%
26007,9.3,11.7,25.5%
26011,9.3,13.4,44.4%
26019,9.5,15.6,64.1%
26021,12.0,20.9,73.8%
26025,11.5,21.3,85.4%
26031,8.1,16.9,109.1%
26033,7.3,14.4,98.2%
26041,7.9,12.7,60.1%
26043,6.9,11.9,71.6%
26055,8.5,12.8,50.5%
26061,8.9,11.9,33.7%
26063,10.1,13.9,38.0%
26069,9.9,10.5,6.2%
26077,11.0,19.0,72.7%
26083,8.9,16.1,80.9%
26089,14.0,18.6,32.6%
26091,9.4,16.2,73.0%
26095,6.9,4.8,-30.8%
26097,7.5,14.3,90.3%
26099,11.8,15.7,33.2%
26101,10.8,14.0,30.5%
26103,14.0,10.6,-24.0%
26109,8.3,16.4,97.5%
26115,13.6,17.5,28.9%
26121,9.1,17.1,88.7%
26123,11.9,16.2,35.7%
26131,8.1,8.9,8.9%
26139,10.3,14.9,45.0%
26145,12.1,18.0,48.4%
26147,9.5,16.6,75.0%
26151,9.5,12.2,28.0%
26153,6.8,15.9,135.1%
26159,17.3,7.2,-58.4%
26163,10.4,16.8,61.6%
27001,11.9,13.7,14.9%
27003,17.0,19.4,13.8%
27007,13.5,19.3,42.7%
27009,13.1,20.3,55.4%
27011,10.9,19.5,78.0%
27013,14.0,17.4,24.1%
27015,15.0,22.3,48.3%
27017,16.5,17.4,5.3%
27019,14.9,17.6,17.6%
27021,8.7,18.9,116.8%
27023,12.6,19.3,53.3%
27025,14.6,41.1,181.2%
27029,14.3,16.6,16.0%
27031,7.5,15.6,107.6%
27033,4.5,25.3,458.1%
27035,21.5,20.3,-5.5%
27037,21.4,19.0,-11.0%
27041,11.3,20.4,79.9%
27045,14.6,17.7,21.0%
27047,12.8,22.8,78.4%
27049,13.7,19.6,43.5%
27051,11.0,21.5,95.0%
27053,17.0,18.9,11.7%
27055,13.6,18.1,32.8%
27057,10.0,19.9,98.1%
27059,13.3,25.2,88.8%
27061,16.8,16.2,-3.9%
27063,7.2,18.4,154.3%
27065,11.0,16.6,50.9%
27069,7.8,12.4,59.8%
27071,10.4,10.8,4.1%
27073,10.3,23.8,131.2%
27075,8.4,19.4,132.5%
27077,2.6,14.3,445.5%
27079,12.8,23.6,84.2%
27081,9.4,23.5,149.2%
27085,15.1,20.1,32.9%
27089,6.0,14.9,148.0%
27091,13.9,29.2,109.3%
27093,9.0,18.7,108.0%
27097,10.5,19.9,89.3%
27099,12.4,18.4,48.0%
27103,12.9,16.9,31.4%
27105,18.9,20.4,7.6%
27109,15.3,17.1,11.4%
27111,9.8,21.2,115.3%
27115,12.0,16.5,38.0%
27117,13.1,19.2,46.2%
27119,10.8,16.0,48.5%
27121,12.3,22.6,84.4%
27123,15.0,17.9,19.4%
27127,15.4,16.5,7.3%
27129,13.6,18.6,37.2%
27135,8.8,16.3,85.1%
27137,11.1,15.8,41.7%
27139,17.8,19.2,7.5%
27141,23.0,20.9,-8.9%
27145,12.3,17.9,45.0%
27147,11.7,19.6,68.3%
27149,10.4,21.4,105.9%
27151,11.0,21.8,97.4%
27155,12.2,14.5,19.0%
27159,9.6,17.1,77.7%
27161,15.0,19.0,26.8%
27163,15.5,19.3,24.8%
27167,14.5,15.2,5.1%
27169,14.4,15.9,10.9%
27171,11.0,20.2,84.0%
27173,9.1,19.5,115.1%
28001,21.4,24.8,16.1%
28007,26.5,16.3,-38.4%
28019,24.6,13.6,-44.6%
28021,19.2,13.4,-30.1%
28023,24.6,19.4,-20.9%
28029,20.0,23.1,15.4%
28045,28.0,27.1,-3.1%
28047,25.9,27.2,5.3%
28049,20.0,16.0,-19.7%
28059,25.5,27.8,8.9%
28063,27.2,18.4,-32.3%
28073,22.9,26.0,13.4%
28083,18.6,27.0,45.3%
28085,21.7,22.4,3.2%
28089,22.4,24.4,9.0%
28109,23.9,22.8,-4.5%
28121,26.3,25.1,-4.5%
28131,24.3,26.5,9.0%
28141,17.5,14.6,-16.4%
28149,17.7,20.2,13.9%
28151,18.0,24.1,34.1%
28157,23.2,27.2,17.0%
29003,11.2,27.7,147.6%
29009,18.2,25.1,38.2%
29011,20.9,19.1,-8.2%
29013,17.9,27.2,51.7%
29035,17.3,17.4,0.8%
29041,12.8,22.9,79.3%
29045,16.9,17.7,4.9%
29051,14.6,25.4,74.1%
29053,13.6,15.5,13.9%
29055,12.1,20.3,68.1%
29059,13.7,18.4,34.3%
29063,19.3,19.7,2.0%
29065,15.0,18.4,22.9%
29069,17.3,21.3,23.2%
29077,17.0,26.6,56.0%
29087,11.9,18.3,53.5%
29093,10.2,21.0,106.3%
29095,15.3,24.8,62.7%
29097,15.8,21.7,37.6%
29099,13.8,24.0,74.0%
29113,7.8,24.6,213.6%
29119,15.0,15.7,5.0%
29121,13.3,20.6,55.2%
29123,8.5,19.1,125.2%
29127,11.8,17.0,43.7%
29139,13.7,24.7,79.9%
29145,15.7,19.0,21.5%
29153,17.0,24.7,45.6%
29161,18.5,27.0,45.3%
29165,13.3,24.8,87.1%
29173,19.0,22.1,16.1%
29175,10.1,13.1,30.5%
29179,19.1,17.9,-6.3%
29181,15.5,17.0,9.7%
29189,16.9,24.8,46.8%
29203,16.1,17.8,10.2%
29207,16.1,22.1,37.1%
29209,14.4,26.1,80.5%
29213,13.9,21.3,52.8%
29223,16.9,25.0,48.1%
29510,12.3,21.1,72.3%
30001,7.4,17.2,133.4%
30003,10.1,11.3,11.9%
30005,8.0,14.4,80.9%
30007,6.8,12.4,82.2%
30009,13.3,21.3,60.4%
30013,7.4,11.8,58.9%
30015,9.5,17.1,80.3%
30023,4.0,10.5,162.2%
30027,10.0,24.3,143.1%
30029,6.7,13.1,95.3%
30031,10.2,12.9,27.4%
30033,18.4,16.2,-11.9%
30035,6.7,11.6,73.2%
30039,10.0,9.3,-7.4%
30041,8.6,15.9,84.3%
30043,10.0,11.0,9.7%
30047,8.9,20.0,123.6%
30049,7.4,9.8,31.2%
30053,7.3,9.9,36.0%
30055,13.9,15.0,8.2%
30057,8.6,13.0,51.5%
30061,8.6,20.1,133.1%
30063,10.1,12.3,22.8%
30067,1.8,18.2,938.8%
30069,8.9,19.7,121.7%
30071,8.2,15.9,94.0%
30073,5.5,13.8,153.5%
30075,13.0,13.2,1.8%
30077,9.7,13.5,40.0%
30081,9.9,12.7,29.1%
30083,11.9,18.6,57.2%
30085,10.0,21.9,119.3%
30087,9.0,12.7,41.3%
30089,5.3,12.4,132.6%
30091,9.5,17.1,80.7%
30095,9.2,16.9,83.0%
30097,6.2,19.7,215.5%
30099,10.8,17.8,64.0%
30101,13.8,18.1,30.5%
30105,8.5,20.9,144.8%
30111,9.3,21.9,136.8%
31017,13.0,16.7,28.0%
31019,14.0,12.7,-9.2%
31025,13.8,17.6,28.2%
31031,14.3,21.0,47.6%
31039,11.3,15.2,35.3%
31047,14.6,12.2,-16.6%
31053,9.9,15.1,52.5%
31055,14.4,21.7,50.3%
31057,13.6,13.6,0.1%
31067,12.1,22.8,88.4%
31069,12.4,12.7,1.7%
31083,11.0,21.4,93.8%
31087,19.3,12.9,-33.4%
31089,16.0,13.6,-15.0%
31093,16.1,14.3,-11.4%
31095,16.0,23.0,43.5%
31101,12.9,16.7,30.0%
31103,10.0,23.2,132.6%
31107,13.8,14.9,8.0%
31109,10.9,22.5,105.9%
31111,16.1,17.0,5.4%
31119,12.1,12.3,2.0%
31121,11.0,12.7,15.1%
31125,10.3,14.5,41.0%
31127,12.6,14.9,18.0%
31129,11.2,18.6,67.0%
31131,16.2,3.2,-80.4%
31141,11.6,14.7,26.4%
31147,11.8,18.2,53.8%
31151,11.4,22.6,97.3%
31153,12.9,22.3,73.5%
31157,10.7,13.6,27.2%
31159,9.7,22.2,128.3%
31161,18.0,12.6,-30.0%
31163,20.3,21.1,4.3%
31171,11.0,12.3,11.9%
31181,15.1,21.0,39.0%
32001,30.4,19.3,-36.5%
32003,22.4,27.8,23.9%
32005,6.9,15.3,121.3%
32007,9.1,16.0,75.2%
32009,8.0,14.5,80.6%
32011,10.9,17.9,64.0%
32013,11.2,16.2,44.2%
32015,14.6,14.6,-0.1%
32019,14.0,18.6,33.0%
32021,14.7,15.7,6.6%
32023,18.0,14.1,-21.7%
32027,12.0,16.0,33.3%
32031,11.4,14.8,29.8%
32510,8.1,17.5,117.7%
33001,11.8,23.1,95.0%
33003,5.9,24.7,319.8%
33005,13.4,21.3,59.7%
33007,6.1,19.0,212.0%
33009,7.9,21.6,174.3%
33011,11.2,23.2,107.4%
33013,10.2,22.0,115.0%
33015,10.8,17.9,66.1%
33017,11.9,20.0,67.5%
33019,16.1,18.6,16.1%
34001,16.8,13.7,-18.7%
34003,13.4,9.9,-26.1%
34005,14.5,12.3,-15.1%
34007,15.5,13.9,-10.0%
34009,16.6,14.4,-13.7%
34011,15.8,14.9,-5.6%
34013,17.9,16.5,-7.6%
34015,15.2,16.7,9.8%
34019,10.9,13.9,27.2%
34021,14.9,10.4,-30.3%
34023,13.0,14.0,8.2%
34025,14.4,14.3,-0.5%
34027,12.6,14.5,15.2%
34029,13.8,20.9,51.0%
34031,15.3,13.8,-9.7%
34033,15.4,16.1,4.3%
34035,12.5,14.1,13.1%
34037,11.5,14.5,25.7%
34039,14.4,18.1,25.8%
34041,10.9,14.1,29.4%
35001,17.0,11.7,-31.2%
35005,20.4,19.2,-5.7%
35006,17.5,15.3,-12.4%
35013,25.5,18.7,-26.4%
35027,21.7,16.0,-26.2%
35035,19.5,16.2,-16.9%
35039,12.0,13.9,15.5%
35043,14.5,8.5,-41.3%
35045,14.2,12.2,-13.9%
35049,15.1,13.0,-14.1%
35051,12.9,12.3,-5.0%
35055,13.1,7.5,-42.6%
35061,12.2,20.8,70.7%
36001,12.8,19.6,53.0%
36019,12.7,16.8,32.2%
36029,18.8,19.1,1.5%
36043,5.1,18.4,260.1%
36045,10.7,18.3,71.8%
36055,20.3,12.9,-36.4%
36059,14.4,22.8,58.2%
36063,15.8,14.9,-5.5%
36067,34.0,16.7,-50.8%
36075,13.2,16.0,21.0%
36083,2.6,14.3,451.1%
36089,8.3,10.9,31.5%
36091,2.8,16.5,487.9%
36111,8.2,17.2,109.5%
36115,2.6,17.0,553.7%
36119,17.9,22.4,25.1%
37013,10.4,18.7,80.1%
37017,16.3,19.6,19.8%
37037,17.2,19.2,12.0%
37049,15.0,19.8,32.3%
37059,12.8,17.3,34.5%
37063,9.0,17.2,91.8%
37065,14.8,18.7,26.9%
37073,17.8,20.0,12.6%
37077,9.0,18.6,107.0%
37079,14.3,17.9,25.0%
37083,14.5,19.2,32.4%
37085,12.5,17.4,38.9%
37087,12.0,16.6,38.1%
37091,16.7,17.7,5.7%
37101,10.6,18.4,73.3%
37105,14.6,17.9,22.5%
37107,14.9,19.1,28.3%
37119,17.2,23.4,36.2%
37123,9.8,17.8,82.0%
37131,15.5,17.5,12.6%
37135,9.5,17.2,81.4%
37145,17.5,18.3,4.7%
37147,14.8,18.1,21.9%
37153,15.7,17.5,11.7%
37157,9.9,18.7,88.7%
37183,12.2,18.0,47.7%
38003,9.2,18.7,103.8%
38005,10.0,10.4,4.1%
38007,7.2,23.2,220.3%
38011,9.8,20.8,111.2%
38013,7.0,15.4,120.3%
38015,8.9,12.2,36.6%
38017,8.4,12.7,50.8%
38025,8.0,18.7,134.7%
38027,9.9,10.8,9.8%
38029,10.5,18.6,76.9%
38031,10.2,11.6,13.8%
38035,13.6,14.0,2.8%
38037,6.6,13.2,98.6%
38039,8.3,16.6,101.1%
38045,10.2,14.0,37.7%
38049,11.7,18.9,61.0%
38053,11.4,18.2,59.8%
38055,7.9,15.3,92.9%
38057,5.7,14.1,149.8%
38059,7.5,12.2,63.8%
38061,6.3,20.0,215.6%
38071,13.3,10.3,-22.7%
38073,9.3,13.2,42.3%
38077,8.8,15.7,79.4%
38089,11.6,13.4,15.3%
38091,6.4,14.4,127.0%
38093,10.7,18.6,74.0%
38097,8.8,0.3,-97.0%
38099,9.9,16.0,60.9%
38101,10.6,16.2,52.8%
38105,9.4,20.1,112.9%
39003,22.0,12.0,-45.5%
39009,21.3,17.1,-19.7%
39011,22.3,14.6,-34.4%
39013,20.7,15.6,-24.8%
39015,22.0,20.2,-8.3%
39017,15.8,17.4,10.7%
39019,14.6,11.3,-22.7%
39023,20.0,13.4,-33.0%
39025,18.7,20.7,10.6%
39027,22.5,20.3,-9.7%
39029,19.0,12.9,-32.1%
39031,21.5,15.2,-29.1%
39033,18.5,14.8,-19.8%
39035,20.5,15.3,-25.5%
39039,24.3,20.3,-16.4%
39041,20.0,21.4,7.0%
39045,24.0,14.1,-41.1%
39047,28.3,13.2,-53.4%
39049,15.3,14.4,-6.4%
39053,21.4,8.3,-61.1%
39057,19.5,12.6,-35.6%
39059,22.2,20.4,-7.9%
39061,14.0,15.8,13.0%
39067,22.5,19.0,-15.7%
39069,25.0,20.5,-17.9%
39071,22.0,20.1,-8.5%
39073,19.8,14.7,-25.8%
39075,20.0,13.5,-32.6%
39079,21.7,15.6,-28.2%
39081,18.8,15.7,-16.8%
39083,20.0,12.0,-40.0%
39085,11.3,20.2,78.5%
39087,18.3,10.9,-40.1%
39089,16.8,12.6,-25.4%
39093,22.0,20.6,-6.4%
39095,17.7,21.5,21.3%
39097,23.0,16.2,-29.7%
39099,19.0,20.4,7.3%
39101,24.5,12.0,-51.2%
39105,24.3,13.6,-44.0%
39107,24.0,16.0,-33.3%
39109,17.4,13.6,-22.2%
39113,13.2,15.2,15.4%
39115,21.0,11.7,-44.3%
39117,24.5,11.3,-53.9%
39119,21.6,14.5,-33.1%
39121,19.6,21.5,9.7%
39123,16.0,19.9,24.3%
39125,31.0,21.5,-30.5%
39127,22.3,13.2,-41.0%
39131,23.0,15.6,-32.3%
39141,20.1,16.5,-17.7%
39143,22.0,20.4,-7.3%
39145,19.7,14.1,-28.3%
39149,25.0,12.0,-52.2%
39151,22.0,9.3,-57.8%
39153,20.0,16.0,-19.9%
39157,18.7,20.3,8.9%
39159,25.5,21.2,-17.0%
39163,18.1,14.1,-22.1%
39165,21.3,17.5,-17.6%
39167,15.4,18.7,21.5%
39171,22.0,15.4,-30.1%
39175,20.5,14.3,-30.1%
40003,9.0,23.8,165.2%
40005,10.1,14.2,39.9%
40007,14.0,17.2,22.7%
40011,17.0,18.8,10.4%
40015,13.7,14.2,3.8%
40017,18.4,18.6,1.1%
40021,14.9,20.6,37.9%
40023,4.0,14.7,268.3%
40027,19.5,11.9,-39.1%
40029,16.7,14.8,-11.0%
40035,17.8,16.7,-6.6%
40041,19.8,17.0,-13.9%
40043,18.2,20.2,11.4%
40059,16.2,17.2,6.2%
40063,19.8,17.0,-14.1%
40071,11.2,20.1,80.0%
40079,17.0,17.1,1.0%
40081,19.8,19.7,-0.7%
40083,14.2,22.6,59.8%
40091,20.9,16.9,-19.1%
40093,13.5,17.7,31.2%
40105,26.0,18.0,-30.9%
40107,18.8,17.3,-7.8%
40109,18.9,19.6,3.9%
40111,16.9,19.0,12.5%
40113,19.5,20.7,6.1%
40115,21.1,16.5,-21.8%
40117,16.8,24.1,44.0%
40119,17.0,22.9,34.8%
40125,18.9,16.1,-14.8%
40133,18.1,13.4,-26.1%
40135,11.7,20.8,77.3%
40139,17.0,17.0,-0.2%
40143,10.8,18.0,66.9%
40145,17.7,17.3,-2.2%
40147,18.4,15.8,-14.0%
40153,15.5,17.7,14.2%
41001,10.4,9.8,-6.0%
41003,13.3,13.0,-2.1%
41005,14.3,11.0,-23.4%
41007,14.3,11.6,-19.2%
41009,18.0,11.6,-35.7%
41011,11.6,14.4,24.0%
41013,12.4,13.0,5.1%
41015,11.0,11.7,6.9%
41017,9.4,10.1,7.1%
41019,13.4,11.8,-11.5%
41023,9.0,12.6,40.4%
41025,7.7,14.8,93.5%
41027,6.3,10.9,73.2%
41029,11.2,15.1,34.5%
41031,8.5,11.2,32.3%
41033,10.4,9.9,-4.6%
41035,8.9,9.2,4.0%
41037,6.2,11.9,92.2%
41039,12.9,10.5,-18.2%
41041,15.0,12.3,-18.1%
41043,12.2,13.2,8.4%
41045,12.8,13.9,8.9%
41047,15.0,12.2,-18.7%
41051,13.7,14.4,5.3%
41053,13.5,12.3,-8.6%
41057,13.4,12.4,-7.5%
41059,12.9,14.2,10.5%
41061,12.7,11.4,-10.8%
41063,4.7,11.1,138.6%
41065,11.1,14.3,29.3%
41067,13.8,11.8,-14.3%
41069,9.8,12.8,30.6%
41071,14.7,12.0,-18.0%
42003,12.4,15.4,24.7%
42007,14.0,14.8,5.4%
42009,9.2,15.5,69.1%
42011,13.8,12.4,-9.8%
42015,23.3,15.1,-35.3%
42017,14.1,18.4,31.2%
42025,9.6,10.9,13.3%
42029,12.7,13.8,9.2%
42033,23.0,17.5,-23.8%
42035,9.8,13.8,41.8%
42037,17.5,10.1,-42.0%
42043,12.9,11.1,-13.7%
42045,15.7,17.3,10.0%
42051,11.6,14.2,23.0%
42069,20.7,16.6,-19.6%
42071,12.9,16.7,29.0%
42075,10.5,8.5,-19.0%
42079,20.7,10.5,-49.1%
42089,5.2,14.6,178.6%
42091,10.3,14.4,39.6%
42093,13.0,9.7,-25.8%
42095,14.3,16.6,16.4%
42097,21.8,9.8,-55.0%
42099,14.5,14.2,-2.3%
42101,14.9,18.0,20.8%
42103,12.2,14.9,22.5%
42127,22.0,14.0,-36.5%
42131,26.8,13.4,-50.0%
44007,10.8,28.1,159.9%
44009,11.6,24.9,115.6%
45003,16.7,19.9,19.2%
45007,10.0,19.2,91.7%
45013,21.9,13.4,-38.9%
45015,18.4,20.8,13.2%
45035,22.0,18.6,-15.5%
45041,14.0,17.7,26.7%
45049,17.8,20.7,16.7%
45053,17.4,16.6,-4.8%
45067,20.5,16.9,-17.8%
45073,14.6,18.1,24.3%
45075,25.2,18.8,-25.5%
45089,15.1,16.3,8.2%
46005,12.8,11.6,-8.9%
46009,4.8,21.2,345.9%
46011,11.4,20.3,78.6%
46013,17.0,13.4,-21.4%
46017,9.4,17.6,88.2%
46019,11.7,13.0,10.7%
46021,8.5,15.9,87.4%
46023,10.8,14.4,33.9%
46027,11.1,16.1,44.5%
46029,9.4,14.5,55.2%
46031,8.2,10.0,21.6%
46033,10.8,14.0,29.9%
46035,12.6,14.0,11.1%
46037,12.0,22.7,89.1%
46039,9.9,21.8,118.7%
46041,9.9,14.2,44.6%
46047,14.9,17.2,15.2%
46051,11.1,16.1,44.3%
46053,24.6,15.8,-35.8%
46055,13.7,12.5,-8.3%
46057,9.4,19.1,102.5%
46061,13.9,13.5,-2.8%
46063,11.4,14.9,30.7%
46065,23.4,15.3,-34.3%
46067,11.3,15.3,34.9%
46069,28.0,26.7,-4.6%
46071,11.3,14.4,28.1%
46079,10.0,25.5,155.3%
46081,8.9,7.8,-12.5%
46083,10.9,15.1,39.2%
46085,10.2,16.9,66.5%
46087,10.2,11.9,16.8%
46091,10.0,22.0,119.8%
46093,11.5,9.8,-14.5%
46095,13.9,7.7,-44.4%
46099,11.9,17.9,50.2%
46101,12.7,15.2,18.9%
46103,9.5,13.0,36.6%
46105,11.3,10.3,-9.1%
46109,8.6,20.6,140.1%
46113,13.6,7.5,-45.0%
46115,10.3,10.9,5.6%
46117,12.2,18.6,52.2%
46123,13.0,18.7,43.4%
46125,13.2,15.2,14.7%
46127,10.4,17.4,66.9%
46135,13.5,17.9,32.8%
46137,17.0,11.5,-32.5%
47001,14.0,16.1,15.0%
47005,22.0,15.8,-28.0%
47009,12.0,18.1,50.0%
47011,4.0,15.7,292.0%
47013,13.8,13.5,-2.0%
47015,4.0,15.3,282.8%
47019,15.7,11.3,-27.8%
47021,13.5,20.1,48.2%
47025,9.5,14.7,54.9%
47031,16.5,16.0,-3.3%
47035,8.7,12.7,46.0%
47037,10.8,20.8,93.8%
47045,17.2,14.6,-15.2%
47049,6.4,22.0,245.4%
47061,8.3,13.9,68.2%
47065,6.6,19.4,195.9%
47069,17.7,18.4,3.9%
47071,18.8,15.6,-17.1%
47073,8.5,13.1,54.2%
47079,18.5,18.3,-0.9%
47081,17.5,10.0,-42.7%
47083,9.0,16.7,86.1%
47085,17.0,19.6,15.3%
47087,13.6,20.0,47.3%
47093,12.4,20.0,60.6%
47097,17.3,15.1,-12.5%
47099,10.7,11.2,5.0%
47103,17.0,19.8,16.4%
47105,15.3,18.0,17.4%
47107,13.2,16.4,24.7%
47115,10.8,19.7,82.2%
47119,14.9,17.5,16.8%
47121,14.7,18.3,24.6%
47125,18.9,21.4,13.5%
47129,8.1,14.6,80.5%
47131,17.4,13.4,-23.5%
47137,3.7,16.1,334.1%
47139,3.5,13.0,270.2%
47143,17.2,9.8,-43.2%
47145,9.6,16.8,73.8%
47147,17.6,16.9,-4.0%
47149,11.5,18.1,57.2%
47151,11.8,16.9,43.0%
47155,18.0,16.0,-11.0%
47157,16.8,17.8,6.0%
47159,14.0,20.0,43.3%
47163,15.9,14.5,-9.0%
47179,16.8,14.2,-15.0%
47183,16.9,15.2,-10.1%
47187,4.0,15.5,288.1%
48029,22.1,23.0,3.8%
48141,21.7,13.3,-38.6%
48199,20.9,23.5,12.7%
48245,21.3,21.4,0.8%
48291,19.0,23.9,25.3%
48299,24.4,27.0,10.7%
48309,19.6,28.8,46.6%
48373,20.3,16.5,-18.9%
49003,12.3,21.4,73.1%
49005,9.7,10.1,3.9%
49007,10.2,5.1,-50.3%
49009,10.0,9.5,-5.3%
49011,13.2,10.8,-18.2%
49013,7.9,16.9,112.9%
49015,11.2,6.3,-43.5%
49017,10.2,12.5,23.2%
49019,16.1,9.0,-44.1%
49021,12.9,14.3,11.3%
49023,13.0,16.8,29.2%
49025,11.9,13.6,13.9%
49031,11.4,10.3,-10.2%
49033,10.9,12.5,14.5%
49035,13.1,11.8,-9.8%
49037,15.7,10.3,-34.9%
49041,10.1,5.5,-45.0%
49043,7.6,11.4,50.5%
49045,12.8,15.8,23.3%
49047,13.7,13.1,-4.7%
49049,12.5,14.0,11.9%
49051,8.9,10.0,12.3%
49053,14.9,13.1,-12.6%
49055,10.9,10.2,-6.6%
49057,12.9,15.8,22.8%
50001,8.1,14.6,80.6%
50003,12.3,12.7,3.1%
50005,6.2,13.8,120.7%
50007,12.0,14.9,24.2%
50009,12.4,13.5,9.3%
50011,9.2,12.0,29.6%
50015,12.0,9.9,-17.1%
50017,9.2,13.2,43.4%
50019,9.9,9.3,-6.2%
50021,10.1,11.9,17.5%
50023,8.7,12.4,43.1%
50025,13.2,12.6,-4.7%
50027,8.8,16.1,82.6%
51001,16.5,18.6,12.8%
51003,14.1,15.5,9.6%
51005,13.0,15.1,16.1%
51007,12.9,15.0,16.3%
51009,13.8,18.3,32.5%
51011,13.0,14.2,9.4%
51013,13.6,15.6,14.9%
51015,12.0,13.6,12.9%
51017,14.4,13.9,-3.6%
51019,13.9,17.6,26.8%
51023,13.9,15.7,12.7%
51025,19.4,14.7,-24.2%
51027,19.0,12.3,-35.2%
51031,12.2,15.8,30.0%
51033,11.6,14.7,26.5%
51035,14.6,13.8,-5.3%
51036,20.0,20.7,3.8%
51037,15.6,13.1,-16.0%
51041,16.6,19.0,14.8%
51043,16.0,15.7,-1.9%
51045,11.6,16.6,42.9%
51047,13.7,14.8,8.2%
51049,15.1,16.2,7.2%
51051,18.4,13.7,-25.4%
51053,16.6,16.5,-0.4%
51057,10.8,16.4,50.8%
51059,14.1,15.7,12.0%
51061,12.6,13.3,5.4%
51065,17.6,14.7,-16.0%
51067,13.7,15.8,14.9%
51069,14.0,13.8,-1.9%
51071,14.3,14.1,-1.1%
51073,15.5,15.8,2.0%
51075,16.7,14.4,-13.5%
51077,14.0,11.3,-19.4%
51079,10.0,14.9,49.5%
51083,17.0,15.3,-9.7%
51085,15.5,15.1,-2.7%
51087,18.2,17.8,-2.4%
51089,14.5,11.8,-18.4%
51093,15.6,16.2,4.1%
51095,19.4,26.6,37.3%
51097,18.0,15.7,-12.8%
51099,14.7,17.1,16.7%
51101,16.0,17.3,8.4%
51103,16.8,18.5,9.8%
51105,16.7,13.8,-17.8%
51107,9.9,14.6,47.5%
51109,20.3,17.0,-15.8%
51113,10.1,14.2,40.4%
51115,18.5,18.5,0.2%
51117,16.9,18.1,6.6%
51119,16.9,17.7,4.4%
51121,14.8,14.5,-2.5%
51125,17.2,15.1,-12.7%
51127,16.0,18.0,12.8%
51131,18.2,20.0,10.3%
51133,17.7,21.6,21.9%
51137,7.6,14.9,96.2%
51139,10.5,14.8,40.8%
51141,14.9,12.8,-13.8%
51143,14.1,15.2,7.9%
51147,14.8,16.0,7.8%
51149,20.1,14.4,-28.2%
51153,9.7,15.2,56.3%
51155,13.6,17.1,25.8%
51157,11.3,12.5,11.0%
51159,16.3,16.7,2.9%
51161,16.5,15.3,-7.5%
51163,14.8,12.8,-13.5%
51165,12.3,13.9,13.7%
51167,14.3,13.5,-5.9%
51169,14.6,13.0,-11.2%
51171,14.4,14.1,-2.1%
51173,14.0,11.8,-15.9%
51175,17.3,15.8,-8.5%
51177,17.9,15.6,-12.8%
51179,15.2,17.9,18.2%
51181,17.9,19.0,6.1%
51183,16.6,15.1,-8.9%
51185,13.3,12.8,-4.0%
51187,13.2,12.9,-2.1%
51191,11.8,14.0,18.8%
51193,16.2,19.3,19.1%
51195,14.2,16.2,13.7%
51197,15.2,16.3,7.6%
51199,15.9,21.4,34.6%
51510,15.4,19.1,24.6%
51520,14.5,12.3,-15.4%
51550,18.0,19.4,7.9%
51570,15.7,17.6,12.3%
51580,11.7,15.8,35.3%
51590,16.5,11.0,-33.3%
51595,16.5,16.1,-2.4%
51630,10.3,18.2,76.7%
51650,15.8,20.3,28.6%
51670,18.7,14.3,-23.6%
51700,14.8,17.2,16.5%
51710,14.3,15.8,10.8%
51730,15.2,17.8,17.1%
51735,6.9,18.9,172.6%
51740,15.4,14.0,-8.6%
51750,12.5,17.7,41.1%
51760,16.9,18.2,7.8%
51770,16.7,15.4,-7.7%
51775,16.7,15.4,-8.0%
51800,16.5,18.2,10.6%
51810,18.4,21.7,17.8%
51820,13.4,13.8,3.4%
53001,18.7,13.8,-26.3%
53005,18.8,16.1,-14.7%
53021,19.6,15.5,-20.7%
53025,18.8,13.5,-28.4%
53037,15.1,15.7,3.9%
53043,14.1,10.5,-25.8%
53045,7.3,14.9,102.2%
53047,5.7,16.1,184.8%
53049,13.6,10.1,-25.6%
53051,8.5,10.5,23.7%
53053,13.2,9.5,-27.8%
53057,8.0,9.2,14.3%
53063,13.3,12.8,-3.6%
53065,9.4,11.0,17.0%
53067,8.5,7.7,-10.2%
53071,17.8,14.6,-18.0%
53077,18.3,11.3,-38.1%
54003,10.2,14.4,40.7%
54027,17.1,14.5,-15.1%
54029,15.5,15.5,-0.1%
54037,11.8,14.4,21.4%
54053,15.5,15.4,-0.7%
54057,13.2,13.1,-0.6%
54059,16.1,16.6,2.9%
54061,16.3,17.8,9.6%
54065,10.4,14.9,43.3%
54073,16.6,17.0,2.7%
54077,11.2,16.2,44.1%
54079,17.8,17.1,-4.0%
54099,15.0,17.3,15.7%
54107,17.4,18.5,6.1%
55001,9.6,17.5,82.1%
55003,14.8,15.4,4.0%
55007,7.9,13.7,73.2%
55009,18.1,14.2,-21.4%
55013,12.3,22.0,79.3%
55015,15.0,18.5,23.6%
55017,11.9,18.7,56.4%
55019,9.4,12.5,33.4%
55023,8.4,13.1,55.1%
55025,13.3,14.5,8.7%
55027,3.0,20.9,596.9%
55031,9.0,17.3,92.1%
55033,8.8,14.5,64.7%
55037,10.1,14.1,40.7%
55039,25.7,15.4,-39.9%
55041,9.8,10.1,3.2%
55043,10.3,15.8,52.9%
55045,9.8,14.2,44.9%
55047,16.0,16.4,2.7%
55051,11.0,13.2,19.6%
55055,11.5,17.3,50.0%
55057,9.9,15.8,58.7%
55059,22.0,15.7,-28.8%
55063,13.8,17.9,30.1%
55065,7.8,19.7,152.4%
55067,9.4,14.8,57.8%
55069,13.9,13.6,-2.5%
55071,16.1,16.6,2.9%
55073,11.2,16.3,45.8%
55075,12.5,14.0,11.9%
55078,11.2,21.3,89.8%
55079,14.7,18.3,24.6%
55083,10.5,16.5,57.8%
55085,10.8,16.0,49.2%
55087,14.5,17.5,20.7%
55089,20.2,17.9,-11.1%
55091,9.7,13.5,38.5%
55093,6.5,15.1,132.5%
55095,16.6,19.5,17.9%
55097,9.2,16.4,78.8%
55105,12.2,19.3,58.1%
55107,10.0,18.8,88.1%
55109,7.5,17.3,130.8%
55111,12.5,16.3,29.8%
55113,12.5,18.2,44.9%
55115,9.6,17.0,77.6%
55117,22.5,18.0,-20.2%
55121,12.3,14.9,21.2%
55123,10.8,16.0,48.6%
55125,12.5,17.4,39.1%
55127,13.8,24.8,80.1%
55129,13.8,10.1,-26.6%
55133,12.0,17.0,41.2%
55135,8.3,17.8,115.5%
55141,8.7,17.1,97.1%
56015,11.7,13.9,18.9%
56023,7.7,13.6,76.9%
56037,10.4,13.6,30.7%
56039,9.4,13.1,39.6%
56041,6.5,5.6,-13.9%
60010,24.8,25.3,2.0%
66010,27.6,28.4,3.1%
69110,28.1,28.5,1.4%
78010,26.2,28.8,9.8%
